GEOID,NAME,B17001_001E,B17001_001M,B17001_002E,B17001_002M,B17001_003E,B17001_003M,B17001_004E,B17001_004M,B17001_005E,B17001_005M,B17001_006E,B17001_006M,B17001_007E,B17001_007M,B17001_008E,B17001_008M,B17001_009E,B17001_009M,B17001_010E,B17001_010M,B17001_011E,B17001_011M,B17001_012E,B17001_012M,B17001_013E,B17001_013M,B17001_014E,B17001_014M,B17001_015E,B17001_015M,B17001_016E,B17001_016M,B17001_017E,B17001_017M,B17001_018E,B17001_018M,B17001_019E,B17001_019M,B17001_020E,B17001_020M,B17001_021E,B17001_021M,B17001_022E,B17001_022M,B17001_023E,B17001_023M,B17001_024E,B17001_024M,B17001_025E,B17001_025M,B17001_026E,B17001_026M,B17001_027E,B17001_027M,B17001_028E,B17001_028M,B17001_029E,B17001_029M,B17001_030E,B17001_030M,B17001_031E,B17001_031M,B17001_032E,B17001_032M,B17001_033E,B17001_033M,B17001_034E,B17001_034M,B17001_035E,B17001_035M,B17001_036E,B17001_036M,B17001_037E,B17001_037M,B17001_038E,B17001_038M,B17001_039E,B17001_039M,B17001_040E,B17001_040M,B17001_041E,B17001_041M,B17001_042E,B17001_042M,B17001_043E,B17001_043M,B17001_044E,B17001_044M,B17001_045E,B17001_045M,B17001_046E,B17001_046M,B17001_047E,B17001_047M,B17001_048E,B17001_048M,B17001_049E,B17001_049M,B17001_050E,B17001_050M,B17001_051E,B17001_051M,B17001_052E,B17001_052M,B17001_053E,B17001_053M,B17001_054E,B17001_054M,B17001_055E,B17001_055M,B17001_056E,B17001_056M,B17001_057E,B17001_057M,B17001_058E,B17001_058M,B17001_059E,B17001_059M
05001480100,Census Tract 4801; Arkansas County; Arkansas,1096,198,149,74,69,41,0,13,0,13,6,8,7,10,0,13,0,13,0,13,3,6,0,13,0,13,29,32,12,13,12,13,80,43,4,6,0,13,0,13,28,29,0,13,0,13,0,13,17,24,5,8,9,12,2,3,6,9,9,11,947,203,530,132,8,9,10,15,34,29,37,27,49,47,0,13,22,29,32,25,27,20,84,39,62,40,98,51,67,40,417,92,3,5,10,16,29,19,16,16,6,11,10,16,29,23,30,26,55,37,56,31,75,37,62,38,36,24
05001480200,Census Tract 4802; Arkansas County; Arkansas,1494,261,118,76,39,36,0,13,0,13,4,10,0,13,0,13,0,13,0,13,11,16,0,13,3,7,16,20,5,9,0,13,79,53,0,13,0,13,0,13,0,13,0,13,0,13,13,21,13,19,17,21,3,5,10,12,9,12,14,20,1376,262,730,160,68,63,47,20,45,40,59,54,0,13,7,14,14,16,110,51,112,63,81,32,86,46,58,35,43,30,646,132,30,14,9,15,73,38,15,18,22,32,0,13,38,28,82,46,79,51,90,33,75,37,97,39,36,33
05001480300,Census Tract 4803; Arkansas County; Arkansas,2864,454,540,244,221,123,0,13,30,48,16,28,0,13,0,13,0,13,0,13,20,34,0,13,85,81,49,48,21,26,0,13,319,191,16,23,0,13,71,137,42,67,0,13,0,13,0,13,40,47,16,26,0,13,60,56,33,30,41,45,2324,429,1117,233,190,109,0,13,70,113,4,10,0,13,0,13,33,39,209,101,185,72,126,53,96,68,84,44,120,62,1207,266,155,84,0,13,119,94,28,28,39,44,32,38,44,52,162,84,195,92,127,59,65,47,119,52,122,55
05001480400,Census Tract 4804; Arkansas County; Arkansas,2034,345,504,257,191,117,10,16,34,48,23,33,0,13,0,13,0,13,0,13,0,13,28,31,5,10,20,21,71,58,0,13,313,160,32,40,0,13,0,13,0,13,0,13,0,13,21,28,77,80,0,13,18,29,67,67,76,64,22,26,1530,318,701,182,59,55,0,13,151,85,0,13,0,13,0,13,55,48,74,65,105,80,46,34,47,41,135,59,29,44,829,188,15,21,0,13,92,91,99,108,0,13,7,13,88,83,151,75,13,16,54,62,119,56,159,72,32,33
05001480500,Census Tract 4805; Arkansas County; Arkansas,3554,458,375,156,187,106,0,13,11,19,12,18,10,19,0,13,0,13,98,67,30,47,13,30,0,13,0,13,7,13,6,11,188,123,0,13,0,13,0,13,0,13,0,13,0,13,0,13,27,36,117,115,20,28,0,13,0,13,24,26,3179,399,1648,316,149,88,24,42,94,105,46,56,0,13,67,63,270,107,137,82,202,113,243,95,199,77,102,51,115,60,1531,266,62,79,17,29,159,120,40,57,0,13,12,24,58,60,221,126,150,96,314,136,251,79,119,49,128,64
05001480600,Census Tract 4806; Arkansas County; Arkansas,1555,299,196,115,115,89,6,10,0,13,46,42,16,17,17,20,0,13,0,13,10,12,0,13,6,10,0,13,11,13,3,5,81,44,0,13,0,13,6,10,8,12,0,13,0,13,0,13,8,9,5,8,5,9,26,34,19,11,4,7,1359,300,712,186,6,12,21,29,39,32,22,32,0,13,12,18,70,46,85,89,76,52,78,37,152,107,136,100,15,13,647,167,14,24,12,14,24,28,24,26,8,12,7,11,55,41,70,40,67,43,99,46,165,105,46,26,56,38
05001480700,Census Tract 4807; Arkansas County; Arkansas,2842,344,514,255,233,162,15,16,0,13,63,54,7,15,0,13,0,13,0,13,17,22,19,26,14,19,33,53,0,13,65,81,281,145,17,26,6,6,39,61,0,13,0,13,22,34,18,27,32,31,0,13,0,13,106,83,35,32,6,11,2328,410,1145,238,57,51,0,13,53,40,61,49,55,66,37,58,91,71,104,67,155,110,138,76,239,95,143,69,12,17,1183,233,65,54,8,11,65,52,38,37,0,13,69,55,194,97,66,44,154,113,211,75,110,59,156,64,47,41
05001480800,Census Tract 4808; Arkansas County; Arkansas,1040,223,29,26,20,22,0,13,0,13,0,13,0,13,0,13,0,13,0,13,0,13,0,13,0,13,20,22,0,13,0,13,9,12,0,13,0,13,0,13,0,13,0,13,0,13,2,4,0,13,0,13,0,13,0,13,0,13,7,11,1011,222,409,89,9,15,0,13,34,32,5,8,6,11,13,23,2,3,27,19,39,29,42,25,103,66,83,43,46,28,602,171,26,29,0,13,38,27,34,31,12,19,3,7,6,9,47,29,115,78,35,26,68,36,128,48,90,60
05003960100,Census Tract 9601; Ashley County; Arkansas,1210,246,226,111,127,80,5,10,10,13,10,13,0,13,23,30,0,13,28,32,7,8,11,15,20,19,3,4,3,4,7,11,99,46,3,4,0,13,0,13,5,7,2,3,1,2,5,6,18,18,11,15,12,14,9,10,21,26,12,11,984,212,461,116,12,11,0,13,6,11,41,39,0,13,38,38,51,31,38,28,31,23,76,30,61,28,80,30,27,17,523,121,16,17,0,13,38,32,46,41,5,7,16,17,8,8,21,19,55,34,113,45,83,45,76,28,46,27
05003960200,Census Tract 9602; Ashley County; Arkansas,2674,418,475,228,183,95,45,43,0,13,3,5,0,13,0,13,0,13,23,33,9,14,0,13,39,33,17,23,47,44,0,13,292,143,48,52,0,13,0,13,17,25,4,9,17,25,0,13,14,22,13,17,29,37,65,56,84,63,1,3,2199,460,1164,265,54,63,0,13,150,84,61,54,0,13,10,16,130,87,167,82,162,79,126,60,77,54,167,89,60,31,1035,234,63,52,4,8,90,47,35,49,0,13,49,36,47,38,94,74,166,72,93,56,103,70,174,63,117,78
05003960300,Census Tract 9603; Ashley County; Arkansas,4280,484,1257,450,555,228,13,21,0,13,104,83,20,31,0,13,0,13,95,102,13,17,68,75,34,34,149,104,31,27,28,23,702,260,29,28,0,13,18,19,145,133,0,13,39,41,36,51,34,24,130,98,45,36,110,75,70,51,46,44,3023,515,1399,270,48,66,9,17,39,42,155,121,21,30,86,68,111,81,122,90,190,67,208,69,266,98,113,57,31,21,1624,336,152,108,18,23,89,70,91,64,0,13,21,23,128,86,182,109,134,62,216,94,334,112,90,30,169,64
05003960400,Census Tract 9604; Ashley County; Arkansas,1373,252,237,107,87,51,0,13,0,13,11,14,0,13,0,13,0,13,7,12,47,48,2,4,15,22,0,13,5,8,0,13,150,67,0,13,0,13,0,13,16,24,0,13,0,13,0,13,52,54,5,6,13,19,18,18,11,19,35,26,1136,241,526,140,21,25,0,13,99,70,8,14,0,13,27,33,10,15,31,34,43,37,65,41,102,50,78,51,42,30,610,170,5,10,0,13,32,26,28,31,0,13,0,13,31,36,80,39,56,38,49,35,156,85,92,47,81,78
05003960500,Census Tract 9605; Ashley County; Arkansas,2364,423,516,289,243,204,9,15,0,13,0,13,87,104,33,49,0,13,0,13,15,18,27,43,33,40,20,26,19,28,0,13,273,150,0,13,0,13,0,13,0,13,0,13,21,32,9,16,89,80,0,13,83,74,33,51,20,26,18,19,1848,419,980,231,100,61,16,29,139,94,36,33,40,46,29,28,14,18,104,81,56,45,55,42,190,105,24,22,177,107,868,275,0,13,0,13,85,95,8,12,6,10,37,44,118,86,165,102,79,56,119,102,116,74,45,33,90,62
05003960600,Census Tract 9606; Ashley County; Arkansas,4963,165,1183,458,415,225,17,29,0,18,0,18,23,41,0,18,50,69,0,18,47,59,84,108,0,18,61,56,133,127,0,18,768,309,178,96,20,33,43,65,57,65,0,18,0,18,156,122,83,99,76,77,8,15,33,39,43,58,71,78,3780,479,1878,307,91,91,0,18,0,18,50,56,16,29,0,18,257,154,285,196,90,72,340,102,213,89,338,136,198,92,1902,292,44,65,0,18,102,101,43,43,36,47,59,51,90,70,157,138,299,110,358,169,189,86,294,115,231,97
05003960700,Census Tract 9607; Ashley County; Arkansas,1691,290,321,166,121,68,33,56,6,11,0,13,6,9,0,13,0,13,0,13,6,9,0,13,33,34,28,27,0,13,9,17,200,143,43,43,0,13,0,13,40,51,0,13,3,6,11,18,30,40,45,47,0,13,23,25,0,13,5,7,1370,297,656,181,39,41,0,13,14,18,72,77,0,13,0,13,63,53,91,70,55,35,91,54,68,50,71,36,92,74,714,229,52,52,0,13,7,10,76,91,50,69,21,19,0,13,69,50,75,49,99,43,58,38,116,64,91,60
05005950100,Census Tract 9501; Baxter County; Arkansas,4393,633,544,307,64,55,11,20,0,13,14,24,0,13,0,13,0,13,0,13,0,13,11,16,0,13,12,22,0,13,16,26,480,303,0,13,0,13,54,77,10,15,0,13,93,104,67,84,21,30,108,117,52,49,9,11,53,49,13,23,3849,635,1893,338,47,45,0,13,53,54,96,93,86,53,89,46,90,67,233,142,318,136,148,87,249,215,156,100,328,107,1956,391,98,73,15,22,63,46,53,50,0,13,22,36,61,57,199,117,137,69,148,92,333,163,321,122,506,211
05005950200,Census Tract 9502; Baxter County; Arkansas,4569,449,895,438,373,219,44,59,0,13,92,127,0,13,46,63,0,13,0,13,0,13,67,63,75,86,34,39,0,13,15,23,522,247,0,13,33,48,72,113,0,13,0,13,0,13,21,34,125,132,95,100,53,71,52,60,6,9,65,42,3674,429,1880,311,49,52,46,61,93,75,35,54,0,13,19,29,99,58,324,134,224,82,108,75,189,87,378,185,316,120,1794,257,100,67,0,13,83,52,13,21,0,13,24,35,106,87,172,97,262,114,182,101,240,134,276,102,336,140
05005950300,Census Tract 9503; Baxter County; Arkansas,5211,520,546,244,220,134,0,18,0,18,0,18,17,26,0,18,0,18,62,73,29,46,9,18,17,28,55,84,31,35,0,18,326,155,0,18,23,36,17,32,6,12,0,18,0,18,91,106,25,39,26,33,10,16,128,96,0,18,0,18,4665,525,2429,366,46,45,26,43,170,115,146,91,15,28,11,20,287,88,216,119,238,109,289,162,229,95,415,159,341,122,2236,277,28,29,37,38,108,69,52,39,0,18,96,78,182,98,145,80,300,148,175,91,261,142,421,182,431,146
05005950400,Census Tract 9504; Baxter County; Arkansas,3095,389,509,185,176,119,0,13,0,13,28,28,16,24,0,13,8,14,68,53,19,19,0,13,0,13,8,14,8,12,21,21,333,122,6,11,0,13,0,13,0,13,0,13,23,23,87,90,16,19,16,22,22,25,44,60,8,13,111,58,2586,389,1271,234,80,76,39,41,50,40,38,37,0,13,42,37,204,124,94,63,71,55,193,122,51,32,163,76,246,86,1315,225,47,27,0,13,56,27,15,22,12,20,92,100,44,44,148,45,116,73,129,83,114,67,269,92,273,67
05005950500,Census Tract 9505; Baxter County; Arkansas,5294,751,990,361,576,245,85,83,8,14,73,74,1,11,5,7,4,7,8,8,18,25,58,58,86,73,81,60,26,31,123,144,414,165,22,23,1,3,73,55,40,42,3,6,12,17,32,33,67,53,57,48,15,15,46,39,14,10,32,26,4304,777,2069,372,65,56,8,9,50,42,124,95,75,88,40,43,127,75,201,103,191,119,250,144,429,130,301,109,208,70,2235,474,159,113,80,100,120,97,111,93,0,18,21,22,126,79,108,80,241,148,298,129,377,117,300,96,294,114
05005950600,Census Tract 9506; Baxter County; Arkansas,3751,477,435,217,208,97,11,14,0,13,0,13,0,13,0,13,0,13,3,6,22,23,0,13,91,92,41,34,19,24,21,25,227,134,12,14,0,13,0,13,0,13,0,13,0,13,49,73,23,33,18,22,44,57,33,32,35,29,13,14,3316,462,1482,237,75,62,0,13,13,32,27,41,0,13,26,26,30,22,93,66,191,87,151,77,296,105,375,122,205,81,1834,283,30,53,0,13,121,84,89,62,10,20,35,38,25,35,201,104,84,55,138,74,491,147,315,118,295,120
05005950700,Census Tract 9507; Baxter County; Arkansas,3497,461,288,147,159,104,0,13,0,13,0,13,0,13,0,13,0,13,0,13,46,71,36,42,0,13,23,28,54,41,0,13,129,79,0,13,0,13,0,13,0,13,0,13,0,13,17,27,0,13,0,13,21,23,42,50,40,34,9,14,3209,468,1545,292,89,92,30,40,36,44,21,26,29,30,0,13,10,17,168,105,113,59,103,60,337,146,316,104,293,114,1664,254,22,24,40,61,119,101,36,39,24,37,0,13,55,48,187,89,160,76,284,124,192,69,342,124,203,74
05005950801,Census Tract 9508.01; Baxter County; Arkansas,4361,509,934,316,360,162,0,13,0,13,16,19,104,142,0,13,0,13,64,60,3,6,44,36,77,82,12,15,18,20,22,23,574,197,90,59,0,13,13,18,28,45,0,13,102,124,43,38,52,48,39,39,22,23,73,81,61,72,51,37,3427,455,1780,281,40,36,0,13,136,116,13,22,3,7,36,28,22,21,101,81,175,94,269,110,328,99,401,114,256,97,1647,236,37,35,17,26,58,52,16,24,28,43,26,29,23,27,100,57,110,73,226,91,350,117,397,114,259,82
05005950802,Census Tract 9508.02; Baxter County; Arkansas,2006,299,296,183,125,89,0,13,0,13,19,35,33,48,0,13,0,13,10,15,0,13,19,28,0,13,44,55,0,13,0,13,171,108,0,13,0,13,19,28,0,13,0,13,0,13,0,13,0,13,30,41,73,64,0,13,42,58,7,11,1710,342,880,197,31,50,0,13,92,71,21,25,37,28,19,30,9,16,91,56,107,50,103,103,95,58,113,45,162,90,830,201,40,45,16,24,54,39,15,21,43,60,23,32,70,65,36,35,78,40,129,57,60,45,175,77,91,64
05005950900,Census Tract 9509; Baxter County; Arkansas,5524,580,592,228,265,122,34,41,10,17,15,21,0,18,6,10,6,10,21,28,63,44,29,38,40,30,15,10,19,24,7,14,327,119,20,25,0,18,19,28,22,33,14,19,6,10,55,34,26,23,51,49,24,20,29,33,27,28,34,24,4932,638,2571,401,198,121,98,75,218,70,60,58,39,40,89,70,144,66,269,103,179,63,233,108,393,116,429,163,222,89,2361,307,136,62,4,6,126,53,43,39,17,18,39,42,91,55,274,107,232,86,263,94,450,188,496,127,190,64
05007020102,Census Tract 201.02; Benton County; Arkansas,7718,709,404,255,199,138,24,37,0,18,15,25,0,18,0,18,19,32,11,34,48,56,31,44,17,27,24,29,10,13,0,18,205,154,8,22,0,18,8,23,0,18,3,5,0,18,0,18,90,95,20,24,37,43,0,18,39,58,0,18,7314,729,3860,482,274,103,14,23,596,167,105,66,59,62,60,53,162,100,422,144,653,201,316,140,542,155,424,304,233,71,3454,350,402,151,6,11,286,130,114,88,17,18,74,53,68,49,626,170,413,165,435,134,453,149,386,98,174,82
05007020103,Census Tract 201.03; Benton County; Arkansas,4777,514,142,123,69,65,0,13,0,13,28,31,0,13,0,13,0,13,0,13,0,13,13,21,15,25,13,20,0,13,0,13,73,69,0,13,0,13,13,21,0,13,0,13,0,13,0,13,0,13,13,21,19,29,0,13,28,43,0,13,4635,498,2324,366,241,175,56,43,289,136,106,59,0,13,45,40,151,139,308,167,367,143,253,146,198,89,198,121,112,57,2311,322,121,85,41,64,183,107,77,96,0,13,12,20,164,112,191,89,452,164,365,229,343,147,152,115,210,101
05007020104,Census Tract 201.04; Benton County; Arkansas,1861,429,268,100,143,74,0,13,0,13,0,13,17,19,0,13,55,37,1,3,3,4,8,10,25,25,5,5,27,24,2,3,125,55,0,13,0,13,0,13,5,7,0,13,0,13,33,33,0,13,11,10,13,19,25,25,38,30,0,13,1593,434,831,221,33,24,15,17,63,39,30,29,3,8,112,88,33,22,39,21,81,34,194,82,75,30,92,60,61,52,762,259,24,17,0,13,80,37,18,14,0,13,1,2,15,14,49,32,114,30,229,230,104,43,104,67,24,15
05007020201,Census Tract 202.01; Benton County; Arkansas,4955,813,585,283,273,167,13,20,0,13,25,30,9,13,24,38,19,36,54,69,28,33,25,38,35,39,12,19,23,30,6,9,312,148,41,38,17,27,20,28,9,14,15,23,0,13,23,28,77,71,33,31,16,28,15,24,28,39,18,20,4370,787,2276,443,252,138,55,62,106,73,140,126,33,51,40,48,213,139,281,135,272,116,463,238,300,120,88,47,33,33,2094,431,146,72,9,16,108,67,41,40,64,44,72,108,359,113,420,151,268,108,146,56,279,135,158,69,24,28
05007020203,Census Tract 202.03; Benton County; Arkansas,2850,331,135,103,76,67,0,13,0,13,5,12,0,13,0,13,0,13,0,13,0,13,0,13,4,9,37,56,16,25,14,22,59,65,0,13,0,13,15,32,5,11,0,13,0,13,0,13,0,13,0,13,19,26,5,9,15,25,0,13,2715,344,1157,190,39,35,32,37,17,25,20,21,14,23,66,54,96,70,133,91,155,81,189,71,148,79,160,85,88,47,1558,220,92,61,0,13,94,59,112,48,13,25,28,29,166,107,90,61,267,93,185,59,199,76,186,66,126,73
05007020205,Census Tract 202.05; Benton County; Arkansas,5932,710,728,410,375,263,55,54,0,18,46,54,21,35,35,58,28,46,13,20,69,86,21,34,0,18,59,70,0,18,28,38,353,194,20,31,17,30,46,44,0,18,0,18,0,18,92,98,62,62,13,20,35,45,0,18,0,18,68,69,5204,730,2524,411,202,134,13,17,311,186,89,68,18,31,115,94,253,114,494,204,284,127,281,137,205,120,210,102,49,41,2680,470,256,139,130,118,169,108,69,58,29,28,46,42,347,167,318,180,370,158,430,201,278,137,131,72,107,74
05007020206,Census Tract 202.06; Benton County; Arkansas,8386,1083,1511,983,887,612,185,166,0,18,212,156,65,100,27,42,0,18,0,18,178,176,220,178,0,18,0,18,0,18,0,18,624,409,117,128,0,18,121,137,120,135,0,18,60,67,0,18,20,26,164,125,19,30,1,3,1,2,1,5,6875,1033,3333,660,297,174,58,56,248,169,228,156,24,41,57,55,257,143,515,190,666,160,255,123,350,193,366,297,12,17,3542,633,352,154,155,142,393,164,37,37,119,91,203,137,367,160,465,188,529,165,405,190,279,134,137,82,101,58
05007020301,Census Tract 203.01; Benton County; Arkansas,4103,604,987,343,454,186,78,72,35,52,91,76,0,13,0,13,0,13,48,39,22,23,56,46,76,102,27,33,21,32,0,13,533,183,54,58,3,8,34,42,18,22,0,13,0,13,39,38,81,65,10,17,50,50,118,62,47,50,79,73,3116,579,1572,368,27,43,7,12,163,102,107,99,23,26,9,13,176,106,148,88,208,84,338,196,168,73,86,85,112,71,1544,299,90,94,0,13,103,65,91,87,6,12,38,52,150,86,176,101,184,88,281,154,100,47,232,145,93,58
05007020302,Census Tract 203.02; Benton County; Arkansas,4063,715,439,342,136,120,48,66,15,25,0,13,0,13,0,13,0,13,27,40,0,13,0,13,23,37,13,21,0,13,10,15,303,230,54,64,36,49,12,19,0,13,20,34,0,13,0,13,94,96,0,13,22,37,0,13,58,57,7,13,3624,627,1752,333,59,73,11,19,138,73,38,49,27,44,16,26,344,130,314,152,309,150,148,93,219,120,95,70,34,28,1872,351,56,54,49,49,323,140,33,39,49,50,33,42,101,58,345,185,316,135,126,81,277,115,97,56,67,39
05007020304,Census Tract 203.04; Benton County; Arkansas,4319,521,504,259,144,80,14,21,18,29,0,13,0,13,9,13,28,42,20,22,20,22,3,7,0,13,29,45,0,13,3,6,360,210,0,13,0,13,27,41,21,32,0,13,0,13,115,136,64,50,41,61,7,11,32,28,13,17,40,45,3815,538,1858,302,175,74,35,33,108,76,74,51,24,25,68,83,122,84,312,113,291,88,254,110,179,73,102,62,114,52,1957,343,111,57,5,8,116,55,92,51,0,13,45,35,315,193,390,156,173,88,208,129,267,100,97,49,138,54
05007020305,Census Tract 203.05; Benton County; Arkansas,3696,459,191,153,102,113,35,46,0,13,0,13,23,31,0,13,23,37,0,13,0,13,21,34,0,13,0,13,0,13,0,13,89,56,0,13,0,13,0,13,0,13,0,13,0,13,0,13,0,13,38,42,27,25,0,13,10,15,14,16,3505,456,1870,316,98,73,19,22,150,91,87,50,31,36,17,25,95,76,371,164,324,158,216,98,264,146,115,47,83,41,1635,248,38,36,6,13,137,107,100,83,37,39,62,38,34,46,216,102,217,83,223,89,375,128,116,50,74,36
05007020401,Census Tract 204.01; Benton County; Arkansas,6775,806,914,499,323,227,18,40,51,71,74,71,51,71,0,18,0,18,0,18,60,53,0,18,0,18,0,18,40,44,29,32,591,305,226,154,6,15,71,75,0,18,19,33,0,18,19,31,78,83,30,38,19,33,9,13,21,35,93,83,5861,728,2779,474,196,168,24,36,164,140,44,64,0,18,153,124,193,136,374,140,479,153,421,117,364,157,187,73,180,102,3082,449,96,77,0,18,197,103,231,127,24,35,22,37,350,195,448,216,265,127,497,177,300,117,335,135,317,172
05007020402,Census Tract 204.02; Benton County; Arkansas,6381,1029,856,443,347,221,47,69,0,18,141,88,0,18,0,18,0,18,0,18,83,85,32,35,3,8,0,18,7,11,34,32,509,253,93,75,0,18,46,54,11,17,0,18,0,18,34,49,114,75,14,23,80,90,22,27,60,62,35,31,5525,1051,2897,734,132,122,25,32,327,143,13,22,56,74,36,36,483,278,542,274,352,261,512,182,221,87,91,49,107,42,2628,495,98,84,42,69,69,63,47,56,11,18,107,80,174,101,603,281,302,116,542,206,243,94,239,118,151,82
05007020404,Census Tract 204.04; Benton County; Arkansas,4835,865,676,602,367,416,42,70,29,43,102,156,20,25,35,49,35,49,0,13,60,76,31,43,13,22,0,13,0,13,0,13,309,210,38,60,0,13,19,24,27,39,0,13,39,42,0,13,79,95,50,47,0,13,32,55,0,13,25,27,4159,754,2005,438,46,40,7,12,127,98,136,90,113,99,68,61,345,183,183,126,290,121,264,124,202,143,139,72,85,43,2154,378,93,81,67,66,231,116,125,83,0,13,85,97,275,126,289,132,325,117,217,121,176,75,130,57,141,78
05007020405,Census Tract 204.05; Benton County; Arkansas,5330,536,122,101,83,79,0,18,0,18,10,16,0,18,0,18,0,18,11,19,0,18,0,18,0,18,9,14,0,18,53,73,39,43,0,18,0,18,0,18,0,18,7,11,0,18,0,18,12,19,0,18,0,18,20,23,0,18,0,18,5208,529,2588,436,129,117,31,37,46,104,98,72,0,18,45,37,341,161,820,251,292,103,256,100,356,112,88,61,86,54,2620,335,133,99,120,88,168,109,29,28,151,143,111,100,257,130,361,169,426,147,273,94,285,120,128,71,178,103
05007020501,Census Tract 205.01; Benton County; Arkansas,5174,741,275,129,201,135,0,18,0,18,0,18,0,18,0,18,4,8,1,5,0,18,26,37,0,18,59,90,100,106,11,19,74,44,0,18,0,18,0,18,0,18,0,18,0,18,2,6,17,31,4,6,0,18,20,32,31,26,0,18,4899,767,2599,499,117,99,48,51,279,158,20,32,72,71,50,49,325,213,343,157,626,185,342,156,107,69,163,101,107,54,2300,378,97,109,23,36,241,118,78,73,154,102,64,55,162,107,199,121,513,152,298,123,165,96,142,105,164,58
05007020503,Census Tract 205.03; Benton County; Arkansas,4180,497,766,227,494,198,187,69,34,39,50,41,14,24,0,13,0,13,58,49,90,41,29,48,0,13,32,37,0,13,0,13,272,77,0,13,0,13,98,31,0,13,0,13,47,14,0,13,50,15,14,23,0,13,22,36,21,34,20,31,3414,516,1958,442,324,189,11,16,117,94,30,46,0,13,0,13,222,155,567,205,200,84,231,161,177,111,47,48,32,29,1456,282,58,64,62,59,66,54,0,13,0,13,0,13,189,97,559,184,116,92,102,75,161,92,64,51,79,57
05007020504,Census Tract 205.04; Benton County; Arkansas,2630,528,270,210,60,53,19,31,0,13,0,13,0,13,0,13,26,37,0,13,0,13,0,13,0,13,0,13,15,24,0,13,210,180,0,13,0,13,39,65,0,13,0,13,9,14,0,13,53,86,0,13,0,13,82,102,13,20,14,21,2360,466,1126,221,34,60,0,13,92,78,17,29,18,27,0,13,39,32,211,107,329,160,154,77,146,97,53,44,33,28,1234,314,80,64,21,35,42,50,0,13,49,47,148,124,45,42,232,111,143,96,142,62,126,51,168,61,38,42
05007020604,Census Tract 206.04; Benton County; Arkansas,4851,660,176,105,88,60,0,18,0,18,19,21,21,25,0,18,0,18,9,17,0,18,17,24,22,19,0,18,0,18,0,18,88,60,5,9,0,18,6,10,0,18,0,18,0,18,8,14,21,31,19,24,13,15,0,18,0,18,16,24,4675,666,2333,469,209,208,26,42,269,146,142,80,20,25,33,45,141,96,350,133,480,174,344,143,167,59,74,60,78,56,2342,371,71,56,44,36,179,151,183,110,83,58,53,42,183,94,355,129,410,122,242,114,287,102,100,69,152,92
05007020605,Census Tract 206.05; Benton County; Arkansas,3783,421,549,331,174,116,0,13,0,13,54,85,0,13,0,13,24,27,14,16,0,13,13,18,9,15,36,54,13,20,11,15,375,238,12,18,52,63,34,47,31,41,11,18,0,13,15,18,4,7,106,72,22,25,65,64,13,18,10,16,3234,412,1587,253,43,45,19,20,164,101,101,53,10,16,20,26,125,66,271,104,217,69,284,103,192,68,90,39,51,29,1647,265,71,60,9,15,262,172,31,42,27,24,52,48,82,55,224,92,255,91,238,72,192,62,130,56,74,39
05007020606,Census Tract 206.06; Benton County; Arkansas,5034,517,69,71,25,31,0,18,0,18,9,15,0,18,0,18,0,18,0,18,0,18,0,18,0,18,16,27,0,18,0,18,44,43,8,13,0,18,0,18,0,18,0,18,0,18,0,18,10,16,0,18,26,32,0,18,0,18,0,18,4965,519,2532,331,179,83,60,51,354,177,157,107,108,78,122,59,168,94,216,111,438,127,305,104,259,86,99,51,67,31,2433,306,77,48,62,62,223,121,99,60,69,50,89,49,273,195,227,109,420,129,390,115,283,94,146,54,75,43
05007020607,Census Tract 206.07; Benton County; Arkansas,10956,1183,697,373,252,172,0,20,0,20,74,93,0,20,0,20,0,20,16,23,4,9,113,106,0,20,0,20,0,20,45,64,445,234,30,56,0,20,90,97,30,45,0,20,0,20,75,73,113,117,0,20,24,40,8,18,24,42,51,72,10259,1145,5581,728,499,194,229,173,436,220,143,148,83,84,105,103,409,241,1811,454,1171,279,406,173,168,121,95,84,26,36,4678,613,248,159,73,84,714,194,149,114,55,66,49,55,427,328,1150,359,846,273,450,153,165,100,178,130,174,117
05007020608,Census Tract 206.08; Benton County; Arkansas,4116,862,136,139,79,93,0,13,0,13,30,47,0,13,0,13,0,13,16,26,33,53,0,13,0,13,0,13,0,13,0,13,57,53,0,13,0,13,0,13,0,13,0,13,0,13,23,37,18,30,16,24,0,13,0,13,0,13,0,13,3980,870,1879,517,100,113,17,25,244,170,158,137,0,13,52,75,328,159,150,95,380,167,292,218,80,60,73,62,5,8,2101,460,310,212,0,13,317,186,116,88,26,36,65,62,190,112,327,175,331,117,156,95,136,80,78,58,49,47
05007020701,Census Tract 207.01; Benton County; Arkansas,6675,1000,88,80,65,60,0,18,0,18,0,18,0,18,0,18,0,18,0,18,0,18,0,18,0,18,0,18,65,60,0,18,23,39,0,18,0,18,0,18,0,18,0,18,0,18,0,18,23,39,0,18,0,18,0,18,0,18,0,18,6587,1007,3239,495,147,107,15,24,405,288,152,100,58,61,53,57,222,141,504,188,406,183,268,108,472,156,387,186,150,70,3348,660,163,135,0,18,227,209,278,171,0,18,140,78,268,142,314,163,421,182,509,146,317,120,519,231,192,88
05007020703,Census Tract 207.03; Benton County; Arkansas,5223,680,64,54,28,33,0,18,0,18,0,18,0,18,0,18,0,18,0,18,0,18,28,33,0,18,0,18,0,18,0,18,36,41,0,18,0,18,0,18,0,18,0,18,0,18,0,18,0,18,0,18,0,18,22,32,0,18,14,23,5159,684,2665,460,214,165,11,18,152,138,211,105,86,101,78,76,114,85,164,92,351,126,330,122,249,96,223,112,482,124,2494,383,86,76,10,18,146,114,13,24,14,25,79,122,104,95,167,100,461,186,288,99,359,143,308,118,459,156
05007020704,Census Tract 207.04; Benton County; Arkansas,4548,417,137,72,61,51,0,13,0,13,0,13,0,13,0,13,0,13,0,13,0,13,0,13,43,48,8,13,10,15,0,13,76,50,0,13,0,13,0,13,0,13,0,13,0,13,0,13,0,13,21,24,0,13,30,39,0,13,25,19,4411,411,2209,248,50,44,0,13,202,92,113,70,131,82,52,44,170,71,132,62,413,125,287,83,271,71,241,85,147,61,2202,258,87,48,22,25,111,94,122,67,13,20,116,95,171,86,120,67,388,91,310,85,237,79,276,115,229,72
05007020801,Census Tract 208.01; Benton County; Arkansas,4211,539,143,99,87,61,0,13,0,13,0,13,0,13,0,13,0,13,0,13,0,13,0,13,32,35,39,44,16,26,0,13,56,51,0,13,0,13,0,13,0,13,0,13,0,13,0,13,0,13,0,13,41,46,0,13,0,13,15,24,4068,550,1859,257,4,20,24,26,19,27,28,39,0,13,53,49,26,31,102,62,93,71,110,84,283,78,561,153,556,180,2209,333,61,54,0,13,43,47,37,36,0,13,0,13,22,28,113,80,75,54,112,93,406,93,886,252,454,192
05007020803,Census Tract 208.03; Benton County; Arkansas,5043,638,540,272,191,137,0,18,0,18,0,18,0,18,0,18,0,18,0,18,1,13,88,116,27,41,28,34,27,29,20,31,349,243,35,56,0,18,0,18,0,18,0,18,0,18,18,30,50,79,0,18,107,117,25,36,27,29,87,81,4503,601,2274,374,37,33,14,21,143,80,28,25,52,56,24,27,91,57,212,105,360,244,326,137,373,136,358,119,256,73,2229,320,79,44,14,21,79,44,112,69,30,30,36,41,13,20,243,105,301,95,191,80,322,96,497,157,312,137
05007020805,Census Tract 208.05; Benton County; Arkansas,4816,687,130,76,41,37,0,13,0,13,0,13,0,13,0,13,0,13,0,13,0,13,0,13,0,13,0,13,2,5,39,36,89,60,0,13,0,13,0,13,0,13,0,13,0,13,3,5,0,13,0,13,25,31,7,10,0,13,54,46,4686,692,2577,383,33,45,33,37,242,148,50,60,10,21,149,129,319,205,216,79,321,88,338,155,338,173,375,121,153,75,2109,388,123,99,0,13,73,65,78,48,35,50,67,63,89,78,208,110,396,164,127,98,494,219,253,107,166,73
05007020806,Census Tract 208.06; Benton County; Arkansas,6985,849,99,93,53,69,0,18,0,18,0,18,0,18,0,18,0,18,0,18,0,18,0,18,36,64,0,18,17,30,0,18,46,53,0,18,0,18,0,18,0,18,0,18,0,18,28,45,0,18,0,18,0,18,0,18,18,29,0,18,6886,847,3193,419,167,122,11,22,167,99,108,70,71,60,143,99,167,118,259,128,546,114,429,160,380,135,460,103,285,111,3693,526,234,106,45,45,499,271,116,86,102,85,14,27,131,84,273,149,603,162,562,215,286,106,528,154,300,101
05007020903,Census Tract 209.03; Benton County; Arkansas,5420,664,622,378,277,195,4,8,0,18,0,18,18,28,0,18,0,18,45,55,27,36,70,107,44,50,48,67,21,30,0,18,345,220,96,87,0,18,0,18,19,32,0,18,0,18,16,27,47,49,94,108,23,35,37,49,13,21,0,18,4798,604,2426,472,180,81,70,55,195,80,125,76,40,46,46,55,204,176,538,134,461,170,297,197,115,99,155,84,0,18,2372,408,151,92,43,35,233,132,0,18,65,69,125,132,164,121,488,159,544,173,174,125,227,109,158,111,0,18
05007020904,Census Tract 209.04; Benton County; Arkansas,7850,774,242,147,159,120,0,18,0,18,0,18,0,18,2,5,2,8,0,18,22,34,34,43,0,18,80,113,19,33,0,18,83,74,0,18,0,18,0,18,0,18,0,18,61,67,0,18,0,18,0,18,3,8,0,18,19,33,0,18,7608,781,3742,618,312,225,37,52,362,211,148,123,144,105,157,132,207,119,926,303,544,127,459,145,187,149,141,89,118,77,3866,453,383,179,76,64,354,166,193,119,38,40,173,121,267,142,893,338,685,299,442,144,105,93,146,88,111,79
05007020905,Census Tract 209.05; Benton County; Arkansas,3228,582,130,93,57,45,0,13,0,13,7,14,0,13,0,13,0,13,0,13,19,31,0,13,0,13,20,23,6,11,5,9,73,65,0,13,0,13,0,13,0,13,7,14,0,13,0,13,0,13,7,14,14,23,26,27,12,20,7,12,3098,585,1525,315,87,69,13,18,153,90,87,79,0,13,50,49,93,98,176,75,210,86,254,111,84,60,216,133,102,99,1573,334,87,66,0,13,132,70,59,52,27,47,104,82,233,138,147,96,149,84,198,87,177,148,192,67,68,60
05007020906,Census Tract 209.06; Benton County; Arkansas,6081,792,246,239,92,107,26,36,0,18,0,18,0,18,0,18,0,18,2,4,50,73,0,18,14,25,0,18,0,18,0,18,154,158,22,32,0,18,0,18,0,18,0,18,0,18,132,140,0,18,0,18,0,18,0,18,0,18,0,18,5835,696,2836,367,250,127,18,30,323,110,196,101,0,18,61,67,182,97,535,159,516,132,292,159,244,110,112,54,107,90,2999,444,249,124,157,102,263,141,180,141,16,24,102,86,182,116,507,146,347,114,393,173,332,132,170,85,101,60
05007021001,Census Tract 210.01; Benton County; Arkansas,5770,790,489,284,291,198,28,36,0,18,80,81,20,30,17,28,1,3,35,51,21,29,34,33,45,67,2,4,8,13,0,18,198,109,8,17,0,18,32,37,0,18,0,18,0,18,0,18,77,59,20,27,0,18,25,30,12,17,24,28,5281,831,2829,421,160,106,43,45,189,123,284,151,91,87,99,127,280,127,301,176,364,176,424,159,147,106,417,169,30,22,2452,561,71,56,0,18,208,184,136,162,59,64,66,65,315,180,189,109,348,135,495,203,317,131,155,123,93,81
05007021003,Census Tract 210.03; Benton County; Arkansas,2675,401,265,113,146,84,21,20,18,24,8,13,16,23,0,13,0,13,0,13,0,13,11,18,29,26,12,14,14,23,17,19,119,59,8,13,8,13,0,13,0,13,0,13,0,13,13,14,9,18,13,16,30,43,14,13,9,14,15,17,2410,391,1232,238,45,29,18,20,193,65,28,27,9,14,40,64,94,67,222,135,164,77,185,77,103,82,89,68,42,48,1178,193,57,49,0,13,108,67,105,68,23,24,30,35,42,29,176,66,175,76,160,67,158,85,121,84,23,22
05007021004,Census Tract 210.04; Benton County; Arkansas,3967,542,332,223,104,75,0,13,8,13,0,13,0,13,0,13,47,50,0,13,0,13,0,13,0,13,19,21,0,13,30,50,228,160,9,16,5,8,15,24,5,8,0,13,24,36,36,54,9,15,33,50,0,13,15,24,38,63,39,56,3635,464,1839,287,123,115,0,13,59,45,17,28,0,13,36,38,196,93,274,108,223,111,233,76,282,144,293,254,103,52,1796,347,139,98,46,53,47,33,113,99,23,31,14,24,309,187,285,122,108,98,280,96,98,62,162,80,172,122
05007021101,Census Tract 211.01; Benton County; Arkansas,5364,583,591,319,308,180,0,18,0,18,6,10,5,8,0,18,2,6,32,39,77,81,48,66,29,45,109,92,0,18,0,18,283,184,69,87,0,18,0,18,0,18,0,18,27,40,17,25,38,50,4,7,61,66,67,57,0,18,0,18,4773,633,2334,347,90,71,18,24,234,134,121,78,27,30,151,103,244,128,288,128,320,134,298,120,308,161,138,86,97,53,2439,402,271,161,53,63,170,103,39,33,7,12,57,52,209,91,353,124,372,189,188,82,359,170,139,69,222,136
05007021102,Census Tract 211.02; Benton County; Arkansas,3592,575,796,381,289,142,31,44,32,34,62,54,37,32,18,23,5,10,4,6,0,13,38,31,0,13,25,29,23,33,14,22,507,282,55,60,8,13,133,113,31,45,0,13,33,51,18,27,99,73,45,50,0,13,69,56,0,13,16,25,2796,523,1408,301,65,41,30,34,96,50,33,33,0,13,40,32,126,66,185,72,145,63,136,62,402,267,100,58,50,30,1388,285,102,47,0,13,181,79,23,20,8,12,19,20,14,17,312,97,174,100,163,78,182,141,138,81,72,46
05007021201,Census Tract 212.01; Benton County; Arkansas,4296,590,183,124,62,59,28,28,1,2,0,18,0,18,0,18,0,18,21,32,0,18,7,11,0,18,0,18,0,18,5,7,121,83,1,3,0,18,0,18,0,18,0,18,0,18,56,52,8,12,19,28,0,18,22,25,15,25,0,18,4113,591,1822,276,124,90,39,32,121,69,167,103,24,34,72,54,199,93,248,121,195,94,134,76,300,148,114,68,85,40,2291,417,150,124,28,24,294,134,61,49,92,68,83,93,113,70,291,128,251,72,138,58,475,246,196,77,119,50
05007021202,Census Tract 212.02; Benton County; Arkansas,3390,516,564,269,211,114,34,46,0,13,50,39,0,13,0,13,0,13,0,13,49,38,0,13,0,13,60,60,18,21,0,13,353,177,43,34,21,29,69,60,0,13,0,13,0,13,11,20,50,38,0,13,0,13,104,98,23,22,32,30,2826,525,1432,283,137,78,9,16,90,79,57,46,23,37,44,68,103,71,207,102,135,74,201,120,199,95,150,78,77,38,1394,290,74,48,12,22,125,85,31,43,50,65,59,60,69,52,329,136,15,23,179,99,242,101,141,82,68,40
05007021304,Census Tract 213.04; Benton County; Arkansas,12298,1023,466,297,141,120,7,14,14,21,14,22,0,20,0,20,0,20,0,20,37,46,20,53,0,20,42,70,7,13,0,20,325,237,99,114,0,20,0,20,0,20,0,20,0,20,104,112,58,62,0,20,0,20,0,20,0,20,64,87,11832,980,6240,601,402,167,226,170,687,257,221,137,87,75,266,150,677,328,1366,442,991,243,748,204,306,153,166,112,97,83,5592,660,297,180,116,92,636,209,139,81,122,128,15,24,485,189,963,340,1512,335,701,205,259,147,273,106,74,70
05007021305,Census Tract 213.05; Benton County; Arkansas,6668,899,577,215,228,104,32,44,0,18,4,9,0,18,0,18,0,18,21,31,75,58,29,48,0,18,22,24,6,8,39,59,349,155,68,61,4,7,0,18,0,18,0,18,4,8,19,30,86,70,61,56,8,15,43,40,51,46,5,6,6091,889,3239,537,117,76,6,8,254,121,86,62,48,50,61,53,222,104,436,169,779,233,592,160,297,156,273,136,68,40,2852,464,79,38,105,70,236,108,72,61,16,24,87,73,223,145,364,120,428,147,437,122,246,132,351,142,208,144
05007021306,Census Tract 213.06; Benton County; Arkansas,5267,847,177,116,42,39,0,18,0,18,0,18,0,18,0,18,0,18,0,18,0,18,12,19,11,17,0,18,0,18,19,29,135,85,20,31,0,18,0,18,0,18,0,18,10,15,0,18,22,34,12,18,24,25,0,18,15,22,32,37,5090,863,2512,401,97,64,13,21,266,144,108,51,35,31,169,154,38,44,319,137,416,104,517,203,265,94,246,78,23,23,2578,544,130,81,10,14,260,106,158,119,41,45,65,62,280,178,297,182,429,106,486,178,217,79,155,55,50,33
05007021308,Census Tract 213.08; Benton County; Arkansas,6878,630,54,51,12,18,0,18,0,18,0,18,0,18,0,18,0,18,0,18,0,18,0,18,0,18,0,18,12,18,0,18,42,42,0,18,0,18,0,18,0,18,0,18,0,18,0,18,0,18,0,18,0,18,0,18,18,23,24,35,6824,637,3258,340,331,130,108,77,374,110,107,73,16,25,102,78,195,95,420,124,653,196,524,155,287,140,103,58,38,35,3566,418,315,85,152,89,460,146,183,86,62,59,22,25,149,89,510,126,622,185,529,174,278,110,162,67,122,70
05007021312,Census Tract 213.12; Benton County; Arkansas,4278,594,609,296,298,189,18,30,0,13,16,21,0,13,39,34,21,25,42,45,0,13,7,12,17,23,138,164,0,13,0,13,311,155,14,19,0,13,29,39,48,45,0,13,0,13,31,37,7,12,33,29,58,80,49,73,42,48,0,13,3669,602,1983,370,34,29,0,13,136,86,90,54,0,13,91,88,244,167,228,118,230,121,356,213,221,82,313,133,40,27,1686,358,73,45,27,30,127,87,36,33,10,18,17,22,28,29,134,83,322,154,217,102,349,204,272,140,74,42
05007021313,Census Tract 213.13; Benton County; Arkansas,2957,409,202,161,97,106,0,13,0,13,15,26,0,13,0,13,0,13,71,102,0,13,0,13,0,13,11,17,0,13,0,13,105,102,0,13,0,13,16,29,16,26,0,13,0,13,7,13,51,60,0,13,0,13,15,18,0,13,0,13,2755,399,1438,251,136,103,22,26,86,59,54,44,26,41,6,14,135,100,240,134,182,68,158,94,257,100,106,58,30,23,1317,252,50,58,0,13,165,93,19,25,0,13,43,46,102,79,216,163,176,84,136,87,168,72,83,40,159,74
05007021314,Census Tract 213.14; Benton County; Arkansas,3729,462,224,190,104,89,0,13,0,13,0,13,0,13,0,13,23,38,10,18,0,13,18,29,0,13,17,29,0,13,36,31,120,107,24,41,0,13,0,13,18,31,0,13,0,13,0,13,0,13,21,33,0,13,0,13,17,28,40,45,3505,476,1893,336,144,82,78,70,230,99,227,115,0,13,14,21,197,125,124,94,324,129,160,87,238,109,86,73,71,66,1612,236,34,21,0,13,200,97,104,75,106,88,124,103,100,60,251,114,169,83,207,86,213,113,38,43,66,58
05007021315,Census Tract 213.15; Benton County; Arkansas,6514,866,334,199,168,117,61,75,0,18,13,22,0,18,0,18,0,18,15,29,0,18,0,18,0,18,39,58,0,18,40,42,166,102,12,21,0,18,0,18,0,18,0,18,0,18,80,73,13,21,0,18,12,18,0,18,21,33,28,43,6180,885,3120,534,368,189,31,38,437,202,49,55,27,40,50,57,147,94,545,195,695,249,240,92,306,115,194,109,31,28,3060,482,305,168,0,18,358,157,209,140,75,58,77,95,388,149,436,169,371,125,275,134,198,100,251,129,117,94
05007021316,Census Tract 213.16; Benton County; Arkansas,7308,679,241,180,146,110,0,18,0,18,29,34,13,21,0,18,21,35,0,18,33,51,31,38,19,29,0,18,0,18,0,18,95,72,0,18,0,18,13,21,0,18,0,18,9,14,16,24,25,38,32,40,0,18,0,18,0,18,0,18,7067,699,3573,378,416,131,57,49,446,134,93,69,15,26,254,121,73,59,489,140,510,133,521,149,339,129,167,95,193,93,3494,437,150,68,55,39,280,94,265,185,45,36,66,49,70,56,656,220,653,202,375,121,395,122,162,106,322,180
05007021317,Census Tract 213.17; Benton County; Arkansas,3288,513,159,175,96,140,0,13,0,13,0,13,0,13,0,13,0,13,70,115,0,13,0,13,0,13,16,25,5,8,5,8,63,66,0,13,0,13,0,13,0,13,0,13,0,13,0,13,0,13,0,13,36,59,17,26,10,13,0,13,3129,466,1437,225,94,81,3,5,89,59,144,78,0,13,14,17,41,39,428,130,104,61,257,159,139,71,59,37,65,34,1692,321,140,84,11,19,258,120,61,53,39,42,25,31,18,20,378,126,201,164,214,87,180,81,115,65,52,46
05007021404,Census Tract 214.04; Benton County; Arkansas,4194,487,429,206,197,101,49,58,0,13,20,24,15,19,2,4,4,10,0,13,0,13,10,12,12,17,35,51,40,31,10,14,232,119,5,9,0,13,17,23,40,43,13,20,2,3,14,24,44,45,20,25,0,13,47,64,30,27,0,13,3765,511,1736,247,25,24,9,10,153,96,43,37,8,17,116,71,96,71,143,85,351,125,219,79,279,132,206,65,88,88,2029,329,103,68,19,30,130,91,97,71,36,39,137,88,136,63,183,99,251,95,246,106,309,138,184,55,198,190
05007021405,Census Tract 214.05; Benton County; Arkansas,2164,358,103,89,62,59,9,16,9,15,0,13,9,16,0,13,0,13,0,13,0,13,12,14,0,13,23,29,0,13,0,13,41,37,3,6,0,13,3,6,0,13,0,13,0,13,4,6,10,17,0,13,4,8,6,9,0,13,11,18,2061,368,1092,222,30,28,4,6,104,66,32,30,5,8,22,25,35,33,89,62,80,37,172,99,241,76,166,44,112,38,969,164,15,15,11,17,64,45,20,19,0,13,19,19,18,17,63,53,71,34,184,90,226,68,184,48,94,36
05007021406,Census Tract 214.06; Benton County; Arkansas,5447,590,497,290,194,149,63,103,0,18,5,19,5,19,0,18,6,23,20,33,5,17,31,49,40,70,0,18,19,23,0,18,303,180,41,71,0,18,29,33,52,42,0,18,0,18,104,60,0,18,27,37,29,50,21,23,0,18,0,18,4950,631,2361,407,183,103,12,20,184,91,88,61,95,81,145,113,215,121,306,101,386,138,314,104,245,92,144,62,44,27,2589,393,239,152,69,65,129,80,123,106,3,5,86,98,260,97,431,163,387,119,359,123,202,92,134,53,167,114
05007021407,Census Tract 214.07; Benton County; Arkansas,4444,734,319,220,163,125,11,20,0,13,4,11,0,13,10,16,14,20,14,21,23,37,64,88,4,12,6,12,13,16,0,13,156,123,50,67,7,11,13,21,0,13,0,13,0,13,5,13,41,44,4,12,0,13,8,13,22,21,6,10,4125,820,2129,464,20,25,5,9,73,53,119,173,16,19,23,27,86,54,341,177,322,215,301,118,398,100,255,78,170,99,1996,394,13,17,6,12,55,46,10,16,147,144,32,27,136,89,165,97,306,164,291,160,431,90,295,79,109,41
05007021408,Census Tract 214.08; Benton County; Arkansas,7047,738,537,266,229,149,52,63,0,18,52,46,25,30,0,18,11,19,0,18,42,47,16,24,13,21,10,16,8,12,0,18,308,167,35,41,0,18,22,25,0,18,0,18,23,25,73,68,68,58,26,30,26,30,35,37,0,18,0,18,6510,802,3675,546,291,134,64,70,382,118,199,90,27,35,108,73,536,266,437,163,469,161,541,230,363,122,99,50,159,65,2835,362,178,79,49,47,178,70,133,69,61,52,46,42,199,113,522,201,416,132,468,174,213,64,170,74,202,99
05007021409,Census Tract 214.09; Benton County; Arkansas,2551,265,149,96,60,54,0,13,0,13,0,13,0,13,0,13,0,13,0,13,14,22,0,13,0,13,25,38,17,21,4,8,89,76,0,13,0,13,0,13,0,13,0,13,0,13,0,13,0,13,0,13,0,13,42,48,47,56,0,13,2402,256,1172,157,47,41,61,30,30,37,24,31,0,13,36,52,55,66,40,36,175,53,117,71,247,85,195,87,145,78,1230,161,28,32,0,13,159,86,0,13,22,32,19,24,60,57,150,76,158,48,98,58,235,84,171,81,130,65
05009790100,Census Tract 7901; Boone County; Arkansas,6321,782,737,395,386,223,1,2,0,18,32,42,114,130,21,32,0,18,16,24,74,104,24,37,0,18,75,76,0,18,29,30,351,197,1,3,4,8,28,44,5,8,28,37,0,18,25,39,35,43,75,76,72,59,14,19,36,54,28,24,5584,736,2772,360,303,178,41,48,188,108,23,41,44,46,65,51,209,139,216,140,304,137,348,125,386,151,456,87,189,85,2812,468,192,148,0,18,297,147,107,69,42,34,30,32,226,205,366,157,256,132,236,95,551,139,303,84,206,88
05009790200,Census Tract 7902; Boone County; Arkansas,6159,612,838,270,455,177,31,20,0,18,11,11,0,18,0,18,0,18,176,109,30,43,11,11,111,130,26,21,54,69,5,6,383,148,3,7,21,18,62,36,0,18,4,5,0,18,20,15,61,56,88,79,22,24,52,40,14,16,36,31,5321,653,2498,376,71,64,90,73,187,87,132,84,13,11,72,57,191,103,276,91,226,92,376,142,383,164,299,81,182,78,2823,385,140,95,87,91,222,83,83,56,139,113,83,73,98,52,275,127,296,107,477,133,522,219,256,85,145,74
05009790300,Census Tract 7903; Boone County; Arkansas,5519,646,433,221,201,137,25,27,2,3,29,32,21,33,13,21,1,2,0,18,9,16,44,31,22,23,8,10,12,19,15,22,232,133,36,33,0,18,2,4,8,10,6,12,19,28,80,82,16,25,19,28,6,9,10,11,28,31,2,4,5086,663,2586,410,209,107,55,45,277,140,35,34,45,50,124,67,184,130,300,132,337,133,233,114,306,125,315,131,166,93,2500,382,140,128,1,2,240,116,162,116,49,54,54,50,194,92,234,131,362,174,320,133,275,102,303,142,166,75
05009790400,Census Tract 7904; Boone County; Arkansas,5993,575,983,478,392,222,26,38,0,18,0,18,0,18,0,18,0,18,14,23,21,35,63,93,39,42,60,67,131,155,38,43,591,299,73,112,0,18,25,39,0,18,0,18,32,46,51,57,25,35,41,55,49,47,42,42,205,190,48,52,5010,553,2579,304,29,39,15,24,116,77,141,85,10,16,122,73,163,108,197,106,340,103,490,168,344,164,388,130,224,109,2431,348,167,137,0,18,62,59,157,87,33,38,53,51,19,21,230,120,244,99,515,147,200,109,452,169,299,95
05009790501,Census Tract 7905.01; Boone County; Arkansas,4393,562,477,220,153,100,13,20,0,13,14,27,17,26,0,13,11,17,10,17,44,42,13,20,14,22,17,28,0,13,0,13,324,149,47,57,0,13,19,24,13,22,0,13,0,13,76,72,68,43,15,27,51,54,13,20,0,13,22,23,3916,586,1835,283,44,47,0,13,122,68,127,60,9,15,62,48,218,96,182,102,220,151,278,110,257,117,173,72,143,93,2081,425,11,20,14,25,153,122,79,83,126,128,37,33,75,71,147,99,340,142,265,97,232,94,271,81,331,122
05009790502,Census Tract 7905.02; Boone County; Arkansas,3582,388,598,275,268,177,10,17,0,13,27,44,32,50,9,14,0,13,32,36,24,34,28,29,41,61,36,57,11,18,18,23,330,138,0,13,0,13,17,26,14,23,15,24,0,13,34,41,19,23,41,29,9,17,30,31,82,68,69,40,2984,380,1390,208,45,45,10,15,57,43,29,31,9,14,7,11,73,61,278,128,212,108,128,65,192,92,113,57,237,99,1594,289,118,83,18,28,99,86,67,48,66,62,13,20,245,126,234,109,137,80,57,42,159,84,143,64,238,106
05009790600,Census Tract 7906; Boone County; Arkansas,5362,788,952,331,525,218,9,17,0,18,148,92,0,18,0,18,0,18,32,49,183,173,80,90,29,41,9,17,35,45,0,18,427,199,55,55,0,18,12,25,0,18,0,18,0,18,0,18,189,104,24,39,19,34,70,67,58,58,0,18,4410,786,2290,451,154,119,23,35,352,179,93,103,37,53,94,80,110,94,368,183,212,68,232,110,345,154,126,63,144,83,2120,444,19,31,0,18,133,131,31,54,0,18,14,26,100,87,422,292,272,147,150,75,457,175,310,131,212,99
05011950100,Census Tract 9501; Bradley County; Arkansas,2874,383,654,204,195,80,0,13,7,17,83,38,0,13,0,13,28,34,34,48,18,30,14,24,4,23,0,13,0,13,7,13,459,161,25,48,0,13,108,79,33,37,13,21,0,13,0,13,131,59,16,26,47,42,38,45,32,24,16,21,2220,423,1139,276,21,30,0,13,87,36,152,61,26,36,2,13,72,47,199,135,165,98,117,84,147,68,71,35,80,52,1081,235,23,27,0,13,50,50,0,13,7,11,57,60,108,49,97,64,270,118,117,45,152,76,119,67,81,52
05011950200,Census Tract 9502; Bradley County; Arkansas,1870,280,324,125,165,77,0,13,0,13,20,23,0,13,0,13,0,13,3,5,0,13,5,10,62,60,22,24,11,15,42,35,159,82,17,27,10,15,0,13,16,26,0,13,0,13,0,13,11,17,0,13,9,15,17,20,34,42,45,41,1546,299,719,167,89,92,12,23,27,29,110,83,0,13,19,23,54,42,69,47,76,55,73,42,52,38,112,56,26,21,827,178,47,41,0,13,40,40,0,13,0,13,38,34,70,47,65,44,60,48,148,61,109,72,126,65,124,79
05011950300,Census Tract 9503; Bradley County; Arkansas,1909,325,478,214,182,93,11,19,0,13,0,13,6,12,0,13,0,13,42,41,5,9,7,12,25,31,50,44,36,35,0,13,296,161,28,45,0,13,20,32,38,42,0,13,14,21,26,35,7,13,32,34,60,47,27,31,21,27,23,31,1431,391,706,194,19,32,16,25,39,34,73,48,0,13,26,36,34,46,41,35,170,124,75,74,107,49,57,27,49,29,725,241,118,97,0,13,117,78,0,13,13,18,0,13,43,58,95,59,82,57,53,44,117,59,40,23,47,25
05011950400,Census Tract 9504; Bradley County; Arkansas,1596,238,295,151,140,75,11,17,0,13,0,13,0,13,12,20,0,13,0,13,45,43,20,30,0,13,24,34,24,34,4,8,155,98,0,13,0,13,0,13,32,50,0,13,0,13,0,13,23,31,15,25,0,13,69,51,16,25,0,13,1301,266,659,177,43,41,0,13,59,54,3,8,0,13,0,13,166,95,103,99,31,28,141,77,34,28,64,41,15,14,642,154,22,42,14,22,30,24,4,6,0,13,0,13,101,88,80,47,59,68,150,84,58,32,79,46,45,35
05011950500,Census Tract 9505; Bradley County; Arkansas,2006,368,306,133,122,79,8,13,0,13,20,24,17,21,0,13,0,13,19,24,6,8,2,5,6,12,7,12,28,33,9,11,184,83,6,12,13,16,8,14,13,16,0,13,20,26,4,8,24,24,19,20,16,15,11,17,23,27,27,23,1700,340,859,203,93,44,22,32,83,80,39,38,10,10,17,26,17,19,76,58,125,73,64,38,130,84,128,57,55,37,841,207,38,41,2,4,113,66,51,52,2,4,38,31,64,40,141,72,91,50,78,41,92,60,95,60,36,42
05013480100,Census Tract 4801; Calhoun County; Arkansas,2193,256,231,125,86,56,0,13,0,13,0,13,5,9,0,13,2,5,0,13,0,13,0,13,32,35,29,31,13,22,5,7,145,84,0,13,3,6,0,13,0,13,0,13,0,13,3,5,4,6,1,4,37,47,23,20,66,49,8,17,1962,247,903,182,85,52,0,13,76,39,38,31,10,10,1,4,43,35,88,57,105,73,89,45,90,50,159,51,119,59,1059,130,63,48,9,12,69,41,12,12,7,9,13,15,63,37,152,55,206,72,66,31,151,54,127,50,121,35
05013480200,Census Tract 4802; Calhoun County; Arkansas,2327,256,370,167,254,110,0,13,0,13,15,30,74,54,0,13,3,4,0,13,19,29,18,31,8,12,117,59,0,13,0,13,116,69,3,6,0,13,18,20,0,13,8,14,0,13,0,13,12,18,22,26,0,13,34,30,11,17,8,17,1957,242,1061,157,14,16,1,3,27,20,53,32,24,27,10,14,189,61,149,88,54,43,194,69,184,52,91,48,71,27,896,137,7,12,0,13,35,24,75,50,16,19,87,32,15,25,76,34,92,48,134,49,134,50,90,41,135,64
05015950100,Census Tract 9501; Carroll County; Arkansas,2895,399,434,138,196,98,0,13,0,13,5,7,18,20,0,13,0,13,8,12,0,13,0,13,71,73,34,40,47,32,13,15,238,74,0,13,7,11,0,13,11,16,0,13,0,13,0,13,20,27,9,14,65,44,69,43,41,28,16,18,2461,409,1280,221,30,35,0,13,54,60,74,48,7,11,67,58,77,54,120,94,90,56,196,110,236,74,217,71,112,48,1181,234,43,49,37,44,107,77,3,17,4,6,6,10,33,32,54,59,245,95,133,64,186,75,223,85,107,47
05015950201,Census Tract 9502.01; Carroll County; Arkansas,3753,541,438,234,277,154,41,59,0,13,0,13,0,13,0,13,0,13,0,13,46,63,36,44,0,13,81,58,49,66,24,30,161,104,0,13,0,13,0,13,0,13,0,13,0,13,3,12,26,41,47,65,36,54,41,38,8,17,0,13,3315,594,1579,284,49,55,31,35,51,74,31,28,32,46,58,56,84,54,162,136,67,43,222,117,286,101,363,104,143,72,1736,382,57,39,40,49,57,91,22,33,55,30,44,42,54,44,199,154,69,51,249,104,308,143,454,114,128,108
05015950202,Census Tract 9502.02; Carroll County; Arkansas,2551,547,336,358,178,195,0,13,0,13,0,13,0,13,0,13,0,13,0,13,35,51,44,65,73,90,16,24,0,13,10,18,158,170,0,13,0,13,0,13,0,13,0,13,0,13,0,13,26,38,0,13,5,4,90,96,0,13,37,42,2215,327,1314,204,4,10,0,13,29,42,72,40,0,13,71,76,104,51,0,13,29,47,108,62,276,130,316,128,305,92,901,201,29,38,0,13,0,13,11,17,0,13,0,13,80,71,65,86,72,53,151,83,126,67,210,83,157,69
05015950301,Census Tract 9503.01; Carroll County; Arkansas,3410,472,203,119,96,74,11,14,6,8,0,13,0,13,0,13,0,13,18,31,0,13,9,15,19,31,33,39,0,13,0,13,107,74,6,8,0,13,0,13,0,13,0,13,0,13,45,56,23,33,0,13,19,28,0,13,0,13,14,21,3207,450,1688,311,77,64,17,29,245,111,0,13,0,13,18,34,34,47,295,137,179,123,153,103,336,179,199,120,135,92,1519,249,137,77,13,21,71,74,80,81,45,51,23,39,94,52,244,141,112,93,165,76,239,127,223,129,73,53
05015950302,Census Tract 9503.02; Carroll County; Arkansas,4445,660,1300,561,434,203,0,13,65,62,34,54,21,36,0,13,36,44,40,50,24,39,107,71,0,13,51,57,0,13,56,86,866,473,112,111,0,13,171,168,68,63,38,56,2,30,0,13,85,76,195,155,0,13,43,71,121,51,31,37,3145,692,1531,396,174,120,0,13,178,99,56,50,0,13,140,103,164,118,113,74,309,201,85,59,116,76,108,60,88,60,1614,373,81,69,36,61,138,114,60,57,50,50,0,13,121,112,114,70,195,138,99,71,96,64,333,201,291,118
05015950400,Census Tract 9504; Carroll County; Arkansas,3930,548,277,146,118,67,2,8,30,46,9,13,0,13,5,8,0,13,0,13,3,4,5,11,43,46,12,14,7,7,2,3,159,92,4,7,0,13,4,7,0,13,0,13,1,3,1,3,34,57,6,7,79,59,2,3,17,17,11,18,3653,564,1859,334,152,80,0,13,140,81,86,59,61,39,26,34,59,46,157,99,233,87,254,118,255,105,316,110,120,53,1794,302,18,22,0,13,141,93,53,33,23,37,96,62,86,64,75,43,292,105,152,70,361,128,269,100,228,86
05015950501,Census Tract 9505.01; Carroll County; Arkansas,2340,458,628,432,253,185,42,71,0,13,58,57,0,13,0,13,23,34,0,13,109,114,7,11,0,13,8,13,6,10,0,13,375,262,54,58,0,13,67,80,0,13,7,11,0,13,92,102,32,49,27,27,55,79,26,27,7,12,8,14,1712,222,890,152,70,60,22,35,31,33,8,16,0,13,27,29,88,53,123,58,56,38,78,51,214,68,121,96,52,41,822,120,53,30,6,12,89,46,10,16,0,13,26,33,13,22,114,49,61,40,87,48,162,60,107,71,94,65
05015950502,Census Tract 9505.02; Carroll County; Arkansas,4875,353,970,285,403,139,0,13,1,3,105,62,1,2,0,13,24,41,26,33,10,16,112,60,81,89,20,16,18,28,5,9,567,202,42,54,50,32,14,22,42,60,0,13,5,10,9,13,120,92,119,84,41,39,43,35,39,36,43,37,3905,335,2172,275,56,62,1,3,167,107,236,108,57,45,32,32,236,125,360,125,279,135,341,161,207,71,116,49,84,54,1733,244,127,98,38,45,158,83,45,39,63,53,70,47,257,118,183,63,202,71,185,111,202,74,93,52,110,64
05017080100,Census Tract 801; Chicot County; Arkansas,2454,373,489,289,245,175,0,13,0,13,59,86,0,13,0,13,0,13,80,76,0,13,0,13,50,38,38,41,14,15,4,7,244,132,0,13,9,14,49,75,0,13,0,13,10,18,0,13,7,15,20,26,55,31,29,43,5,8,60,35,1965,276,1069,176,95,64,11,18,91,49,26,23,0,13,0,13,74,65,95,75,155,104,149,70,138,61,130,52,105,32,896,158,51,60,0,13,61,45,44,48,0,13,28,34,5,8,83,50,56,47,156,62,164,52,129,50,119,56
05017080200,Census Tract 802; Chicot County; Arkansas,2108,332,821,297,283,128,37,54,15,22,7,11,20,24,0,13,63,61,0,13,0,13,0,13,54,68,29,25,29,18,29,23,538,196,64,60,9,15,31,35,24,32,0,13,5,16,85,72,69,60,27,28,65,47,43,30,67,46,49,37,1287,291,576,139,0,13,0,13,95,61,10,18,17,30,17,28,31,36,98,68,48,48,31,24,63,38,112,56,54,35,711,210,79,66,23,27,78,90,26,28,21,25,8,13,35,34,78,61,39,34,123,55,53,35,66,37,82,45
05017080300,Census Tract 803; Chicot County; Arkansas,2774,298,449,153,272,102,16,19,0,13,17,18,44,37,0,13,35,37,36,33,18,21,39,42,4,8,46,31,17,16,0,13,177,75,15,26,0,13,20,19,0,13,0,13,0,13,0,13,29,28,49,29,13,20,9,11,14,11,28,23,2325,289,1073,169,77,51,0,13,109,83,10,16,24,44,23,16,81,62,154,90,192,74,69,49,129,44,133,52,72,43,1252,191,95,59,9,14,39,46,77,52,69,63,18,21,131,73,149,72,118,59,99,46,162,55,231,57,55,34
05017080400,Census Tract 804; Chicot County; Arkansas,1950,337,505,180,210,109,0,13,0,13,29,37,29,36,0,13,0,13,9,15,7,10,0,13,21,24,103,65,4,7,8,11,295,110,5,8,5,8,0,13,0,13,0,13,0,13,36,42,17,21,23,25,35,34,53,36,56,39,65,48,1445,348,697,177,34,42,0,13,7,12,75,98,0,13,0,13,77,55,102,71,57,52,68,49,93,50,96,52,88,40,748,201,34,42,0,13,90,92,0,13,0,13,25,39,0,13,64,55,92,48,52,48,219,76,96,58,76,51
05019953601,Census Tract 9536.01; Clark County; Arkansas,4059,352,1352,386,648,242,26,26,0,18,51,53,39,62,8,14,24,41,383,201,63,60,17,32,0,18,7,12,30,45,0,18,704,271,106,78,0,18,53,68,77,71,0,18,0,18,188,162,127,73,94,88,14,22,27,45,9,18,9,15,2707,459,1222,206,15,19,0,18,35,33,126,82,28,24,28,26,226,127,225,113,121,48,122,68,97,67,90,52,109,44,1485,348,0,18,0,18,93,73,98,73,46,71,120,75,197,150,153,84,141,66,141,93,233,94,178,70,85,42
05019953602,Census Tract 9536.02; Clark County; Arkansas,2721,383,536,190,208,122,2,3,0,13,7,11,2,5,7,12,0,13,107,104,17,24,15,18,19,20,8,14,4,6,20,41,328,146,0,13,3,6,80,113,0,13,0,13,0,13,127,94,37,41,36,34,0,13,32,47,11,13,2,4,2185,380,1094,204,118,70,5,6,99,56,45,34,10,14,17,19,103,57,118,59,123,62,180,83,132,43,90,37,54,30,1091,220,46,40,17,22,122,105,24,24,0,13,14,14,98,74,192,86,105,43,211,74,89,35,79,37,94,49
05019953700,Census Tract 9537; Clark County; Arkansas,3916,540,933,391,427,260,16,18,0,13,155,134,18,31,0,13,0,13,42,39,99,102,22,27,7,9,15,15,51,56,2,4,506,201,95,56,0,13,72,51,18,25,27,38,0,13,29,33,41,41,71,70,59,55,12,12,22,20,60,43,2983,414,1480,249,40,32,12,31,118,68,22,23,14,16,66,48,102,86,126,58,133,63,192,84,308,76,164,56,183,66,1503,237,91,61,21,29,9,11,42,37,0,13,11,13,160,128,135,69,242,94,122,50,355,91,196,53,119,52
05019953800,Census Tract 9538; Clark County; Arkansas,3212,382,575,192,224,108,26,37,0,13,17,32,0,13,0,13,0,13,53,51,36,37,0,13,32,37,41,41,19,21,0,13,351,141,74,96,0,13,0,13,0,13,0,13,0,13,67,75,56,51,24,29,41,48,14,22,37,42,38,26,2637,382,1308,256,84,64,0,13,66,46,112,84,9,19,52,59,100,72,415,145,67,38,187,50,83,44,84,49,49,30,1329,224,94,51,24,41,36,36,24,45,23,41,27,41,160,96,113,56,184,84,139,58,73,41,269,69,163,83
05019953901,Census Tract 9539.01; Clark County; Arkansas,1980,403,182,127,94,67,0,13,0,13,0,13,11,22,0,13,0,13,6,11,19,22,2,4,6,10,45,46,5,8,0,13,88,77,9,18,0,13,0,13,0,13,0,13,0,13,7,16,15,17,0,13,37,37,0,13,9,16,11,17,1798,392,978,215,72,48,15,31,77,52,34,52,17,29,0,13,83,99,71,44,76,48,127,68,175,84,173,107,58,43,820,225,24,33,0,13,13,17,12,17,20,35,0,13,94,138,20,30,140,73,150,74,209,115,76,40,62,60
05019953902,Census Tract 9539.02; Clark County; Arkansas,2980,380,232,97,89,52,0,13,0,13,0,13,0,13,0,13,0,13,0,13,9,16,20,18,9,11,45,46,6,10,0,13,143,78,0,13,0,13,0,13,0,13,24,37,0,13,0,13,0,13,5,8,13,15,35,51,45,48,21,20,2748,378,1371,250,52,38,52,44,96,57,52,37,12,20,49,48,111,80,73,50,279,89,121,75,144,58,207,119,123,58,1377,235,58,36,56,47,178,77,90,65,46,51,4,6,109,99,156,65,140,79,153,72,175,61,120,59,92,41
05021950100,Census Tract 9501; Clay County; Arkansas,1891,237,274,117,75,45,2,3,0,13,0,13,4,6,0,13,38,41,4,5,4,5,1,4,3,5,12,10,0,13,7,10,199,91,2,3,2,3,0,13,23,29,3,5,1,2,35,44,6,7,29,29,31,31,32,30,6,9,29,23,1617,250,813,141,54,34,20,25,23,27,25,27,0,13,15,14,30,24,63,41,103,44,180,89,162,47,32,21,106,46,804,155,14,14,6,10,29,20,36,33,8,11,54,42,53,35,45,39,71,26,178,63,99,41,132,61,79,41
05021950200,Census Tract 9502; Clay County; Arkansas,2086,307,367,174,170,103,7,11,0,13,31,45,6,11,0,13,31,38,26,35,6,11,7,12,6,8,31,29,9,11,10,12,197,85,6,9,7,12,10,13,7,11,6,9,0,13,11,16,17,15,24,24,13,11,20,30,42,35,34,29,1719,310,900,182,58,43,30,30,42,36,37,31,12,16,4,6,77,46,89,45,130,52,159,71,120,50,108,54,34,21,819,160,28,32,4,6,38,30,48,42,0,13,0,13,7,9,163,83,96,46,134,69,108,45,70,42,123,57
05021950300,Census Tract 9503; Clay County; Arkansas,1762,232,234,92,103,55,0,13,0,13,9,11,8,9,9,11,0,13,0,13,8,12,1,2,15,14,39,34,6,9,8,9,131,54,7,11,5,9,2,7,22,17,0,13,3,5,9,11,31,29,4,7,21,15,10,9,0,13,17,11,1528,240,776,118,40,29,2,3,29,26,11,11,0,13,11,12,126,69,49,28,57,28,121,51,160,62,54,22,116,57,752,153,30,28,0,13,38,22,13,14,18,15,7,9,44,34,91,54,48,23,157,76,129,52,107,55,70,30
05021950400,Census Tract 9504; Clay County; Arkansas,3108,161,541,187,149,95,0,13,0,13,39,60,0,13,0,13,0,13,18,19,11,19,25,30,15,27,5,9,32,37,4,9,392,133,51,41,0,13,12,19,26,41,17,30,40,27,28,27,35,40,67,49,10,18,0,13,32,39,74,55,2567,252,1269,146,20,27,22,29,67,59,9,16,9,15,49,44,69,50,241,83,138,61,203,68,140,67,198,115,104,58,1298,183,153,68,0,13,90,63,45,47,10,15,59,31,82,50,133,63,178,69,108,50,140,80,215,127,85,51
05021950500,Census Tract 9505; Clay County; Arkansas,1724,248,326,147,143,85,0,13,4,9,8,18,0,13,0,13,11,20,0,13,20,19,59,65,12,18,25,28,0,13,4,9,183,80,0,13,0,13,3,6,3,6,8,15,2,6,18,20,54,41,3,6,18,20,17,24,45,24,12,11,1398,265,685,165,52,34,0,13,17,16,35,27,10,12,21,23,63,35,99,67,127,63,38,32,56,36,123,62,44,23,713,146,34,24,0,13,36,34,6,10,30,23,20,16,54,35,90,51,79,35,109,64,110,42,68,37,77,42
05021950600,Census Tract 9506; Clay County; Arkansas,3647,250,707,275,336,174,53,53,15,21,57,40,48,48,36,47,0,13,5,10,45,45,0,13,28,34,22,24,27,24,0,13,371,143,0,13,24,26,0,13,39,42,8,15,0,13,51,53,61,48,57,49,25,24,40,43,19,24,47,38,2940,307,1528,215,115,58,36,48,86,68,121,95,0,13,24,26,122,67,266,89,121,62,126,64,223,64,174,74,114,47,1412,198,75,65,47,62,71,75,121,75,0,13,5,9,87,47,162,81,107,55,68,43,300,74,208,64,161,77
05023480100,Census Tract 4801; Cleburne County; Arkansas,3735,483,530,323,247,175,0,13,31,45,44,50,9,13,0,13,0,13,0,13,9,17,53,74,89,75,9,12,2,3,1,3,283,161,29,41,0,13,13,20,0,13,8,13,41,52,2,4,74,71,23,33,22,30,22,24,36,39,13,16,3205,493,1543,271,43,58,0,13,37,42,33,38,0,13,59,44,132,85,107,108,178,92,167,67,240,86,250,110,297,95,1662,295,64,49,0,13,73,69,132,79,19,22,58,43,77,70,126,81,201,96,164,71,302,94,272,115,174,64
05023480201,Census Tract 4802.01; Cleburne County; Arkansas,1779,311,177,109,76,66,18,27,0,13,18,23,0,13,0,13,0,13,0,13,11,14,12,21,0,13,6,11,0,13,11,12,101,57,5,10,0,13,12,22,7,13,0,13,0,13,0,13,24,25,0,13,18,24,6,12,0,13,29,26,1602,303,715,124,8,10,0,13,59,44,4,7,10,16,0,13,28,23,19,17,74,46,101,64,125,53,199,72,88,36,887,217,21,25,0,13,144,142,18,20,0,13,25,24,0,13,48,46,11,11,131,57,123,53,250,74,116,64
05023480203,Census Tract 4802.03; Cleburne County; Arkansas,2087,292,349,221,208,171,0,13,23,23,46,47,0,13,29,29,0,13,52,50,18,20,0,13,0,13,24,20,0,13,16,17,141,70,21,23,0,13,3,7,0,13,0,13,0,13,11,21,4,10,44,30,0,13,15,18,10,16,33,21,1738,364,892,200,43,46,9,13,40,47,37,34,0,13,8,13,24,31,91,62,49,31,158,84,132,51,160,58,141,64,846,190,8,14,0,13,23,29,36,46,0,13,9,15,45,43,50,61,80,55,110,53,179,57,244,83,62,42
05023480204,Census Tract 4802.04; Cleburne County; Arkansas,981,201,140,92,53,48,20,32,0,13,6,11,11,23,0,13,0,13,0,13,0,13,0,13,6,10,0,13,4,8,6,10,87,56,10,15,0,13,0,13,0,13,0,13,8,12,0,13,45,43,0,13,5,7,10,11,2,3,7,8,841,204,532,142,28,18,9,16,0,13,27,32,0,13,17,20,6,10,116,80,7,11,105,47,120,71,88,47,9,12,309,93,56,48,5,10,6,9,0,13,0,13,8,16,9,17,39,31,25,24,43,36,36,32,77,49,5,9
05023480301,Census Tract 4803.01; Cleburne County; Arkansas,2160,314,466,274,328,236,0,13,0,13,32,36,8,13,0,13,0,13,0,13,115,114,11,19,0,13,157,141,0,13,5,9,138,114,15,25,12,21,7,13,20,32,0,13,22,30,0,13,11,19,28,31,0,13,0,13,0,13,23,23,1694,297,807,176,12,20,0,13,9,14,26,40,42,44,0,13,36,35,22,27,219,119,64,51,160,104,120,51,97,57,887,184,6,12,6,20,198,74,0,13,11,24,48,57,23,33,22,42,130,65,139,89,112,45,112,43,80,46
05023480302,Census Tract 4803.02; Cleburne County; Arkansas,2903,365,324,244,144,137,25,43,23,40,25,42,0,13,0,13,0,13,20,29,0,13,25,43,14,22,0,13,0,13,12,19,180,116,0,13,0,13,24,41,0,13,0,13,0,13,0,13,46,62,0,13,14,23,11,19,21,20,64,47,2579,362,1424,224,124,74,0,13,123,58,36,57,35,54,77,62,109,74,193,98,149,101,84,78,222,96,107,83,165,77,1155,229,58,60,0,13,12,24,0,13,0,13,0,13,69,54,114,79,134,34,67,56,406,174,93,51,202,89
05023480400,Census Tract 4804; Cleburne County; Arkansas,4458,591,319,119,170,78,16,27,0,13,15,17,0,13,0,13,0,13,0,13,14,22,8,13,53,51,28,25,9,14,27,22,149,78,0,13,0,13,31,38,0,13,0,13,7,12,28,33,28,33,18,18,13,17,3,6,0,13,21,17,4139,585,2048,316,119,74,0,13,103,76,99,69,9,15,53,48,250,85,310,115,183,74,189,83,300,87,266,106,167,70,2091,330,63,62,8,12,131,126,98,86,26,39,41,34,194,93,204,86,178,105,226,79,339,91,244,86,339,154
05023480501,Census Tract 4805.01; Cleburne County; Arkansas,3110,424,664,322,270,185,0,13,0,13,0,13,53,51,0,13,35,44,16,27,10,17,44,55,8,12,27,30,77,96,0,13,394,196,10,16,0,13,28,33,17,28,23,35,0,13,96,88,37,47,61,63,20,32,66,72,28,34,8,12,2446,446,1183,228,4,11,8,14,132,62,79,79,24,31,0,13,84,60,15,17,129,87,153,74,199,96,227,87,129,47,1263,274,54,38,9,17,28,28,48,39,59,51,19,22,45,41,132,68,281,125,151,90,146,83,132,54,159,75
05023480502,Census Tract 4805.02; Cleburne County; Arkansas,3450,368,446,152,206,86,10,15,3,4,8,7,0,13,0,13,18,23,5,6,3,5,32,34,11,12,35,25,47,41,34,48,240,92,3,5,0,13,2,4,2,5,0,13,2,4,14,17,53,44,34,31,44,45,36,22,30,35,20,18,3004,399,1463,222,78,46,3,5,107,62,20,18,11,13,22,26,110,58,139,71,173,65,197,65,186,60,254,81,163,68,1541,229,70,45,0,13,113,55,47,33,11,12,32,43,123,76,113,63,146,43,198,69,162,64,316,78,210,95
05025970100,Census Tract 9701; Cleveland County; Arkansas,4104,351,698,279,268,126,0,13,0,13,37,45,19,24,11,22,0,13,39,62,25,40,54,88,29,34,39,37,12,19,3,5,430,201,0,13,0,13,44,54,84,73,0,13,51,64,0,13,23,23,93,69,19,30,52,48,44,48,20,21,3406,418,1720,225,103,32,11,18,122,54,116,84,11,20,26,30,145,60,209,88,230,87,149,50,269,71,215,46,114,51,1686,247,89,37,0,13,99,81,29,37,29,34,8,13,186,85,170,80,179,60,252,46,246,81,226,83,173,44
05025970200,Census Tract 9702; Cleveland County; Arkansas,3303,351,455,190,169,102,5,6,0,13,2,7,4,8,15,23,0,13,22,38,8,16,50,58,17,24,11,15,18,24,17,26,286,122,1,3,0,13,39,48,16,24,3,7,5,10,1,3,81,47,5,9,41,46,52,54,25,19,17,29,2848,339,1387,194,34,31,8,11,28,26,56,48,28,28,40,34,78,60,193,81,131,74,252,57,253,77,141,48,145,49,1461,214,65,37,0,13,56,45,155,74,100,53,18,20,74,55,88,50,212,87,154,48,220,67,223,68,96,41
05027950100,Census Tract 9501; Columbia County; Arkansas,4227,505,709,285,330,173,37,45,0,13,33,38,0,13,0,13,78,70,8,18,20,25,50,64,5,8,8,11,28,42,63,76,379,153,0,13,0,13,17,25,49,57,0,13,5,10,19,25,57,42,83,82,48,55,31,26,9,12,61,55,3518,549,1902,323,170,84,51,49,141,80,134,76,16,27,49,46,221,145,179,96,249,87,133,81,308,89,136,62,115,73,1616,285,153,73,47,43,103,85,105,93,33,45,58,56,80,96,197,94,219,93,163,81,220,75,103,60,135,54
05027950200,Census Tract 9502; Columbia County; Arkansas,4105,549,899,320,476,198,44,46,5,8,49,44,13,16,14,15,42,51,54,79,35,44,29,34,34,45,107,67,18,21,32,28,423,156,49,45,0,13,0,13,11,19,20,30,0,13,29,39,32,42,39,33,33,30,149,84,5,6,56,54,3206,566,1572,305,40,39,15,25,93,75,16,20,0,13,11,18,172,122,208,118,154,102,199,104,219,99,325,107,120,72,1634,336,61,48,0,13,110,95,23,20,0,13,27,44,273,233,139,89,160,82,115,72,344,114,231,76,151,61
05027950301,Census Tract 9503.01; Columbia County; Arkansas,859,211,134,127,50,56,0,13,0,13,0,13,0,13,0,13,0,13,11,16,0,13,0,13,0,13,39,47,0,13,0,13,84,76,0,13,0,13,0,13,0,13,0,13,21,31,0,13,0,13,19,29,0,13,38,37,6,12,0,13,725,191,294,119,3,6,0,13,0,13,0,13,0,13,26,42,14,26,0,13,67,37,9,18,106,62,35,26,34,35,431,113,34,27,0,13,56,42,0,13,29,52,0,13,2,22,15,17,97,54,8,40,34,41,69,44,87,76
05027950302,Census Tract 9503.02; Columbia County; Arkansas,3200,432,591,334,254,144,56,49,44,46,68,91,0,13,0,13,0,13,37,41,0,13,0,13,0,13,3,5,33,33,13,21,337,210,36,34,0,13,5,8,87,107,0,13,0,13,0,13,45,45,70,85,18,21,29,33,25,25,22,24,2609,448,1215,233,15,22,0,13,21,24,113,97,13,32,0,13,67,61,84,54,106,68,287,102,292,121,118,57,99,53,1394,283,13,26,0,13,30,37,12,18,0,13,20,35,358,168,86,66,64,52,368,142,148,69,223,76,72,41
05027950401,Census Tract 9504.01; Columbia County; Arkansas,2714,413,355,200,96,89,0,13,0,13,0,13,0,13,0,13,0,13,91,86,0,13,0,13,5,11,0,13,0,13,0,13,259,187,0,13,0,13,0,13,0,13,0,13,61,73,52,81,54,78,0,13,73,84,10,18,0,13,9,15,2359,414,1151,255,169,87,13,13,162,116,22,16,0,13,12,23,97,91,189,111,224,80,60,53,58,46,103,47,42,41,1208,255,56,51,0,13,178,104,64,73,0,13,11,23,136,119,224,94,100,77,42,38,59,40,205,90,133,67
05027950402,Census Tract 9504.02; Columbia County; Arkansas,1980,469,253,180,95,82,0,13,0,13,0,13,20,51,0,13,0,13,10,8,0,13,0,13,34,53,2,7,29,46,0,13,158,143,0,13,0,13,0,13,0,13,0,13,0,13,72,117,20,47,14,26,0,13,16,28,27,39,9,14,1727,505,811,249,16,39,0,13,134,81,10,18,9,17,67,81,8,16,244,168,12,36,156,122,82,60,13,21,60,57,916,342,32,64,0,13,8,17,10,22,15,31,0,13,0,13,404,283,127,96,137,52,108,74,26,30,49,54
05027950500,Census Tract 9505; Columbia County; Arkansas,3373,512,1701,401,476,160,91,60,25,44,51,51,77,91,9,17,0,13,0,13,103,102,36,45,53,75,0,13,19,23,12,20,1225,325,253,86,0,13,215,62,143,49,0,13,0,13,25,47,197,111,85,78,177,114,62,46,42,45,26,31,1672,467,920,264,30,43,0,13,21,31,15,25,0,13,0,13,160,124,173,136,140,85,126,70,56,47,157,104,42,34,752,274,25,36,0,13,0,13,0,13,74,88,0,13,95,143,63,63,34,41,120,62,76,48,118,67,147,121
05029950100,Census Tract 9501; Conway County; Arkansas,4622,511,859,333,441,204,72,58,43,53,33,45,5,8,0,13,33,39,0,13,76,75,53,49,24,23,56,65,46,38,0,13,418,207,55,65,0,13,45,63,0,13,0,13,0,13,32,40,130,85,23,28,14,16,41,40,31,36,47,41,3763,477,1813,279,42,59,5,9,72,62,71,52,23,25,70,45,99,66,126,99,197,85,326,110,273,91,259,83,250,85,1950,280,28,29,0,13,102,72,75,64,12,22,103,68,62,56,153,102,250,67,294,96,367,117,289,80,215,79
05029950200,Census Tract 9502; Conway County; Arkansas,3137,503,636,423,381,291,0,13,0,13,90,99,87,83,0,13,0,13,0,13,0,13,86,95,0,13,84,75,9,17,25,39,255,159,0,13,4,7,7,11,0,13,5,7,0,13,0,13,132,140,48,45,3,6,35,36,5,8,16,15,2501,377,1373,247,68,53,19,25,110,97,14,23,40,42,16,24,83,58,182,100,158,78,214,91,252,81,147,64,70,43,1128,207,31,34,20,28,97,74,10,18,13,22,61,67,55,46,102,56,122,60,153,69,212,70,120,77,132,64
05029950300,Census Tract 9503; Conway County; Arkansas,5131,473,1159,413,381,167,104,119,0,18,15,22,41,45,0,18,26,36,0,18,37,49,0,18,112,89,46,39,0,18,0,18,778,301,106,89,0,18,104,112,0,18,6,7,19,36,160,94,54,69,81,63,106,105,83,63,25,34,34,47,3972,620,2016,382,148,116,83,83,108,107,71,83,0,18,63,58,255,130,291,175,208,94,172,111,229,110,270,137,118,92,1956,335,24,30,33,52,113,95,69,69,11,21,11,21,210,145,139,144,272,106,238,120,300,73,290,133,246,121
05029950400,Census Tract 9504; Conway County; Arkansas,2745,353,885,260,344,132,24,36,35,30,61,40,0,13,0,13,7,13,37,49,31,47,9,13,20,25,76,52,44,48,0,13,541,164,38,35,0,13,88,56,51,29,0,13,7,12,73,79,79,51,23,21,92,76,25,27,62,53,3,6,1860,394,796,191,42,47,0,13,20,33,42,40,13,23,19,22,104,75,84,66,86,63,132,72,103,44,102,73,49,28,1064,268,22,20,20,27,156,104,175,80,4,8,0,13,38,40,185,109,69,48,142,63,110,51,79,52,64,46
05029950500,Census Tract 9505; Conway County; Arkansas,3103,508,382,206,221,131,19,37,0,13,13,20,17,25,16,26,4,8,22,33,7,11,6,10,4,8,85,69,19,30,9,13,161,84,3,7,0,13,0,13,17,26,0,13,0,13,0,13,15,26,9,11,0,13,79,54,26,19,12,14,2721,473,1455,269,52,41,0,13,205,103,76,62,10,17,8,11,109,62,213,100,165,80,194,91,211,71,105,45,107,47,1266,267,165,90,8,15,46,41,65,55,21,21,22,25,144,92,76,49,172,71,159,67,161,61,125,55,102,53
05029950600,Census Tract 9506; Conway County; Arkansas,1956,287,340,149,199,91,19,25,0,13,3,5,0,13,0,13,22,27,21,26,17,24,59,41,23,34,32,30,0,13,3,4,141,82,3,6,0,13,28,26,3,6,23,26,0,13,11,16,3,6,20,19,2,3,12,13,31,35,5,7,1616,306,861,193,16,19,15,15,41,32,13,13,0,13,11,13,17,13,220,128,78,40,77,33,142,56,139,64,92,40,755,163,28,23,6,10,42,33,38,34,2,3,15,14,38,33,67,41,83,42,143,72,109,41,117,48,67,34
05031000101,Census Tract 1.01; Craighead County; Arkansas,3993,838,1685,640,831,397,93,83,90,62,34,85,100,72,0,13,7,16,270,273,23,28,139,126,37,51,1,3,26,27,11,13,854,335,26,48,0,13,75,61,94,60,0,13,6,10,167,205,152,127,159,110,65,84,14,32,18,23,78,69,2308,638,1051,335,0,13,0,13,67,70,0,13,0,13,61,68,241,173,199,140,166,99,137,116,77,106,83,53,20,24,1257,450,0,13,0,13,0,13,103,126,19,32,21,49,87,115,113,82,154,113,246,171,227,146,104,62,183,149
05031000102,Census Tract 1.02; Craighead County; Arkansas,3422,535,840,483,431,280,100,92,0,13,11,19,23,33,0,13,38,61,25,47,57,76,37,44,93,106,33,40,6,11,8,13,409,235,107,154,0,13,52,77,7,12,18,25,0,13,38,37,94,77,27,46,0,13,10,17,56,79,0,13,2582,321,1326,224,66,78,5,12,62,40,48,46,11,19,51,70,123,79,274,124,85,62,141,58,208,112,133,58,119,58,1256,201,51,52,13,21,88,63,74,57,0,13,111,125,84,62,79,86,163,87,57,41,236,91,154,54,146,63
05031000200,Census Tract 2; Craighead County; Arkansas,4556,679,1666,610,755,326,71,78,9,15,58,54,34,48,9,21,43,43,72,69,68,89,137,128,24,33,119,101,99,95,12,19,911,437,121,112,0,13,105,88,0,13,0,13,0,13,199,222,172,129,86,88,147,112,57,73,10,47,14,19,2890,497,1503,315,69,55,10,16,132,74,57,44,48,47,18,21,126,107,167,122,255,98,178,107,217,98,200,110,26,37,1387,319,70,78,4,8,146,95,17,20,41,56,108,93,53,64,177,86,197,73,143,83,150,100,225,123,56,41
05031000300,Census Tract 3; Craighead County; Arkansas,6801,947,752,303,340,180,46,53,21,28,16,26,0,18,0,18,77,85,0,18,39,45,0,18,77,112,32,37,32,31,0,18,412,172,50,62,17,27,0,18,0,18,0,18,14,22,146,108,38,49,68,55,21,33,0,18,30,30,28,34,6049,1026,2561,505,70,50,55,54,386,209,117,86,16,27,100,126,130,84,262,111,410,195,381,185,181,120,297,111,156,70,3488,666,0,18,0,18,174,142,0,18,181,223,30,29,395,139,792,272,395,187,316,114,354,153,336,104,515,250
05031000401,Census Tract 4.01; Craighead County; Arkansas,6349,830,1798,747,560,315,93,95,0,18,146,131,0,18,0,18,22,35,20,72,176,149,50,56,40,47,0,18,13,23,0,18,1238,559,432,290,0,18,142,192,88,103,0,18,17,28,0,18,52,58,160,119,190,177,51,65,15,48,91,85,4551,861,2527,523,161,146,51,76,73,84,31,41,24,39,162,137,205,151,461,265,539,219,370,132,275,136,103,52,72,72,2024,479,120,96,0,18,289,182,146,112,17,28,0,18,100,68,393,203,293,136,309,140,113,77,106,94,138,98
05031000403,Census Tract 4.03; Craighead County; Arkansas,4159,615,1221,498,686,286,330,227,0,13,82,97,0,13,0,13,1,2,16,46,137,128,120,175,0,13,0,13,0,13,0,13,535,284,91,104,0,13,74,99,0,13,0,13,0,13,59,82,253,172,0,13,0,13,0,13,0,13,58,92,2938,732,1061,377,49,92,0,13,114,108,23,40,0,13,0,13,297,220,127,141,182,129,47,59,49,71,136,136,37,50,1877,531,0,13,0,13,123,111,47,86,92,100,52,85,298,261,162,149,227,129,554,222,67,84,28,49,227,167
05031000404,Census Tract 4.04; Craighead County; Arkansas,5293,866,956,528,352,232,0,18,0,18,48,69,38,50,0,18,0,18,34,56,108,85,83,99,21,48,0,18,20,48,0,18,604,380,0,18,0,18,57,71,0,18,0,18,37,53,115,115,164,220,81,68,46,73,21,28,83,108,0,18,4337,768,2380,529,26,43,23,39,249,97,332,243,0,18,0,18,293,202,594,281,102,91,250,205,354,210,64,53,93,64,1957,434,86,124,0,18,45,59,19,30,0,18,0,18,156,127,569,336,322,206,257,203,151,109,247,176,105,89
05031000501,Census Tract 5.01; Craighead County; Arkansas,9309,1090,1141,773,479,382,85,125,0,18,96,171,56,71,16,37,0,18,38,47,0,18,127,124,61,84,0,18,0,18,0,18,662,422,0,18,51,73,25,41,33,57,67,93,64,75,42,67,111,155,156,148,20,33,9,14,59,65,25,41,8168,956,3937,528,267,183,27,36,218,133,278,168,33,53,146,89,397,242,412,219,724,201,436,151,450,147,378,121,171,92,4231,586,225,154,78,68,385,211,266,175,30,40,94,61,324,182,572,240,858,260,414,160,471,117,273,106,241,115
05031000502,Census Tract 5.02; Craighead County; Arkansas,5934,810,1253,464,567,250,81,91,0,18,84,88,77,102,0,18,0,18,154,134,153,93,0,18,0,18,14,21,4,7,0,18,686,281,46,74,0,18,177,134,0,18,0,18,0,18,33,56,126,113,139,164,0,18,164,136,1,6,0,18,4681,810,2621,596,204,187,25,36,233,163,32,64,34,50,33,55,59,56,406,243,487,290,192,106,557,232,138,79,221,98,2060,401,94,84,0,18,47,73,6,16,0,18,45,41,116,71,435,196,221,142,107,68,498,249,413,185,78,62
05031000601,Census Tract 6.01; Craighead County; Arkansas,6154,985,2283,837,495,216,0,18,107,94,0,18,144,109,0,18,0,18,58,46,50,60,30,50,0,18,54,86,33,54,19,31,1788,738,19,24,143,90,506,260,30,51,0,18,0,18,422,351,102,117,441,309,34,42,91,119,0,18,0,18,3871,1079,1860,518,143,154,21,34,241,177,171,158,20,35,48,83,153,141,247,150,194,143,160,111,186,99,156,101,120,87,2011,661,116,113,33,48,143,146,0,18,45,108,157,228,147,160,321,222,201,190,210,120,313,154,194,78,131,77
05031000602,Census Tract 6.02; Craighead County; Arkansas,3277,596,1786,541,762,252,153,114,0,18,73,74,10,17,13,23,0,18,124,86,224,147,63,58,25,29,32,32,45,60,0,18,1024,438,199,182,0,18,189,134,49,50,0,18,0,18,99,106,264,181,52,48,54,47,95,66,21,26,2,4,1491,386,869,273,30,49,0,18,26,30,21,36,25,36,45,67,156,92,234,128,136,97,98,73,81,67,9,15,8,12,622,250,0,18,0,18,0,18,56,89,0,18,0,18,230,164,90,53,120,84,60,49,41,54,7,12,18,29
05031000701,Census Tract 7.01; Craighead County; Arkansas,4304,583,321,445,66,97,0,13,0,13,0,13,0,13,0,13,0,13,0,13,66,97,0,13,0,13,0,13,0,13,0,13,255,350,121,168,0,13,0,13,0,13,0,13,0,13,74,98,0,13,60,90,0,13,0,13,0,13,0,13,3983,629,1995,344,134,116,0,13,190,103,125,95,11,18,29,33,101,60,185,116,345,155,246,125,252,151,258,128,119,71,1988,397,79,66,37,57,111,90,113,102,61,68,41,51,73,49,207,125,274,127,189,100,418,208,292,111,93,53
05031000702,Census Tract 7.02; Craighead County; Arkansas,3858,736,556,322,234,143,114,121,0,13,0,13,21,34,0,13,0,13,0,13,0,13,0,13,13,23,0,13,71,51,15,23,322,204,0,13,0,13,66,80,25,38,17,31,0,13,0,13,9,15,77,71,13,21,103,66,0,13,12,19,3302,795,1707,374,69,74,17,23,111,91,90,69,54,54,169,121,167,118,90,63,208,115,434,162,174,106,77,52,47,27,1595,496,293,305,26,33,147,112,20,29,0,13,29,40,65,79,123,87,230,111,291,167,192,77,131,62,48,34
05031000803,Census Tract 8.03; Craighead County; Arkansas,5729,891,203,189,82,97,0,18,0,18,12,21,0,18,0,18,0,18,0,18,15,25,25,43,14,27,16,28,0,18,0,18,121,119,0,18,0,18,0,18,18,35,0,18,0,18,58,59,0,18,0,18,27,34,0,18,0,18,18,28,5526,879,2905,529,201,136,53,60,148,93,125,74,73,77,110,95,244,135,350,123,472,235,365,155,214,113,390,136,160,159,2621,425,196,83,41,37,292,144,165,105,23,31,9,17,80,71,318,129,451,141,244,136,196,120,459,199,147,174
05031000804,Census Tract 8.04; Craighead County; Arkansas,3052,481,274,231,153,151,10,18,0,13,30,32,56,61,21,30,0,13,6,12,0,13,0,13,0,13,30,33,0,13,0,13,121,108,0,13,0,13,31,60,0,13,0,13,0,13,25,33,8,14,26,35,0,13,31,34,0,13,0,13,2778,501,1414,277,35,46,0,13,109,80,61,54,63,58,7,13,101,77,170,137,39,33,272,127,208,105,200,70,149,101,1364,265,0,13,53,82,86,71,61,64,22,25,30,45,30,29,144,99,106,80,269,133,209,127,298,101,56,64
05031000805,Census Tract 8.05; Craighead County; Arkansas,3902,523,860,485,439,276,0,13,36,61,37,51,54,86,0,13,0,13,173,146,13,23,48,64,0,13,57,88,0,13,21,28,421,271,20,29,0,13,154,147,0,13,0,13,0,13,145,188,13,23,57,89,0,13,0,13,11,18,21,34,3042,509,1265,269,0,13,59,88,25,28,69,59,12,21,61,37,207,109,165,84,121,86,121,79,179,87,114,101,132,67,1777,337,89,56,0,13,26,44,124,84,0,13,39,29,342,173,298,188,147,81,186,88,295,128,127,84,104,59
05031000806,Census Tract 8.06; Craighead County; Arkansas,4148,416,140,102,53,61,17,28,0,13,0,13,0,13,0,13,0,13,0,13,17,28,0,13,19,26,0,13,0,13,0,13,87,63,0,13,0,13,0,13,0,13,0,13,0,13,0,13,42,50,15,25,9,16,0,13,9,14,12,19,4008,435,2139,298,118,89,36,40,152,99,90,51,26,32,142,86,317,127,155,116,335,91,331,112,226,93,139,56,72,48,1869,249,34,37,20,31,218,82,95,85,55,57,16,27,141,86,77,59,352,121,409,118,171,88,224,62,57,56
05031000900,Census Tract 9; Craighead County; Arkansas,5989,562,715,173,286,91,71,47,3,6,38,23,17,14,0,18,18,24,13,14,38,25,24,19,6,11,34,24,24,16,0,18,429,114,41,28,2,3,57,34,10,12,0,18,17,20,40,26,94,44,42,25,33,27,50,36,22,16,21,15,5274,549,2799,325,248,149,70,65,163,56,68,38,122,52,50,32,185,74,562,169,205,63,419,107,337,94,206,72,164,81,2475,317,144,89,9,9,192,65,103,55,21,19,56,39,193,105,279,113,279,74,272,83,455,132,271,91,201,88
05031001000,Census Tract 10; Craighead County; Arkansas,3744,391,591,217,264,115,47,44,29,26,7,9,1,3,13,19,17,24,62,59,16,20,14,28,41,42,0,13,17,12,0,13,327,128,32,24,0,13,3,8,29,33,23,34,30,36,19,14,47,40,18,21,55,51,22,21,22,17,27,23,3153,368,1665,241,24,23,16,16,135,80,65,29,44,32,52,42,107,49,253,99,233,101,226,64,219,62,173,59,118,68,1488,185,172,91,0,13,66,36,82,36,12,11,19,23,91,46,262,87,113,60,188,71,175,63,136,51,172,56
05031001101,Census Tract 11.01; Craighead County; Arkansas,5023,644,433,246,177,110,0,18,0,18,43,65,7,12,8,12,0,18,18,23,0,18,49,48,0,18,0,18,44,63,8,13,256,169,48,73,0,18,0,18,8,12,0,18,15,18,11,19,53,70,8,12,23,25,54,62,6,25,30,24,4590,738,2413,440,104,115,48,45,342,154,132,86,32,34,24,25,71,46,456,228,335,141,413,172,258,131,146,61,52,36,2177,462,92,136,43,69,227,192,13,21,61,63,15,19,65,49,414,191,426,166,314,143,224,129,174,62,109,90
05031001102,Census Tract 11.02; Craighead County; Arkansas,4841,438,419,256,112,67,0,13,11,19,15,22,24,36,0,13,0,13,19,23,19,23,0,13,24,27,0,13,0,13,0,13,307,203,99,115,12,18,12,20,0,13,0,13,18,28,8,13,35,35,25,38,0,13,49,54,21,23,28,31,4422,452,2313,285,163,109,108,97,122,71,16,29,10,17,75,61,164,127,488,193,296,111,240,117,438,130,69,38,124,65,2109,327,203,157,46,55,181,91,83,69,96,67,65,62,62,52,456,191,208,79,261,107,231,123,103,51,114,67
05031001200,Census Tract 12; Craighead County; Arkansas,4568,413,777,271,405,172,20,18,9,15,35,23,32,30,26,30,61,71,23,22,52,35,59,42,59,47,21,26,4,7,4,6,372,130,45,52,1,3,57,33,30,45,0,13,7,10,37,29,76,53,39,28,20,19,26,25,24,19,10,13,3791,505,2005,362,165,156,63,70,116,84,85,71,41,36,119,79,90,57,360,175,310,130,181,74,267,96,147,59,61,36,1786,307,65,50,0,13,135,100,95,84,77,67,89,63,93,59,282,106,138,59,274,104,288,119,165,68,85,51
05033020101,Census Tract 201.01; Crawford County; Arkansas,2825,432,400,159,174,91,0,13,0,13,8,11,0,13,0,13,2,5,0,13,86,79,2,3,8,9,33,30,29,28,6,11,226,107,8,12,0,13,0,13,17,17,0,13,4,6,6,9,6,9,7,10,77,65,31,22,23,23,47,59,2425,447,1329,285,121,81,1,3,101,79,5,17,49,50,1,2,5,7,115,55,285,125,210,97,237,79,114,62,85,54,1096,253,62,74,1,3,69,45,52,43,135,121,6,24,129,59,84,51,162,83,58,41,107,62,184,78,47,33
05033020102,Census Tract 201.02; Crawford County; Arkansas,2559,628,775,540,493,370,177,147,0,13,105,115,15,24,0,13,17,26,13,20,21,25,33,29,64,90,48,44,0,13,0,13,282,193,0,13,13,19,24,36,34,35,0,13,0,13,28,53,45,42,87,125,37,36,0,13,5,9,9,15,1784,361,868,182,17,27,0,13,54,66,24,31,0,13,0,13,56,58,117,86,76,58,183,118,191,85,73,56,77,51,916,224,0,13,7,12,54,54,0,13,0,13,2,4,47,37,207,165,105,69,135,98,164,80,65,54,130,65
05033020204,Census Tract 202.04; Crawford County; Arkansas,6023,973,567,424,296,252,29,56,0,18,0,18,22,48,0,18,16,34,71,115,0,18,81,101,0,18,54,73,0,18,23,35,271,237,9,19,0,18,41,63,0,18,0,18,0,18,0,18,15,33,69,95,4,16,48,60,61,74,24,31,5456,939,2648,484,62,68,118,177,393,208,34,58,0,18,0,18,194,92,318,163,289,159,185,87,457,164,400,227,198,141,2808,574,162,141,75,102,82,94,51,53,0,18,26,51,158,123,410,254,486,175,198,111,376,205,443,198,341,128
05033020205,Census Tract 202.05; Crawford County; Arkansas,3987,845,997,816,308,223,72,82,0,13,98,105,0,13,38,59,0,13,0,13,0,13,0,13,28,32,16,24,0,13,56,75,689,704,49,48,0,13,145,200,97,133,53,76,188,251,0,13,44,49,0,13,18,22,69,77,20,25,6,9,2990,653,1423,308,10,18,16,23,38,35,9,16,13,20,124,90,91,64,70,55,202,65,263,120,210,91,273,176,104,63,1567,435,64,66,0,13,40,40,64,64,86,42,93,74,89,72,96,71,90,61,232,140,466,269,165,94,82,44
05033020206,Census Tract 202.06; Crawford County; Arkansas,1733,324,352,191,138,91,12,17,0,13,0,13,28,36,17,27,0,13,7,11,11,16,30,28,5,9,19,23,9,11,0,13,214,125,0,13,0,13,11,17,9,15,23,38,13,20,0,13,14,19,58,47,24,23,52,67,10,13,0,13,1381,320,683,164,31,33,0,13,11,17,8,10,14,21,2,5,27,35,49,30,46,33,74,50,194,78,181,91,46,36,698,186,30,33,3,5,18,18,21,19,8,18,20,28,50,59,86,61,51,40,116,63,156,69,133,52,6,7
05033020207,Census Tract 202.07; Crawford County; Arkansas,3820,548,278,181,181,139,27,37,4,6,14,22,0,13,0,13,0,13,19,22,42,58,0,13,0,13,0,13,17,26,58,67,97,71,0,13,0,13,0,13,0,13,0,13,0,13,0,13,21,29,0,13,22,36,12,20,42,47,0,13,3542,519,1819,298,137,65,0,13,131,73,90,52,81,83,56,46,160,96,240,133,233,103,207,95,196,97,191,129,97,59,1723,320,139,89,0,13,69,54,46,45,0,13,95,93,160,123,296,123,176,103,373,184,55,39,249,148,65,41
05033020208,Census Tract 202.08; Crawford County; Arkansas,3654,524,589,314,167,117,0,13,0,13,5,40,0,13,0,13,19,28,29,40,11,23,0,13,31,47,40,52,32,47,0,13,422,245,0,13,0,13,11,25,31,50,0,13,9,79,61,72,14,21,55,95,137,126,77,76,0,13,27,34,3065,486,1503,284,70,66,33,38,153,94,65,64,0,13,30,38,58,77,393,154,189,107,125,92,159,93,70,49,158,104,1562,332,143,80,11,21,173,90,58,67,16,26,38,53,61,68,320,123,81,66,186,120,90,57,183,130,202,143
05033020301,Census Tract 203.01; Crawford County; Arkansas,4127,571,423,305,197,160,0,13,0,13,36,54,37,54,0,13,0,13,0,13,4,8,58,58,0,13,50,59,12,19,0,13,226,182,30,47,23,32,23,32,30,34,0,13,0,13,0,13,41,53,9,13,11,13,19,22,32,32,8,12,3704,565,1642,306,169,118,0,13,80,56,110,84,35,43,37,44,68,50,260,113,284,147,180,82,180,79,128,57,111,74,2062,414,189,125,0,13,73,52,41,34,89,91,36,39,223,122,334,161,237,114,281,145,146,53,253,75,160,101
05033020302,Census Tract 203.02; Crawford County; Arkansas,4183,702,422,229,138,99,0,13,0,13,32,40,5,10,0,13,0,13,0,13,21,21,10,18,0,13,34,60,20,22,16,19,284,161,20,34,0,13,0,13,16,25,0,13,0,13,0,13,121,112,0,13,34,49,59,67,8,13,26,32,3761,686,2025,406,128,65,26,41,93,99,40,65,40,44,47,55,125,78,378,154,241,138,396,191,183,59,186,73,142,73,1736,341,96,56,8,15,230,118,25,38,12,20,0,13,154,74,162,106,364,139,202,113,174,63,121,57,188,76
05033020401,Census Tract 204.01; Crawford County; Arkansas,5242,593,733,259,367,144,21,24,20,27,31,33,0,18,29,36,3,6,77,85,50,29,33,39,59,40,32,35,3,5,9,15,366,165,62,59,0,18,23,31,5,10,41,61,0,18,51,71,31,34,33,32,0,18,68,47,24,21,28,26,4509,626,2210,350,83,58,59,70,134,89,68,56,15,20,65,55,202,130,268,101,249,125,279,138,305,105,329,118,154,77,2299,424,151,90,34,49,197,108,82,61,41,43,23,28,185,105,339,147,195,108,304,121,478,159,142,59,128,66
05033020402,Census Tract 204.02; Crawford County; Arkansas,4174,529,518,167,240,86,13,17,0,13,3,5,14,12,8,15,3,6,4,8,22,22,17,21,58,41,84,60,0,13,14,12,278,112,27,31,6,10,19,21,3,4,0,13,0,13,53,37,29,28,24,21,28,24,24,20,49,38,16,14,3656,495,2021,326,119,58,11,14,102,54,39,28,36,32,39,24,295,137,165,52,240,85,284,96,275,108,221,66,195,76,1635,226,79,56,0,13,127,54,45,27,20,23,76,48,98,65,182,74,239,91,221,69,217,45,132,48,199,63
05033020501,Census Tract 205.01; Crawford County; Arkansas,4290,479,1281,532,643,280,82,63,25,39,70,91,45,49,34,32,66,73,152,129,58,53,34,39,22,28,55,47,0,13,0,13,638,286,69,58,17,25,41,39,47,46,0,13,27,40,169,171,91,69,71,67,9,16,80,64,10,17,7,12,3009,513,1516,292,15,24,100,84,43,40,24,27,0,13,62,50,125,96,264,169,322,127,151,77,305,138,62,42,43,30,1493,286,68,37,7,11,147,80,42,57,9,26,17,26,163,118,136,71,319,155,183,88,217,106,83,49,102,48
05033020502,Census Tract 205.02; Crawford County; Arkansas,4208,655,941,316,333,159,30,33,0,13,48,47,0,13,0,13,0,13,9,15,78,92,75,90,57,58,15,20,21,25,0,13,608,197,10,16,46,72,64,59,0,13,11,20,10,16,23,28,32,43,115,87,55,43,162,104,68,46,12,13,3267,682,1660,392,47,53,47,53,251,185,85,77,36,49,87,93,91,89,384,162,85,62,103,62,263,176,123,59,58,69,1607,359,130,97,25,34,229,134,80,67,0,13,0,13,27,32,264,122,184,122,208,139,147,59,207,90,106,51
05033020601,Census Tract 206.01; Crawford County; Arkansas,2128,502,271,193,74,81,0,13,0,13,0,13,0,13,24,40,0,13,0,13,2,4,0,13,28,35,20,32,0,13,0,13,197,131,10,18,0,13,35,42,0,13,0,13,2,4,5,10,0,13,26,32,0,13,88,77,31,53,0,13,1857,526,1010,308,58,70,0,13,74,74,0,13,0,13,0,13,67,63,132,84,101,87,260,152,121,74,159,75,38,33,847,254,66,74,0,13,19,41,38,53,0,13,0,13,53,58,103,100,100,88,175,127,127,67,100,63,66,50
05033020602,Census Tract 206.02; Crawford County; Arkansas,6606,612,1451,649,892,472,84,105,58,53,214,127,202,172,100,92,0,18,41,50,52,54,33,58,75,94,32,37,1,3,0,18,559,256,0,18,0,18,121,160,69,92,0,18,54,69,29,40,0,18,147,121,30,46,67,50,37,46,5,9,5155,900,2398,369,101,94,0,18,139,126,238,127,0,18,11,18,401,168,271,146,300,140,332,105,318,141,192,103,95,67,2757,623,65,65,76,87,192,134,197,143,121,112,0,18,306,138,157,125,487,197,230,99,249,105,425,125,252,113
05035030101,Census Tract 301.01; Crittenden County; Arkansas,2163,350,754,264,288,108,31,36,0,13,72,69,0,13,0,13,23,32,7,13,61,57,21,33,7,10,44,30,14,17,8,12,466,191,133,106,0,13,42,33,18,22,0,13,32,35,64,42,46,41,57,47,32,37,11,16,24,30,7,11,1409,371,623,206,62,60,28,34,70,69,25,27,0,13,5,7,66,48,35,38,75,58,89,48,117,101,46,27,5,9,786,264,165,106,0,13,43,46,16,18,91,70,41,45,60,59,109,83,53,35,58,40,96,49,41,19,13,20
05035030102,Census Tract 301.02; Crittenden County; Arkansas,2561,462,821,379,220,128,37,36,16,21,18,24,44,43,7,15,18,25,13,17,0,13,0,13,24,26,0,13,7,12,36,53,601,326,11,18,0,13,71,78,45,51,0,13,0,13,124,106,30,38,212,189,59,39,18,31,0,13,31,41,1740,428,738,250,68,96,12,21,0,13,45,60,0,13,0,13,80,82,70,51,138,115,48,40,143,72,97,68,37,33,1002,289,0,13,0,13,28,38,67,63,26,35,0,13,93,62,114,90,181,103,98,58,242,120,81,54,72,42
05035030201,Census Tract 302.01; Crittenden County; Arkansas,5169,568,704,394,314,259,77,121,0,18,15,31,15,31,0,18,0,18,87,95,0,18,14,27,14,33,42,59,0,18,50,76,390,250,40,58,0,18,49,64,15,30,0,18,0,18,60,77,66,80,83,83,11,29,34,46,19,31,13,23,4465,567,2036,297,107,98,5,26,28,40,106,94,29,65,37,53,246,110,358,158,405,143,201,111,317,148,109,95,88,83,2429,419,193,168,80,122,125,130,47,72,36,62,0,18,150,130,431,138,304,174,303,174,324,112,235,107,201,92
05035030202,Census Tract 302.02; Crittenden County; Arkansas,3312,427,186,102,36,41,0,13,0,13,0,13,0,13,0,13,12,21,0,13,0,13,0,13,13,18,0,13,0,13,11,17,150,95,0,13,0,13,10,15,0,13,0,13,0,13,0,13,8,14,10,17,13,25,55,79,18,26,36,45,3126,435,1457,253,41,41,30,34,131,81,14,23,13,22,70,61,115,81,114,70,178,107,137,63,181,66,224,80,209,102,1669,263,136,132,0,13,87,67,27,38,19,23,0,13,171,91,125,74,154,79,233,89,219,74,239,87,259,134
05035030301,Census Tract 303.01; Crittenden County; Arkansas,2668,400,708,397,314,218,126,95,0,13,89,77,25,43,0,13,0,13,43,68,23,42,0,13,0,13,0,13,0,13,8,13,394,214,36,58,16,26,114,108,0,13,0,13,27,41,0,13,74,68,21,32,84,81,22,35,0,13,0,13,1960,284,1118,210,94,86,0,13,48,49,35,49,0,13,0,13,254,114,173,96,72,94,107,70,111,80,166,74,58,37,842,168,7,13,0,13,0,13,9,17,0,13,71,96,20,25,38,42,238,89,75,82,98,66,180,82,106,61
05035030302,Census Tract 303.02; Crittenden County; Arkansas,2649,487,1204,462,429,183,37,60,81,110,46,63,53,60,0,13,0,13,44,66,72,58,6,11,25,26,19,26,26,34,20,34,775,330,0,13,40,67,149,131,58,62,0,13,0,13,61,67,114,109,42,46,44,46,80,64,139,78,48,57,1445,418,664,190,58,84,0,13,56,36,44,40,0,13,0,13,94,60,164,105,92,67,118,68,12,22,26,29,0,13,781,285,0,13,0,13,163,155,30,42,0,13,0,13,67,75,213,132,45,38,111,58,89,62,53,47,10,18
05035030503,Census Tract 305.03; Crittenden County; Arkansas,1732,336,630,242,285,136,30,30,34,38,78,48,25,25,29,40,0,13,0,13,18,27,14,18,16,23,37,29,4,6,0,13,345,187,61,86,10,17,40,40,0,13,0,13,0,13,0,13,119,70,22,22,24,23,21,22,28,25,20,26,1102,284,528,155,14,15,20,30,21,26,14,20,22,21,32,34,10,16,139,109,75,43,47,37,73,44,52,36,9,12,574,194,44,50,0,13,37,43,36,39,14,21,43,47,46,35,88,77,62,31,66,36,54,28,63,29,21,19
05035030601,Census Tract 306.01; Crittenden County; Arkansas,597,145,202,82,65,33,3,5,0,13,10,13,11,13,0,13,0,13,3,4,7,10,0,13,4,5,0,13,24,24,3,6,137,67,27,36,10,13,18,14,0,13,3,5,6,9,0,13,17,16,6,8,8,8,19,19,11,11,12,13,395,137,224,91,0,13,0,13,5,7,11,15,5,6,2,5,46,47,10,9,15,13,27,25,73,46,28,36,2,3,171,74,0,13,4,6,7,12,1,2,0,13,0,13,17,22,3,6,5,6,31,19,53,35,37,48,13,13
05035030602,Census Tract 306.02; Crittenden County; Arkansas,3540,419,1002,461,536,257,40,43,0,13,60,80,0,13,123,108,0,13,0,13,165,143,75,42,5,8,41,93,13,18,14,21,466,249,18,26,0,13,0,13,153,129,0,13,0,13,53,68,66,80,23,27,44,68,46,43,39,52,24,22,2538,457,1399,293,160,97,31,29,157,113,49,43,0,13,29,28,53,58,151,89,71,47,75,51,315,131,212,108,96,48,1139,236,19,19,1,4,81,72,85,74,0,13,8,15,186,135,218,116,103,63,166,74,110,43,98,40,64,42
05035030701,Census Tract 307.01; Crittenden County; Arkansas,1151,288,124,81,74,60,6,9,4,8,18,19,12,14,0,13,4,5,4,9,6,7,0,13,14,15,0,13,6,9,0,13,50,27,0,13,0,13,0,13,1,4,0,13,0,13,1,2,15,17,16,15,2,4,4,6,7,8,4,6,1027,296,477,136,14,21,11,17,38,32,27,36,0,13,5,8,53,56,50,30,50,55,82,44,71,29,65,37,11,12,550,184,23,30,0,13,36,32,114,95,0,13,6,9,39,30,55,39,19,24,71,39,64,37,91,59,32,28
05035030702,Census Tract 307.02; Crittenden County; Arkansas,1008,174,402,200,185,88,22,33,0,13,83,55,32,38,0,13,0,13,5,8,6,10,11,14,12,15,0,13,14,21,0,13,217,126,0,13,25,31,19,29,19,28,5,7,0,13,24,33,43,44,4,5,37,28,3,4,38,33,0,13,606,190,370,127,13,14,0,13,4,7,63,63,0,13,0,13,23,29,34,30,100,73,49,28,38,33,30,16,16,16,236,106,8,11,0,13,2,4,0,13,38,48,0,13,17,17,44,47,23,25,41,32,35,18,28,21,0,13
05035030703,Census Tract 307.03; Crittenden County; Arkansas,924,192,213,107,118,65,35,33,0,13,20,23,6,9,0,13,0,13,8,12,0,13,22,30,4,7,23,33,0,13,0,13,95,58,0,13,0,13,19,25,4,7,0,13,0,13,12,17,18,29,10,15,24,23,8,13,0,13,0,13,711,188,382,98,9,11,1,5,16,22,0,13,19,20,13,15,37,38,54,40,51,35,30,19,120,58,21,20,11,14,329,129,2,6,6,16,39,32,7,9,0,13,0,13,34,38,57,45,7,11,67,62,65,35,31,29,14,15
05035030803,Census Tract 308.03; Crittenden County; Arkansas,1798,254,79,45,26,24,0,13,0,13,0,13,0,13,0,13,0,13,3,6,0,13,0,13,0,13,17,21,0,13,6,9,53,33,0,13,0,13,0,13,0,13,0,13,0,13,4,8,11,15,12,22,2,5,11,17,0,13,13,11,1719,264,851,161,36,26,0,13,127,106,64,43,34,29,7,11,66,42,94,50,115,50,65,36,145,43,52,33,46,24,868,155,48,48,24,27,62,61,41,37,22,28,14,22,41,27,133,83,106,45,105,42,90,39,99,49,83,43
05035030804,Census Tract 308.04; Crittenden County; Arkansas,4449,508,402,222,149,109,16,26,40,52,25,36,0,13,0,13,0,13,23,26,22,37,0,13,6,10,17,22,0,13,0,13,253,131,5,8,0,13,32,62,22,21,0,13,0,13,35,36,70,73,63,58,11,19,15,18,0,13,0,13,4047,607,1848,369,133,74,30,47,264,175,47,30,10,17,87,57,151,88,266,115,223,87,322,164,174,104,122,38,19,16,2199,333,132,74,15,23,209,81,95,59,66,73,150,72,126,81,394,186,281,132,335,120,252,78,101,39,43,32
05035030805,Census Tract 308.05; Crittenden County; Arkansas,3109,403,431,236,158,169,31,41,0,13,44,63,44,63,0,13,0,13,16,28,0,13,0,13,0,13,14,18,0,13,9,14,273,169,59,89,0,13,0,13,0,13,0,13,0,13,52,68,85,76,0,13,0,13,49,56,9,14,19,21,2678,439,1450,266,142,88,23,28,84,76,50,54,38,41,47,36,146,120,329,130,119,69,220,100,86,53,86,49,80,45,1228,282,69,60,30,40,40,47,66,102,15,25,27,31,144,87,147,99,155,67,255,164,156,91,37,28,87,45
05035030806,Census Tract 308.06; Crittenden County; Arkansas,3928,412,300,182,175,169,0,13,0,13,86,118,0,13,0,13,11,18,0,13,6,11,0,13,57,56,0,13,15,25,0,13,125,98,0,13,0,13,0,13,0,13,0,13,0,13,46,65,2,5,2,5,3,5,67,74,0,13,5,8,3628,426,1845,253,185,97,21,31,215,100,85,66,97,73,55,48,104,78,161,94,281,114,267,79,135,62,178,66,61,44,1783,288,67,58,0,13,176,72,53,35,93,70,128,96,150,77,99,66,330,81,294,113,212,78,134,70,47,35
05035030807,Census Tract 308.07; Crittenden County; Arkansas,1648,240,201,104,101,65,1,2,0,13,17,17,25,20,8,14,16,18,11,14,0,13,1,2,3,4,12,13,0,13,7,10,100,54,6,7,0,13,19,17,0,13,0,13,8,10,7,6,16,13,2,3,18,14,12,13,9,10,3,3,1447,235,739,133,57,32,0,13,98,48,30,28,9,10,51,44,55,30,27,16,126,33,87,29,91,29,95,30,13,11,708,131,23,18,2,4,23,17,58,37,7,6,31,24,46,23,53,26,101,56,192,60,72,25,90,29,10,11
05035031000,Census Tract 310; Crittenden County; Arkansas,1185,269,80,42,40,27,0,13,0,13,0,13,0,13,3,5,4,6,1,4,0,13,0,13,5,6,21,22,3,4,3,5,40,32,1,4,0,13,0,13,0,13,0,13,0,13,0,13,1,3,0,13,0,13,3,5,14,18,21,24,1105,276,518,149,22,18,0,13,30,24,31,25,16,17,9,17,51,41,8,8,40,21,89,47,128,88,43,26,51,33,587,160,9,8,0,13,69,35,6,8,24,28,47,50,33,21,37,24,94,36,93,57,75,36,73,59,27,17
05035031100,Census Tract 311; Crittenden County; Arkansas,1602,328,702,240,273,114,27,39,14,18,43,40,1,8,0,13,26,38,75,81,1,8,2,5,9,11,75,87,0,13,0,13,429,165,109,55,23,34,18,26,8,13,0,13,13,18,38,27,41,38,23,27,21,20,97,69,33,22,5,9,900,255,463,142,25,39,0,13,20,21,14,36,7,12,0,13,19,27,96,95,84,41,25,23,58,40,83,56,32,25,437,175,3,40,0,13,11,24,16,26,0,13,41,43,44,54,1,15,64,44,24,25,70,50,131,83,32,33
05035031200,Census Tract 312; Crittenden County; Arkansas,1567,302,539,253,205,92,0,13,3,5,34,35,0,13,6,11,0,13,8,12,6,12,41,42,54,42,43,46,6,8,4,6,334,178,115,98,0,13,48,54,31,36,0,13,0,13,0,13,43,53,12,16,0,13,34,36,14,14,37,39,1028,268,545,162,32,38,31,37,25,31,12,19,0,13,50,51,67,52,31,31,71,55,81,43,42,35,69,29,34,36,483,131,0,13,0,13,25,32,69,84,0,13,8,14,20,26,30,30,65,35,46,41,84,44,67,35,69,48
05037950100,Census Tract 9501; Cross County; Arkansas,899,204,214,69,116,42,7,11,0,13,12,10,0,13,0,13,0,13,0,13,9,15,0,13,23,17,29,26,26,23,10,14,98,46,0,13,0,13,6,10,16,14,0,13,0,13,0,13,5,9,0,13,13,10,15,17,31,29,12,12,685,198,368,129,32,32,7,12,27,25,14,17,2,3,5,8,67,51,16,15,16,29,43,48,41,24,58,38,40,28,317,97,11,13,0,13,24,35,18,17,0,13,8,11,24,19,23,27,37,26,33,29,62,37,59,35,18,12
05037950200,Census Tract 9502; Cross County; Arkansas,3069,320,600,226,260,107,0,13,0,13,7,13,8,14,0,13,23,26,0,13,3,7,56,47,21,25,53,67,18,18,71,53,340,157,0,13,0,13,38,45,0,13,0,13,12,20,49,60,0,13,45,45,53,65,61,46,70,66,12,12,2469,396,1246,226,111,64,24,28,30,22,28,33,4,7,57,49,131,63,198,94,77,52,235,71,165,67,128,48,58,30,1223,215,68,61,4,8,100,84,36,33,3,5,7,13,74,53,214,93,68,47,133,58,239,89,227,76,50,28
05037950300,Census Tract 9503; Cross County; Arkansas,1512,241,313,146,91,50,25,29,0,13,16,14,1,4,0,13,0,13,0,13,4,6,5,8,27,24,0,13,0,13,13,14,222,118,8,12,0,13,55,48,2,4,0,13,36,33,0,13,31,25,2,3,16,14,55,36,8,9,9,12,1199,251,615,137,19,18,0,13,50,39,25,24,2,4,23,18,62,36,70,46,29,25,95,66,81,42,90,54,69,50,584,144,13,13,4,7,31,20,36,30,0,13,2,6,41,29,25,20,85,70,52,35,93,41,124,77,78,43
05037950400,Census Tract 9504; Cross County; Arkansas,2617,367,66,58,0,13,0,13,0,13,0,13,0,13,0,13,0,13,0,13,0,13,0,13,0,13,0,13,0,13,0,13,66,58,0,13,0,13,0,13,0,13,0,13,1,2,0,13,0,13,11,17,32,47,6,13,10,17,6,11,2551,376,1399,233,124,62,8,14,125,51,79,58,21,37,60,50,51,59,146,76,188,101,207,74,212,79,139,73,39,44,1152,205,30,33,0,13,126,82,3,14,18,28,63,63,91,70,172,65,164,94,238,85,146,70,37,46,64,43
05037950500,Census Tract 9505; Cross County; Arkansas,4508,389,1466,433,560,188,77,77,0,13,158,91,80,53,0,13,6,11,0,13,0,13,20,24,66,53,104,69,39,38,10,16,906,308,161,104,27,26,74,60,10,18,33,25,28,42,44,29,268,153,38,46,52,55,114,103,23,34,34,26,3042,396,1592,240,91,57,41,45,118,63,53,35,24,34,53,33,139,79,216,105,330,129,116,79,122,56,185,86,104,78,1450,236,54,35,60,54,98,67,79,52,5,10,24,21,103,64,123,70,235,103,185,85,194,82,129,54,161,58
05037950600,Census Tract 9506; Cross County; Arkansas,3891,473,655,362,229,148,7,14,0,13,2,8,0,13,13,19,0,13,13,23,0,13,102,97,23,33,59,66,0,13,10,16,426,248,48,65,0,13,63,70,3,7,0,13,29,35,44,45,12,18,79,95,10,19,31,39,4,12,103,85,3236,364,1521,229,57,76,15,32,70,59,135,70,27,32,26,24,168,88,179,93,236,78,138,70,208,88,94,43,168,53,1715,227,105,49,75,52,59,42,97,56,22,25,91,59,57,43,204,111,314,98,222,65,133,58,247,76,89,41
05039970100,Census Tract 9701; Dallas County; Arkansas,989,157,98,50,53,37,0,13,0,13,0,13,4,9,0,13,0,13,7,12,1,2,0,13,5,11,11,14,25,28,0,13,45,26,0,13,0,13,1,4,3,7,3,5,0,13,6,11,0,13,9,10,0,13,10,13,13,14,0,13,891,164,423,102,12,13,0,13,44,36,6,9,0,13,9,13,25,30,33,30,47,40,52,24,39,23,122,51,34,26,468,96,22,20,0,13,5,6,6,7,1,2,7,11,44,35,7,9,54,35,27,20,61,22,162,72,72,46
05039970200,Census Tract 9702; Dallas County; Arkansas,1817,170,158,66,110,51,0,13,0,13,9,14,9,13,0,13,0,13,1,2,0,13,13,17,13,15,48,29,17,20,0,13,48,26,0,13,0,13,1,4,0,13,1,4,9,14,5,9,2,5,6,9,0,13,13,13,4,6,7,10,1659,182,943,136,80,41,10,15,27,26,14,17,0,13,0,13,41,35,166,88,106,59,106,57,190,47,90,42,113,39,716,92,14,18,2,5,43,31,6,9,0,13,9,10,21,26,129,31,75,45,81,41,176,45,84,54,76,36
05039970300,Census Tract 9703; Dallas County; Arkansas,3237,151,419,187,123,76,0,13,0,13,14,30,0,13,5,12,28,34,0,13,39,42,0,13,0,13,26,41,11,18,0,13,296,149,40,47,0,13,46,56,0,13,4,7,10,19,0,13,10,24,65,70,11,17,54,50,49,45,7,15,2818,242,1311,145,47,49,0,13,170,73,98,67,12,19,21,27,145,30,131,67,68,46,188,89,151,56,188,57,92,53,1507,160,100,49,20,27,39,46,38,35,28,23,48,46,140,99,175,88,247,93,139,67,167,51,156,55,210,51
05041950100,Census Tract 9501; Desha County; Arkansas,1358,266,278,129,137,82,0,13,0,13,2,3,2,3,0,13,0,13,15,26,6,10,22,32,33,34,9,14,32,29,16,27,141,81,21,30,10,14,10,12,7,11,0,13,5,10,19,22,6,8,9,12,5,9,13,15,25,19,11,11,1080,250,534,148,16,15,6,8,35,38,0,13,7,11,8,13,69,62,39,30,82,57,68,40,60,37,51,29,93,59,546,137,15,18,0,13,36,34,6,11,0,13,24,32,25,20,40,27,22,18,116,51,66,36,91,47,105,50
05041950200,Census Tract 9502; Desha County; Arkansas,3806,423,997,361,513,227,69,46,2,4,126,89,13,29,60,58,4,9,0,13,81,70,0,13,42,65,67,57,33,26,16,16,484,199,69,79,0,13,3,6,0,13,0,13,0,13,21,28,144,96,55,59,61,55,24,27,51,41,56,52,2809,465,1226,247,71,50,7,13,174,97,7,9,0,13,6,13,204,113,59,59,63,49,174,80,199,104,156,66,106,47,1583,264,44,34,0,13,194,122,181,100,0,13,33,34,39,34,83,63,320,115,120,45,222,73,179,67,168,56
05041950300,Census Tract 9503; Desha County; Arkansas,1264,264,465,218,134,89,23,36,0,13,58,57,0,13,0,13,0,13,0,13,13,29,12,19,0,13,18,29,0,13,10,16,331,147,9,16,0,13,49,60,0,13,20,33,26,41,32,44,69,56,30,27,56,41,18,19,22,35,0,13,799,195,360,104,0,13,0,13,0,13,0,13,0,13,0,13,48,60,24,37,40,41,36,30,69,47,120,56,23,17,439,116,16,27,0,13,0,13,0,13,0,13,18,30,5,12,39,36,81,58,65,56,94,44,87,43,34,26
05041950400,Census Tract 9504; Desha County; Arkansas,2987,282,1211,389,411,161,75,77,24,37,128,88,17,22,0,13,0,13,10,21,0,13,0,13,110,105,3,7,11,15,33,33,800,261,143,106,26,39,109,68,0,13,0,13,0,13,115,79,176,105,58,59,17,23,127,67,16,17,13,14,1776,343,1103,264,53,29,0,13,43,44,2,6,7,14,126,107,0,13,92,62,219,112,217,89,163,67,125,76,56,34,673,186,45,48,21,33,26,38,0,13,0,13,16,21,31,37,112,58,20,20,114,81,130,67,114,53,44,32
05041950500,Census Tract 9505; Desha County; Arkansas,1526,297,213,123,67,54,5,11,0,13,8,16,0,13,4,16,0,13,0,13,15,18,12,16,9,14,14,15,0,13,0,13,146,93,6,11,0,13,20,22,12,18,0,13,23,31,0,13,20,20,7,15,11,17,45,25,0,13,2,4,1313,272,721,161,37,25,3,5,53,36,68,50,18,18,60,46,53,45,68,43,86,58,88,40,91,42,73,34,23,17,592,152,21,22,21,32,34,37,13,18,27,38,4,8,14,17,93,62,108,49,37,22,77,31,100,33,43,33
05043490100,Census Tract 4901; Drew County; Arkansas,2172,320,252,117,96,49,4,7,7,18,13,15,9,13,5,7,0,13,17,24,0,13,0,13,0,13,23,26,18,21,0,13,156,77,13,19,0,13,5,7,5,6,0,13,0,13,21,22,43,42,13,16,13,18,13,15,27,26,3,5,1920,303,916,167,23,39,13,21,29,28,32,27,0,13,12,16,125,89,61,47,110,49,181,60,160,70,115,50,55,35,1004,207,76,51,0,13,11,20,95,77,37,25,54,37,85,68,45,37,163,49,104,59,139,51,131,42,64,45
05043490200,Census Tract 4902; Drew County; Arkansas,2274,400,397,196,192,116,27,54,0,13,10,17,0,13,0,13,0,13,0,13,44,49,66,59,28,26,4,11,13,22,0,13,205,112,7,15,0,13,20,43,4,7,0,13,0,13,0,13,27,39,46,59,44,34,23,27,6,11,28,26,1877,412,917,253,67,68,21,25,50,31,44,34,12,20,8,16,126,122,18,33,110,97,112,60,102,57,158,103,89,57,960,270,45,31,20,39,61,50,36,47,0,13,18,21,124,126,153,106,51,37,177,73,148,70,57,38,70,44
05043490300,Census Tract 4903; Drew County; Arkansas,4909,555,1416,615,452,302,0,18,0,18,125,95,0,18,0,18,0,18,166,181,22,35,56,78,66,67,17,28,0,18,0,18,964,390,157,161,0,18,0,18,61,88,0,18,48,60,385,210,51,55,13,22,126,98,73,82,17,32,33,34,3493,486,1768,332,13,21,0,18,46,36,95,84,12,14,82,56,270,164,181,102,160,104,206,80,274,99,303,135,126,76,1725,271,73,60,0,18,70,53,0,18,12,19,80,77,137,90,265,108,237,95,162,72,244,110,267,97,178,87
05043490400,Census Tract 4904; Drew County; Arkansas,2962,452,724,316,318,200,14,22,0,13,18,32,10,17,0,13,0,13,53,66,15,23,61,76,15,24,34,48,84,81,14,23,406,154,13,32,0,13,0,13,0,13,0,13,27,43,58,53,9,15,66,62,65,43,106,74,25,38,37,37,2238,408,1123,229,27,54,11,17,134,109,8,15,14,24,47,54,129,97,248,169,218,112,121,47,94,57,36,38,36,36,1115,265,59,44,0,13,163,108,67,59,8,14,8,12,44,58,157,100,125,70,107,67,108,64,127,56,142,71
05043490500,Census Tract 4905; Drew County; Arkansas,4039,411,931,505,502,270,84,101,0,13,163,121,18,21,40,47,23,26,48,54,5,9,33,33,22,26,56,45,7,15,3,5,429,262,0,13,0,13,107,129,46,54,0,13,0,13,19,24,47,58,50,45,38,51,90,75,3,5,29,31,3108,458,1642,292,233,109,5,10,68,52,74,58,14,20,43,36,74,71,272,130,165,64,165,106,261,100,144,55,124,70,1466,231,68,55,0,13,161,93,70,60,0,13,56,52,68,51,223,88,118,53,170,69,157,72,254,91,121,60
05045030101,Census Tract 301.01; Faulkner County; Arkansas,2988,299,402,166,234,100,49,51,0,13,20,23,17,22,15,21,0,13,7,7,47,36,1,3,6,9,1,2,51,40,20,22,168,83,34,43,1,4,0,13,10,14,0,13,0,13,4,5,58,38,12,14,9,11,9,9,13,14,18,21,2586,295,1227,138,19,17,0,13,97,40,57,32,21,18,50,43,70,35,91,44,156,53,155,52,196,72,199,65,116,57,1359,212,85,70,29,24,140,90,34,25,15,12,25,19,98,54,140,58,151,46,164,55,209,67,194,73,75,49
05045030102,Census Tract 301.02; Faulkner County; Arkansas,6495,1022,306,241,111,109,0,18,0,18,14,24,15,24,0,18,0,18,0,18,33,38,0,18,0,18,0,18,49,80,0,18,195,170,32,51,0,18,0,18,0,18,0,18,0,18,73,115,34,39,0,18,2,5,0,18,54,66,0,18,6189,1040,3444,697,262,160,51,52,217,132,478,361,136,134,9,18,226,148,681,215,247,126,480,208,290,162,185,85,182,71,2745,465,183,107,36,32,54,54,182,107,182,166,0,18,268,155,468,177,383,140,348,190,277,125,196,89,168,61
05045030103,Census Tract 301.03; Faulkner County; Arkansas,3665,560,228,114,77,55,8,12,11,16,11,14,0,13,0,13,0,13,9,17,5,6,12,13,19,22,0,13,2,4,0,13,151,98,0,13,0,13,7,10,2,4,0,13,0,13,8,15,8,9,9,12,54,52,0,13,39,47,24,23,3437,565,1542,236,38,32,23,20,160,70,49,26,140,138,95,42,98,52,72,50,294,56,263,92,119,60,120,53,71,35,1895,431,96,107,29,40,340,244,80,44,11,16,81,61,118,87,160,87,317,59,304,118,128,72,136,41,95,51
05045030104,Census Tract 301.04; Faulkner County; Arkansas,5015,566,392,237,223,164,14,23,0,18,12,19,10,18,2,3,0,18,12,21,42,51,0,18,46,63,32,52,51,61,2,3,169,99,14,23,0,18,0,18,14,22,0,18,0,18,0,18,26,30,0,18,0,18,45,56,68,54,2,4,4623,549,2205,275,111,67,6,10,319,108,86,63,36,32,43,31,121,111,344,137,360,115,214,97,267,133,251,127,47,34,2418,357,169,101,18,28,370,262,92,64,48,76,50,56,258,176,247,118,225,76,374,136,339,130,175,88,53,41
05045030201,Census Tract 302.01; Faulkner County; Arkansas,2956,375,462,183,204,111,0,13,0,13,7,9,25,28,0,13,7,10,22,29,24,31,24,24,36,40,4,6,55,39,0,13,258,90,9,11,11,12,5,9,7,11,0,13,0,13,4,8,47,36,11,14,29,36,16,14,54,38,65,47,2494,399,1292,232,24,23,1,3,35,24,52,60,8,10,132,85,177,77,55,26,195,99,259,84,142,69,167,67,45,24,1202,210,24,25,2,3,102,78,70,39,13,20,20,22,96,60,45,27,243,98,215,73,152,54,185,65,35,22
05045030202,Census Tract 302.02; Faulkner County; Arkansas,2531,552,315,193,131,91,2,4,0,13,24,28,10,19,0,13,36,31,0,13,0,13,29,34,2,4,14,16,14,17,0,13,184,119,2,3,0,13,0,13,26,30,0,13,13,24,17,19,0,13,41,36,0,13,45,45,10,10,30,45,2216,533,1118,318,53,49,0,13,56,39,40,31,2,6,52,38,74,66,148,113,125,54,204,93,123,59,227,197,14,18,1098,248,2,7,0,13,19,19,107,66,25,29,96,82,90,67,32,27,147,47,175,76,104,52,249,177,52,42
05045030301,Census Tract 303.01; Faulkner County; Arkansas,5402,637,469,232,90,76,29,56,0,18,0,18,0,18,0,18,0,18,19,31,0,18,9,17,14,23,19,29,0,18,0,18,379,209,6,15,0,18,30,48,8,25,0,18,0,18,67,107,83,109,15,19,0,18,163,104,7,21,0,18,4933,638,2387,329,111,97,39,60,124,81,39,39,44,49,13,23,245,113,397,106,398,237,243,117,399,104,229,81,106,75,2546,403,170,72,41,52,190,136,45,68,55,59,46,58,321,129,549,245,292,137,196,98,371,121,209,60,61,51
05045030302,Census Tract 303.02; Faulkner County; Arkansas,6604,667,566,319,172,161,0,18,29,48,29,48,0,18,0,18,0,18,3,7,58,65,2,5,5,6,29,46,17,28,0,18,394,201,21,32,0,18,0,18,32,53,0,18,0,18,14,25,124,97,0,18,0,18,162,134,23,31,18,29,6038,697,2966,355,275,143,23,41,220,133,126,80,68,58,92,93,90,110,396,168,560,129,412,200,384,135,188,92,132,71,3072,466,151,94,27,41,297,187,132,104,22,38,97,132,334,194,335,124,435,157,512,211,385,156,105,61,240,106
05045030303,Census Tract 303.03; Faulkner County; Arkansas,5122,672,743,373,423,204,17,33,0,18,26,43,0,18,23,40,9,15,29,50,49,60,23,27,126,81,44,71,42,51,35,52,320,207,59,66,0,18,0,18,0,18,0,18,0,18,67,92,19,24,57,66,27,27,75,102,16,24,0,18,4379,679,2240,384,149,119,17,22,286,141,112,67,57,55,42,36,71,46,181,97,391,122,282,107,322,120,242,99,88,62,2139,404,177,110,10,17,211,126,74,56,26,36,164,100,101,128,143,99,282,87,326,123,271,103,196,72,158,96
05045030401,Census Tract 304.01; Faulkner County; Arkansas,3041,676,304,205,103,81,8,9,4,6,19,26,0,13,40,59,0,13,2,4,0,13,0,13,0,13,0,13,30,42,0,13,201,127,10,23,0,13,10,16,7,12,0,13,0,13,31,36,4,7,70,66,13,14,0,13,56,57,0,13,2737,700,1482,464,39,43,3,5,99,99,101,113,52,56,124,106,75,73,73,66,202,68,174,115,255,96,172,74,113,71,1255,291,61,44,0,13,55,41,24,21,0,13,6,10,61,63,103,82,183,111,129,74,180,74,325,143,128,86
05045030402,Census Tract 304.02; Faulkner County; Arkansas,4435,639,417,314,191,141,68,64,0,13,0,13,0,13,0,13,0,13,70,75,18,27,0,13,0,13,10,16,25,30,0,13,226,176,57,54,0,13,30,48,0,13,0,13,7,12,70,75,28,30,0,13,0,13,0,13,17,27,17,27,4018,657,1911,368,104,66,34,37,171,105,117,94,5,8,35,38,143,140,370,133,150,67,230,124,368,90,107,61,77,56,2107,354,154,84,8,12,75,52,112,68,98,77,44,47,69,55,365,142,225,96,217,89,458,190,189,82,93,63
05045030403,Census Tract 304.03; Faulkner County; Arkansas,3214,385,675,243,246,99,0,13,23,36,20,29,20,39,16,27,0,13,41,34,22,23,22,43,46,38,22,34,0,13,14,23,429,167,20,31,11,16,17,35,0,13,13,19,0,13,9,15,52,52,14,29,44,44,110,76,139,97,0,13,2539,443,1196,267,49,48,34,42,89,66,123,69,0,13,76,65,51,52,179,99,228,80,110,58,112,82,109,59,36,30,1343,278,30,30,0,13,73,63,16,22,46,56,15,24,117,63,322,188,230,74,149,75,144,89,119,45,82,56
05045030404,Census Tract 304.04; Faulkner County; Arkansas,2345,357,230,136,167,107,48,64,0,13,20,25,0,13,0,13,0,13,51,55,10,17,0,13,0,13,0,13,38,55,0,13,63,53,0,13,0,13,0,13,0,13,0,13,0,13,11,20,52,50,0,13,0,13,0,13,0,13,0,13,2115,367,1192,243,95,96,52,54,148,95,43,38,9,14,34,36,88,73,151,75,164,105,105,68,147,66,79,49,77,55,923,178,37,44,0,13,52,40,6,12,0,13,0,13,16,21,161,123,107,61,123,58,180,91,127,64,114,61
05045030502,Census Tract 305.02; Faulkner County; Arkansas,5142,594,1118,411,503,226,0,18,0,18,0,18,16,27,0,18,0,18,262,186,135,123,41,57,0,18,0,18,0,18,49,76,615,263,36,54,20,34,59,67,0,18,0,18,0,18,258,194,117,84,32,47,22,36,34,49,19,27,18,29,4024,572,1842,294,147,90,153,132,218,199,10,19,0,18,19,30,294,104,255,118,304,170,227,124,97,58,97,82,21,31,2182,396,208,132,27,50,360,197,21,32,25,43,59,68,249,115,468,178,206,127,234,116,127,75,141,65,57,49
05045030503,Census Tract 305.03; Faulkner County; Arkansas,5338,946,419,314,337,268,0,18,0,18,0,18,0,18,0,18,0,18,271,258,11,25,0,18,0,18,55,71,0,18,0,18,82,101,19,32,0,18,0,18,0,18,0,18,0,18,18,42,20,34,7,16,18,39,0,18,0,18,0,18,4919,929,2605,557,109,99,220,157,193,134,47,49,10,19,10,22,446,213,546,290,371,153,145,88,257,99,166,83,85,66,2314,477,95,110,100,95,313,145,45,59,0,18,81,54,196,97,539,294,219,83,186,92,286,121,192,73,62,50
05045030504,Census Tract 305.04; Faulkner County; Arkansas,7039,1312,833,452,347,253,0,18,0,18,43,53,10,16,30,50,30,49,134,147,60,61,0,18,0,18,40,55,0,18,0,18,486,274,0,18,0,18,47,58,35,55,0,18,0,18,44,63,126,122,0,18,13,23,112,88,0,18,109,90,6206,1392,2776,659,288,245,0,18,136,91,49,53,195,159,158,111,236,98,151,107,675,321,362,146,252,125,155,86,119,71,3430,824,87,80,0,18,561,388,276,169,0,18,219,133,94,86,166,101,762,337,562,137,280,129,214,66,209,112
05045030600,Census Tract 306; Faulkner County; Arkansas,5527,769,706,423,341,219,0,18,0,18,59,66,0,18,0,18,0,18,160,159,21,27,57,76,16,28,15,24,13,21,0,18,365,256,136,184,0,18,0,18,0,18,19,37,0,18,31,52,70,83,57,53,27,45,0,18,25,40,0,18,4821,698,2374,444,141,96,19,30,300,151,61,48,19,30,36,39,209,80,176,96,451,193,196,73,479,204,85,57,202,96,2447,343,63,62,23,35,143,78,129,91,137,141,28,34,210,114,240,114,487,206,227,143,203,111,215,114,342,122
05045030701,Census Tract 307.01; Faulkner County; Arkansas,2601,395,583,225,257,131,7,18,48,66,0,13,0,13,0,13,0,13,59,63,29,42,38,42,17,23,26,48,33,48,0,13,326,152,0,13,19,31,9,23,0,13,0,13,18,37,36,53,106,107,18,27,47,43,13,16,36,36,24,28,2018,372,924,193,86,71,0,13,9,20,13,22,0,13,0,13,222,139,187,106,153,89,85,84,52,60,58,38,59,76,1094,248,115,84,8,15,26,44,0,13,0,13,37,59,157,91,169,72,146,121,90,73,187,75,128,108,31,33
05045030702,Census Tract 307.02; Faulkner County; Arkansas,3887,535,840,291,371,162,0,13,0,13,74,60,44,42,0,13,0,13,36,61,41,45,14,27,85,63,68,104,0,13,9,14,469,194,41,41,0,13,39,43,13,24,0,13,0,13,117,108,55,51,102,73,0,13,10,16,0,13,92,125,3047,481,1490,321,160,88,35,41,4,8,28,35,6,9,21,25,278,119,490,274,191,98,29,28,117,77,46,33,85,53,1557,301,38,38,0,13,158,120,116,98,12,19,7,13,297,154,179,137,280,109,112,65,192,108,94,48,72,36
05045030800,Census Tract 308; Faulkner County; Arkansas,4025,573,1175,405,433,199,37,59,8,16,29,44,3,11,0,18,9,17,170,121,77,85,65,65,5,7,2,7,7,12,21,24,742,280,0,18,0,18,17,24,38,71,13,21,0,18,484,212,48,37,24,27,2,6,46,63,15,19,55,50,2850,453,1416,359,27,41,9,21,26,36,84,65,0,18,36,50,252,189,261,123,124,50,209,145,93,65,111,58,184,88,1434,270,23,33,0,18,47,38,17,19,26,39,29,37,520,177,207,85,65,53,171,77,77,48,157,62,95,52
05045030900,Census Tract 309; Faulkner County; Arkansas,3190,548,1243,416,467,192,80,84,0,13,68,54,19,30,0,13,0,13,74,80,105,76,18,26,44,55,59,53,0,13,0,13,776,314,163,105,21,29,33,37,20,47,36,79,0,13,153,137,147,85,105,75,42,49,33,35,0,13,23,23,1947,617,898,262,0,13,0,13,76,65,61,93,6,12,6,12,241,121,231,151,55,54,95,63,71,54,45,25,11,17,1049,435,112,138,9,15,9,15,33,29,0,13,24,31,199,129,295,180,145,102,66,47,49,60,30,19,78,57
05045031001,Census Tract 310.01; Faulkner County; Arkansas,4702,771,805,445,380,227,31,38,0,13,113,145,0,13,0,13,0,13,121,120,10,16,81,106,7,11,1,8,10,16,6,10,425,263,19,26,8,13,18,20,91,145,0,13,0,13,24,28,59,56,36,33,150,133,0,13,10,16,10,15,3897,799,2109,533,156,121,70,61,161,154,56,65,72,73,106,77,438,397,251,117,183,73,146,78,230,78,136,71,104,44,1788,338,55,46,62,61,77,43,55,42,0,13,0,13,107,58,541,236,228,94,195,81,237,82,102,42,129,55
05045031003,Census Tract 310.03; Faulkner County; Arkansas,2819,412,679,301,128,75,16,24,0,13,0,13,0,13,0,13,0,13,50,48,30,35,13,20,0,13,0,13,19,22,0,13,551,283,13,19,0,13,0,13,35,36,0,13,0,13,320,232,92,127,0,13,13,21,68,102,10,15,0,13,2140,408,1150,311,57,52,16,27,58,41,29,40,29,50,105,72,220,190,243,100,102,68,129,76,55,35,63,37,44,38,990,205,44,38,0,13,24,23,22,21,16,21,40,51,127,97,185,64,82,41,138,51,119,72,41,31,152,85
05045031006,Census Tract 310.06; Faulkner County; Arkansas,3717,387,429,156,167,80,16,27,0,13,10,17,0,13,0,13,9,16,35,31,19,31,16,22,0,13,32,33,30,25,0,13,262,138,6,10,0,13,0,13,0,13,0,13,0,13,65,68,75,98,0,13,0,13,0,13,45,41,71,67,3288,370,1619,277,158,90,21,22,55,46,67,59,30,44,72,63,158,65,224,101,391,148,152,69,117,62,86,52,88,69,1669,205,93,66,5,8,154,88,72,70,0,13,12,20,202,98,230,96,276,80,234,91,169,99,158,73,64,44
05045031007,Census Tract 310.07; Faulkner County; Arkansas,3666,601,961,415,297,209,0,13,0,13,0,13,0,13,0,13,18,37,183,189,24,30,72,81,0,13,0,13,0,13,0,13,664,305,0,13,0,13,0,13,9,21,0,13,0,13,569,288,0,13,74,90,0,13,0,13,12,20,0,13,2705,385,1361,245,71,64,44,42,69,52,59,49,9,15,36,37,187,134,407,117,67,47,280,127,55,50,42,28,35,27,1344,260,21,27,34,34,64,66,95,56,71,68,21,31,254,164,222,117,106,56,269,93,72,76,54,32,61,32
05045031008,Census Tract 310.08; Faulkner County; Arkansas,4779,651,540,297,181,113,0,13,10,16,10,16,0,13,0,13,0,13,75,84,45,45,8,20,0,13,33,49,0,13,0,13,359,264,12,19,0,13,0,13,0,13,0,13,0,13,233,248,69,68,29,31,0,13,0,13,0,13,16,27,4239,582,2295,335,71,59,16,26,276,112,102,58,18,28,11,20,280,167,322,140,395,150,284,122,377,206,86,42,57,54,1944,349,115,80,0,13,343,163,12,23,0,13,0,13,8,14,234,108,481,220,224,88,279,123,105,72,143,110
05045031101,Census Tract 311.01; Faulkner County; Arkansas,5101,491,1278,605,405,212,30,47,36,41,93,99,0,18,0,18,0,18,8,14,121,103,0,18,51,72,39,45,19,26,8,11,873,436,142,180,18,28,155,156,0,18,0,18,45,50,23,30,170,110,67,54,99,82,121,84,21,32,12,13,3823,504,2282,313,45,45,0,18,173,68,102,76,0,18,23,29,218,115,224,132,218,79,360,161,497,150,239,76,183,96,1541,307,43,49,12,20,63,69,26,43,44,44,49,67,157,130,179,102,282,95,127,69,247,92,156,55,156,83
05045031102,Census Tract 311.02; Faulkner County; Arkansas,5108,712,981,256,614,170,243,116,0,18,97,51,0,18,0,18,0,18,0,18,71,40,35,54,47,50,46,45,16,27,59,65,367,121,107,69,5,8,5,8,0,18,34,54,0,18,28,43,72,44,4,7,0,18,14,23,48,50,50,61,4127,731,2185,431,162,113,0,18,31,33,46,38,93,67,61,57,207,102,165,99,315,182,400,139,174,93,386,171,145,88,1942,357,146,122,0,18,46,53,41,38,0,18,3,7,124,79,125,96,261,113,333,143,368,164,393,191,102,70
05047950100,Census Tract 9501; Franklin County; Arkansas,3347,496,517,325,264,170,32,50,0,13,0,13,0,13,0,13,85,59,12,13,0,13,56,75,0,13,64,86,15,23,0,13,253,192,0,13,0,13,49,70,24,35,28,45,11,12,11,12,14,30,0,13,14,25,88,63,0,13,14,16,2830,543,1519,287,73,68,0,13,246,122,8,15,7,12,21,34,120,79,177,108,121,74,149,86,257,89,240,76,100,45,1311,314,106,86,0,13,119,96,76,58,0,13,97,75,35,47,123,85,92,79,187,81,145,75,236,86,95,40
05047950201,Census Tract 9502.01; Franklin County; Arkansas,3415,431,958,395,473,236,74,72,10,15,110,83,0,13,0,13,31,38,17,28,24,26,42,38,90,71,27,22,44,35,4,7,485,188,0,13,0,13,21,26,41,38,0,13,61,60,22,29,70,63,115,89,54,49,53,34,7,14,41,34,2457,402,1259,211,33,33,11,14,86,71,16,20,31,35,17,18,77,44,177,75,161,73,274,128,186,72,135,54,55,45,1198,228,78,66,32,37,53,42,27,29,0,13,5,10,98,85,109,61,116,76,179,79,242,92,136,68,123,61
05047950202,Census Tract 9502.02; Franklin County; Arkansas,3459,65,549,254,291,145,0,13,0,13,20,35,0,13,0,13,0,13,29,34,18,32,35,55,115,118,61,46,13,21,0,13,258,159,44,56,0,13,0,13,24,41,0,13,0,13,13,23,14,23,42,62,51,52,64,50,0,13,6,10,2910,266,1359,231,72,67,0,13,182,92,48,55,0,13,0,13,117,77,335,95,149,67,120,73,145,82,128,69,63,52,1551,245,126,119,90,84,42,47,66,74,0,13,0,13,91,74,367,109,104,104,221,123,84,62,232,123,128,70
05047950301,Census Tract 9503.01; Franklin County; Arkansas,3645,388,716,298,298,175,29,34,0,13,28,51,14,17,0,13,0,13,15,26,0,13,24,51,67,59,15,23,21,30,85,79,418,179,3,7,8,20,43,40,0,13,1,3,16,30,35,43,21,22,39,41,8,10,57,69,96,52,91,74,2929,436,1488,244,84,59,6,15,36,33,33,29,31,43,77,63,191,90,69,54,170,69,184,101,294,91,187,75,126,71,1441,254,44,22,0,13,109,73,18,23,14,20,14,20,121,78,139,91,154,83,225,105,299,103,199,73,105,65
05047950302,Census Tract 9503.02; Franklin County; Arkansas,3083,300,457,311,216,165,0,13,42,53,42,54,0,13,0,13,0,13,0,13,41,53,19,20,0,13,36,34,13,15,23,37,241,159,9,15,0,13,76,103,9,15,0,13,0,13,42,50,28,38,18,22,19,25,18,18,7,13,15,19,2626,160,1274,161,55,50,20,30,126,96,56,48,27,37,49,54,134,67,50,46,241,89,176,72,111,45,138,75,91,43,1352,133,40,44,15,22,49,38,54,48,90,59,51,47,43,52,82,39,376,104,133,68,144,51,128,60,147,66
05049550101,Census Tract 5501.01; Fulton County; Arkansas,3559,487,311,189,159,108,14,34,0,13,20,30,13,26,0,13,7,14,0,13,45,44,0,13,0,13,53,47,0,13,7,13,152,104,44,53,0,13,0,13,9,18,0,13,30,42,0,13,21,29,11,23,0,13,1,3,0,13,36,37,3248,506,1904,298,106,107,0,13,95,80,103,64,20,23,131,37,121,98,54,37,312,137,219,90,268,94,356,127,119,63,1344,300,35,45,0,13,144,87,50,51,0,13,0,13,38,43,62,44,154,91,211,105,364,113,127,80,159,74
05049550102,Census Tract 5501.02; Fulton County; Arkansas,2189,386,319,184,144,86,0,13,0,13,23,35,0,13,0,13,8,15,12,16,19,29,20,22,44,43,14,21,0,13,4,6,175,113,6,9,0,13,4,19,0,13,3,9,0,13,21,29,5,15,38,44,41,41,24,28,24,28,9,13,1870,392,988,245,73,69,14,21,66,59,34,40,2,4,2,4,53,46,113,70,135,81,135,81,82,45,102,63,177,95,882,191,16,21,0,13,57,59,37,43,0,13,57,45,28,23,111,72,98,60,140,82,82,55,134,66,122,46
05049550201,Census Tract 5502.01; Fulton County; Arkansas,3045,367,796,236,181,76,3,8,0,13,0,13,0,13,17,22,8,13,8,11,34,35,16,20,24,33,38,24,33,28,0,13,615,194,85,66,5,10,21,26,28,37,0,13,3,5,83,60,82,60,44,38,70,58,93,45,100,54,1,5,2249,355,1105,201,14,20,8,15,30,23,17,20,2,4,13,17,57,40,211,92,81,68,156,72,239,86,163,83,114,52,1144,214,70,58,42,41,9,10,4,7,46,39,39,46,35,37,109,48,133,65,125,62,195,83,204,67,133,62
05049550202,Census Tract 5502.02; Fulton County; Arkansas,3285,657,356,151,139,73,3,5,0,13,16,22,10,17,0,13,0,13,0,13,5,6,1,3,20,27,61,43,0,13,23,22,217,95,2,5,0,13,10,15,2,4,0,13,0,13,27,31,23,26,11,17,28,30,13,16,39,43,62,45,2929,663,1350,347,88,82,34,45,76,52,147,78,36,41,8,13,203,94,73,44,75,72,120,92,158,94,182,88,150,88,1579,346,23,28,44,42,148,83,84,49,6,11,72,58,101,75,147,67,117,68,112,72,282,90,261,113,182,70
05051010301,Census Tract 103.01; Garland County; Arkansas,3604,641,567,251,319,180,34,49,26,37,13,15,60,51,0,13,0,13,0,13,19,33,5,9,16,23,129,94,17,28,0,13,248,131,8,15,0,13,0,13,0,13,0,13,3,9,0,13,34,42,35,33,48,65,31,33,61,69,28,31,3037,649,1592,353,60,59,8,16,54,41,112,113,9,16,32,42,54,58,266,170,135,86,264,129,320,181,198,72,80,52,1445,358,15,23,0,13,59,50,2,4,0,13,15,20,166,94,189,118,87,62,285,96,358,203,116,62,153,76
05051010302,Census Tract 103.02; Garland County; Arkansas,1984,454,223,142,88,44,0,13,0,13,20,27,10,13,0,13,18,39,0,13,0,13,19,40,0,13,14,17,7,10,0,13,135,126,15,22,0,13,0,13,0,13,0,13,0,13,6,12,8,16,92,121,0,13,0,13,8,12,6,9,1761,358,887,206,8,18,32,37,103,43,1,6,6,12,0,13,91,74,27,32,136,60,208,186,154,70,68,40,53,26,874,196,76,59,0,13,60,32,27,30,0,13,13,28,116,137,141,82,77,55,39,41,115,45,137,61,73,44
05051010401,Census Tract 104.01; Garland County; Arkansas,3920,435,602,286,213,110,2,6,0,13,51,35,0,13,0,13,0,13,55,70,10,13,21,27,32,32,42,45,0,13,0,13,389,187,91,61,0,13,29,30,4,6,0,13,94,85,0,13,18,20,58,36,22,27,63,70,3,5,7,4,3318,481,1684,296,66,60,41,49,26,32,29,32,18,30,15,22,67,61,99,88,92,54,233,123,376,208,269,108,353,69,1634,280,19,28,4,7,23,23,58,65,0,13,2,5,60,54,83,60,83,57,157,67,301,158,426,90,418,152
05051010402,Census Tract 104.02; Garland County; Arkansas,3663,620,409,211,174,142,42,68,0,13,17,27,0,13,17,26,0,13,11,23,13,23,0,13,0,13,74,95,0,13,0,13,235,145,0,13,0,13,0,13,15,24,0,13,0,13,21,36,0,13,17,29,108,107,23,35,0,13,51,76,3254,642,1760,330,43,52,42,45,106,75,92,84,0,13,17,28,75,78,212,132,263,103,238,129,255,148,281,203,136,98,1494,389,91,102,0,13,149,184,32,40,0,13,18,29,195,161,177,112,205,101,281,142,151,75,76,67,119,93
05051010501,Census Tract 105.01; Garland County; Arkansas,4581,657,607,354,323,203,69,89,0,13,32,50,0,13,3,7,0,13,4,8,0,13,150,132,27,44,13,22,25,27,0,13,284,185,35,45,0,13,56,68,29,35,0,13,0,13,24,38,0,13,53,56,25,29,30,69,32,37,0,13,3974,740,2077,483,129,101,32,51,187,124,97,63,12,20,48,41,129,68,178,89,350,179,209,94,167,105,417,144,122,74,1897,335,77,77,15,22,118,81,92,67,37,34,50,46,45,44,236,169,309,119,227,86,269,121,345,133,77,64
05051010502,Census Tract 105.02; Garland County; Arkansas,2217,388,200,135,111,89,6,11,0,13,0,13,0,13,0,13,0,13,20,31,9,15,0,13,31,42,32,43,8,13,5,8,89,65,0,13,0,13,4,8,0,13,0,13,0,13,11,19,6,10,7,14,25,31,20,31,16,24,0,13,2017,417,905,203,48,39,2,4,14,18,41,42,7,12,42,56,115,94,99,59,108,78,210,113,63,49,103,67,53,45,1112,266,26,26,6,10,216,137,75,46,28,33,80,73,64,42,102,55,170,94,59,42,146,75,90,49,50,38
05051010601,Census Tract 106.01; Garland County; Arkansas,1610,333,236,127,73,51,7,14,0,13,21,23,0,13,0,13,8,12,18,30,0,13,9,14,10,13,0,13,0,13,0,13,163,95,5,8,0,13,6,9,10,20,0,13,4,7,34,43,36,49,6,10,4,7,12,24,40,49,6,9,1374,325,574,114,14,25,44,40,38,30,31,25,5,9,19,21,49,63,37,41,51,43,62,49,96,42,91,36,37,32,800,286,0,13,10,18,20,19,11,16,0,13,18,20,21,24,190,157,124,123,65,38,124,47,165,55,52,39
05051010602,Census Tract 106.02; Garland County; Arkansas,2088,419,827,333,336,155,0,13,0,13,89,66,0,13,44,55,0,13,32,39,0,13,25,38,27,30,89,63,30,30,0,13,491,246,53,77,0,13,0,13,0,13,0,13,38,48,159,203,74,70,69,50,5,8,60,59,22,31,11,16,1261,348,559,153,44,62,0,13,62,58,0,13,0,13,35,37,24,40,41,67,77,51,9,16,117,98,150,82,0,13,702,267,21,26,5,9,158,127,60,57,23,26,0,13,1,8,118,91,77,77,30,45,82,80,69,44,58,47
05051010700,Census Tract 107; Garland County; Arkansas,1711,284,871,226,304,115,8,15,0,13,0,13,0,13,0,13,0,13,18,19,72,89,21,22,12,17,57,81,98,72,18,23,567,193,53,45,0,13,107,132,0,13,0,13,0,13,51,54,95,57,50,60,12,12,89,52,79,65,31,30,840,185,381,96,19,23,0,13,19,18,0,13,16,17,7,11,30,29,50,34,57,34,64,29,73,46,30,21,16,13,459,126,6,12,0,13,33,26,0,13,4,7,12,17,13,19,61,30,65,35,34,27,147,79,60,34,24,17
05051010800,Census Tract 108; Garland County; Arkansas,2282,365,750,266,229,100,57,68,0,13,0,13,0,13,0,13,12,25,34,43,4,27,0,13,11,13,12,19,70,70,29,25,521,221,67,74,0,13,18,26,0,13,0,13,11,25,116,99,37,42,9,15,75,66,57,41,50,44,81,62,1532,384,889,248,0,13,0,13,0,13,27,39,36,45,10,18,164,125,48,63,174,65,70,57,201,110,75,46,84,64,643,200,41,67,0,13,42,39,0,13,0,13,0,13,52,64,31,33,148,56,22,26,198,118,32,36,77,46
05051010900,Census Tract 109; Garland County; Arkansas,3626,724,678,381,312,213,100,79,24,37,24,37,0,13,0,13,0,13,0,13,52,52,37,61,52,60,13,22,0,13,10,15,366,191,23,38,16,28,61,65,0,13,0,13,0,13,2,4,102,84,0,13,55,73,2,5,22,24,83,83,2948,701,1204,345,33,35,0,13,13,25,36,32,12,15,115,108,93,101,115,66,121,80,164,72,107,64,281,172,114,51,1744,405,58,57,10,15,64,62,20,28,0,13,0,13,170,171,60,49,123,65,298,116,345,208,282,116,314,136
05051011001,Census Tract 110.01; Garland County; Arkansas,2967,692,840,647,352,360,83,97,0,13,54,83,9,17,0,13,0,13,51,73,17,30,75,103,54,53,0,13,9,16,0,13,488,321,15,25,0,13,106,117,7,13,0,13,0,13,0,13,139,134,74,110,39,57,16,27,67,88,25,37,2127,383,1029,259,54,44,50,54,118,76,30,37,55,81,0,13,8,19,97,69,214,101,73,81,125,70,173,98,32,27,1098,225,55,64,10,19,77,86,92,97,7,15,35,42,37,47,190,116,108,80,124,72,159,84,135,62,69,46
05051011002,Census Tract 110.02; Garland County; Arkansas,1553,414,389,297,220,215,0,13,0,13,23,45,23,45,0,13,0,13,34,65,12,23,27,51,10,22,21,34,62,69,8,13,169,134,21,29,0,13,0,13,0,13,0,13,0,13,17,29,78,99,28,55,0,13,25,41,0,13,0,13,1164,476,769,344,0,13,0,13,219,114,0,13,0,13,0,13,125,130,205,165,75,59,27,30,33,46,23,40,62,39,395,153,0,13,0,13,0,13,0,13,0,13,0,13,10,33,70,41,24,39,124,108,27,54,118,57,22,18
05051011101,Census Tract 111.01; Garland County; Arkansas,5344,736,495,333,271,210,100,136,12,20,0,18,37,65,0,18,0,18,13,21,44,45,0,18,0,18,9,15,30,51,26,32,224,153,0,18,0,18,0,18,13,20,0,18,0,18,0,18,80,111,35,41,7,12,32,44,57,76,0,18,4849,726,2351,390,68,57,33,29,143,78,77,58,60,71,23,33,235,162,183,96,310,131,484,153,249,96,323,122,163,109,2498,429,113,81,0,18,95,57,24,29,0,18,289,156,173,146,160,65,231,113,552,219,241,116,509,176,111,69
05051011102,Census Tract 111.02; Garland County; Arkansas,4147,496,403,246,145,98,0,13,0,13,26,39,0,13,0,13,0,13,0,13,26,36,36,49,9,16,11,18,37,58,0,13,258,185,0,13,0,13,0,13,100,87,0,13,0,13,0,13,85,88,0,13,21,35,52,57,0,13,0,13,3744,610,1894,355,147,98,0,13,122,78,25,38,45,54,87,73,72,56,158,93,228,124,255,117,247,118,395,120,113,69,1850,355,177,112,28,42,141,83,64,64,0,13,46,52,176,112,141,105,195,83,170,86,342,131,268,94,102,58
05051011201,Census Tract 112.01; Garland County; Arkansas,5657,1103,740,469,230,193,3,6,0,18,21,30,6,22,0,18,21,36,94,143,0,18,30,41,0,18,55,80,0,18,0,18,510,301,0,18,0,18,64,72,36,42,6,16,61,56,65,87,18,31,140,114,18,27,102,94,0,18,0,18,4917,989,2507,676,256,222,133,160,265,164,119,92,24,39,166,113,0,18,356,168,418,220,155,90,90,55,312,132,213,87,2410,382,157,98,44,54,262,148,73,99,8,14,0,18,88,85,507,219,411,139,124,82,336,117,279,108,121,65
05051011202,Census Tract 112.02; Garland County; Arkansas,3462,532,549,312,210,164,0,13,0,13,27,37,27,38,0,13,31,47,0,13,44,66,8,22,64,84,0,13,0,13,9,14,339,193,33,51,0,13,0,13,0,13,0,13,0,13,34,56,64,69,32,43,45,57,17,29,114,109,0,13,2913,564,1454,326,94,97,31,43,159,114,106,94,22,37,0,13,20,32,309,150,234,115,154,77,146,92,116,62,63,45,1459,306,88,71,0,13,74,58,41,50,0,13,143,107,27,44,101,67,339,122,166,99,158,78,118,64,204,89
05051011300,Census Tract 113; Garland County; Arkansas,5103,731,1269,622,473,280,0,18,0,18,99,77,159,174,0,18,75,42,62,85,0,18,0,18,18,28,0,18,60,64,0,18,796,380,0,18,60,77,87,74,14,54,0,18,37,44,34,25,38,54,264,192,99,120,102,76,3,7,58,86,3834,773,1923,469,171,162,0,18,109,111,74,65,20,41,34,48,150,108,442,271,82,92,276,131,272,135,157,100,136,81,1911,475,0,18,0,18,11,18,51,71,13,29,114,116,36,59,251,151,161,144,282,105,334,193,373,199,285,134
05051011400,Census Tract 114; Garland County; Arkansas,3080,659,962,325,316,147,41,56,0,13,0,13,23,37,0,13,0,13,31,39,70,72,39,57,45,17,22,28,45,51,0,13,646,232,0,13,16,25,60,51,0,13,68,64,16,23,180,106,0,13,84,53,56,45,90,71,50,48,26,36,2118,596,917,299,44,66,15,24,26,40,31,41,3,5,10,18,128,125,202,111,180,129,80,69,49,43,110,80,39,37,1201,386,276,228,36,42,57,49,23,32,0,13,17,27,111,100,203,124,126,75,74,72,123,70,130,51,25,27
05051011500,Census Tract 115; Garland County; Arkansas,2288,459,746,293,402,160,62,62,19,30,14,27,0,13,0,13,0,13,47,57,90,78,48,53,65,50,35,31,22,34,0,13,344,195,63,70,0,13,0,13,6,9,2,4,0,13,36,45,122,137,11,15,69,53,31,44,0,13,4,8,1542,446,1027,336,49,57,5,10,157,136,0,13,0,13,12,18,116,131,151,88,66,58,76,60,315,224,45,39,35,30,515,199,29,46,6,11,8,14,19,30,0,13,27,39,39,34,53,56,57,67,105,88,41,43,26,23,105,55
05051011601,Census Tract 116.01; Garland County; Arkansas,4888,571,533,222,194,116,0,13,0,13,0,13,0,13,28,44,10,24,94,87,0,13,0,13,14,22,33,44,0,13,15,23,339,179,0,13,0,13,0,13,0,13,0,13,0,13,115,148,0,13,9,21,59,71,58,59,78,54,20,26,4355,537,2189,311,63,59,0,13,130,85,146,92,34,54,106,83,189,117,107,72,358,119,159,108,408,137,337,165,152,89,2166,315,98,96,0,13,299,188,51,62,55,66,78,52,160,140,177,108,223,107,270,107,362,146,207,106,186,90
05051011602,Census Tract 116.02; Garland County; Arkansas,5637,718,183,115,75,61,0,18,0,18,0,18,0,18,0,18,0,18,7,11,0,18,0,18,16,25,0,18,52,40,0,18,108,78,0,18,0,18,0,18,0,18,0,18,0,18,44,48,0,18,0,18,0,18,41,51,23,32,0,18,5454,723,2503,356,131,129,0,18,32,37,158,153,15,23,45,47,264,135,265,137,341,177,485,241,406,185,166,109,195,108,2951,520,150,121,65,79,407,165,183,188,0,18,69,82,156,106,261,152,242,108,495,241,410,211,317,140,196,87
05051011701,Census Tract 117.01; Garland County; Arkansas,3308,617,307,174,129,101,7,17,0,13,5,15,0,13,0,13,0,13,25,39,0,13,15,28,0,13,37,62,25,29,15,24,178,100,0,13,0,13,17,27,0,13,0,13,0,13,21,35,17,27,0,13,0,13,20,33,53,39,50,65,3001,618,1285,324,15,25,0,13,11,20,23,37,12,20,0,13,253,227,84,46,126,139,168,112,328,150,59,56,206,124,1716,380,127,139,43,50,0,13,4,14,28,45,0,13,76,60,196,153,243,182,191,105,250,112,333,139,225,96
05051011702,Census Tract 117.02; Garland County; Arkansas,1205,394,352,195,236,126,82,69,0,13,19,22,14,23,0,13,11,24,28,29,0,13,48,39,0,13,16,26,0,13,18,27,116,94,27,52,0,13,0,13,11,23,0,13,0,13,0,13,45,38,15,24,0,13,6,9,12,12,0,13,853,334,450,153,0,13,0,13,24,34,0,13,0,13,21,33,14,27,39,28,32,44,184,114,72,50,53,53,11,12,403,210,48,67,0,13,18,31,0,13,0,13,0,13,0,13,21,31,48,50,123,103,69,42,43,35,33,43
05051011801,Census Tract 118.01; Garland County; Arkansas,1976,346,113,76,58,47,0,13,0,13,5,8,4,7,0,13,0,13,0,13,0,13,26,27,0,13,13,19,10,15,0,13,55,58,0,13,0,13,0,13,3,5,0,13,0,13,0,13,2,4,0,13,0,13,11,19,0,13,39,54,1863,350,815,210,43,65,0,13,37,38,44,27,0,13,0,13,104,140,56,40,46,48,44,39,110,62,104,63,227,145,1048,214,0,13,0,13,0,13,0,13,0,13,31,43,44,57,87,49,146,60,15,19,228,73,251,164,246,94
05051011802,Census Tract 118.02; Garland County; Arkansas,2040,317,268,257,161,139,22,32,25,41,0,13,0,13,0,13,19,28,0,13,30,49,28,46,0,13,0,13,0,13,37,35,107,124,22,32,0,13,20,30,0,13,0,13,0,13,49,79,0,13,16,24,0,13,0,13,0,13,0,13,1772,283,676,171,0,13,0,13,0,13,0,13,0,13,0,13,0,13,92,67,96,103,97,70,41,45,50,49,300,123,1096,213,0,13,0,13,0,13,28,50,0,13,0,13,51,84,95,90,92,93,180,93,97,82,152,99,401,168
05051011901,Census Tract 119.01; Garland County; Arkansas,3494,961,763,408,351,255,38,60,64,77,96,85,0,13,0,13,0,13,0,13,26,33,0,13,57,73,22,36,48,59,0,13,412,221,80,80,0,13,0,13,0,13,0,13,0,13,0,13,115,98,161,165,0,13,0,13,56,46,0,13,2731,827,1290,450,88,74,6,12,165,230,0,13,4,13,62,59,42,54,165,75,166,160,140,69,158,91,186,81,108,47,1441,455,30,38,0,13,311,304,0,13,0,13,0,13,115,101,182,102,119,81,173,87,186,87,209,98,116,52
05051011902,Census Tract 119.02; Garland County; Arkansas,2484,310,109,108,65,72,0,13,0,13,0,13,0,13,0,13,0,13,0,13,0,13,36,54,0,13,0,13,19,33,10,16,44,50,0,13,0,13,0,13,0,13,0,13,0,13,0,13,0,13,0,13,0,13,0,13,32,47,12,20,2375,311,1206,187,19,29,0,13,75,69,47,54,0,13,5,9,122,69,118,78,129,74,85,65,319,125,174,71,113,57,1169,240,48,56,14,24,145,128,0,13,0,13,19,30,63,72,105,74,139,75,126,79,194,91,162,76,154,66
05051012001,Census Tract 120.01; Garland County; Arkansas,4671,561,626,323,223,148,0,13,0,13,0,13,0,13,29,35,26,35,0,13,0,13,0,13,0,13,95,89,24,30,49,65,403,247,0,13,0,13,13,22,0,13,0,13,0,13,0,13,25,45,53,69,35,34,49,48,0,13,228,226,4045,455,2059,347,128,109,0,13,7,13,91,58,0,13,42,68,83,105,221,126,85,67,239,106,358,147,477,161,328,131,1986,261,39,67,0,13,121,73,2,82,0,13,0,13,0,13,130,94,144,85,350,120,325,125,557,211,318,118
05051012002,Census Tract 120.02; Garland County; Arkansas,3968,433,620,241,236,121,0,13,0,13,0,13,0,13,0,13,0,13,51,54,46,70,0,13,14,24,64,86,15,19,46,34,384,168,54,84,0,13,0,13,0,13,0,13,99,97,0,13,0,13,9,16,52,44,53,44,85,57,32,29,3348,449,1734,281,15,23,0,13,27,38,15,29,0,13,54,48,130,83,105,82,97,70,83,44,181,83,408,128,619,128,1614,244,26,40,0,13,23,27,42,28,0,13,44,46,15,28,119,87,53,45,86,57,237,81,513,149,456,100
05053470100,Census Tract 4701; Grant County; Arkansas,4664,641,474,256,311,185,19,31,0,13,16,27,0,13,0,13,7,13,50,58,14,24,0,13,91,87,100,101,0,13,14,25,163,115,0,13,0,13,44,62,11,17,0,13,0,13,0,13,18,31,22,38,0,13,58,58,0,13,10,18,4190,689,1980,366,123,84,10,28,47,48,89,95,77,54,0,13,203,108,229,102,156,86,373,132,285,103,265,135,123,78,2210,414,135,75,60,54,180,107,42,47,10,29,30,49,159,92,277,103,361,190,341,108,344,113,162,107,109,61
05053470200,Census Tract 4702; Grant County; Arkansas,3386,507,301,137,216,102,0,13,0,13,42,48,0,13,0,13,0,13,81,71,31,31,62,66,0,13,0,13,0,13,0,13,85,63,16,21,0,13,0,13,0,13,0,13,11,19,0,13,23,26,0,13,9,15,10,16,16,26,0,13,3085,477,1528,268,53,49,25,33,62,42,108,91,22,27,16,17,220,92,175,82,215,112,242,82,164,70,146,73,80,39,1557,277,38,33,24,32,11,18,102,68,44,52,52,46,134,70,204,102,181,95,230,80,157,74,229,75,151,73
05053470300,Census Tract 4703; Grant County; Arkansas,3976,542,593,186,302,119,13,14,2,3,82,59,29,34,4,7,10,9,24,34,56,47,27,22,28,22,22,23,5,9,0,13,291,112,9,12,2,4,49,36,4,7,24,32,2,3,22,35,83,48,29,22,34,22,15,16,7,9,11,11,3383,513,1946,322,78,48,23,24,104,49,170,81,16,12,36,29,118,58,355,127,196,71,190,69,286,100,211,72,163,70,1437,242,30,29,1,3,86,47,48,27,20,19,2,4,154,56,157,71,113,53,175,50,332,101,208,80,111,47
05053470401,Census Tract 4704.01; Grant County; Arkansas,3765,366,450,221,242,179,15,26,0,13,66,85,0,13,0,13,0,13,0,13,0,13,33,41,0,13,105,132,10,15,13,23,208,106,0,13,0,13,0,13,0,13,0,13,0,13,34,41,35,44,11,20,0,13,81,72,1,2,46,57,3315,404,1630,207,126,88,0,13,151,81,22,30,0,13,189,80,79,65,123,99,298,76,74,62,226,93,159,72,183,104,1685,315,41,40,0,13,133,103,94,86,74,56,19,27,45,49,186,84,241,110,274,116,239,88,168,75,171,93
05053470402,Census Tract 4704.02; Grant County; Arkansas,2105,349,387,205,174,106,32,38,4,9,0,13,0,13,0,13,0,13,62,65,0,13,0,13,36,47,16,29,24,27,0,13,213,152,0,13,0,13,0,13,24,33,0,13,0,13,58,59,29,43,0,13,81,59,0,13,0,13,21,30,1718,334,656,166,22,41,3,9,39,41,30,35,0,13,7,11,35,40,171,87,119,52,81,56,47,37,83,43,19,24,1062,256,158,94,0,13,113,66,36,33,13,20,28,26,38,40,104,50,139,129,75,55,70,45,181,96,107,56
05055480100,Census Tract 4801; Greene County; Arkansas,2974,464,546,260,275,123,6,10,11,15,25,34,2,4,2,4,30,26,0,13,19,22,61,70,36,34,44,33,35,29,4,6,271,175,0,13,0,13,65,77,4,6,0,13,3,5,19,20,64,60,18,22,27,24,15,18,17,14,39,71,2428,408,1210,188,58,45,0,13,49,33,99,88,35,43,39,46,130,71,143,66,138,76,95,46,187,66,167,108,70,35,1218,244,31,27,31,27,121,85,33,23,87,87,33,26,44,30,80,48,128,89,175,70,202,94,153,109,100,62
05055480200,Census Tract 4802; Greene County; Arkansas,4402,532,643,223,293,103,27,32,1,2,7,8,5,7,9,11,2,3,31,41,28,25,10,10,95,50,63,52,10,14,5,8,350,158,49,51,4,8,71,49,8,10,4,9,10,9,5,6,73,50,21,13,30,24,15,14,19,16,41,52,3759,536,1828,300,86,43,3,4,89,41,68,38,34,28,104,96,199,108,118,57,280,85,365,119,234,83,158,62,90,35,1931,309,61,40,2,6,145,63,100,72,18,21,143,79,141,57,172,71,299,118,307,84,224,63,158,69,161,71
05055480300,Census Tract 4803; Greene County; Arkansas,3142,565,358,200,253,167,0,13,0,13,16,20,20,26,8,13,8,13,3,5,8,13,9,15,69,78,24,23,88,80,0,13,105,64,8,13,0,13,0,13,7,11,6,10,0,13,0,13,6,10,0,13,1,4,45,49,8,13,24,25,2784,548,1456,328,121,122,9,15,116,53,106,59,10,15,12,18,59,41,89,54,137,78,283,138,219,126,211,86,84,39,1328,278,103,69,0,13,40,35,59,50,17,23,30,29,87,68,137,80,194,85,211,86,229,173,128,52,93,61
05055480401,Census Tract 4804.01; Greene County; Arkansas,4131,479,552,239,264,125,0,13,0,13,0,13,0,13,0,13,0,13,0,13,94,90,0,13,62,84,0,13,42,42,66,73,288,172,0,13,0,13,57,78,0,13,0,13,0,13,11,18,10,17,11,17,22,39,17,26,117,149,43,40,3579,467,1710,325,121,99,0,13,107,70,85,65,20,29,148,137,72,49,439,145,95,46,174,110,206,76,139,67,104,46,1869,289,169,108,0,13,167,133,47,34,8,16,66,54,197,127,325,100,237,109,229,122,198,93,131,51,95,37
05055480402,Census Tract 4804.02; Greene County; Arkansas,2915,554,426,198,174,84,34,40,4,11,10,16,0,13,0,13,13,19,9,14,52,56,51,41,0,13,0,13,1,3,0,13,252,131,54,47,0,13,0,13,0,13,10,15,0,13,24,27,84,63,22,21,0,13,43,38,0,13,15,26,2489,563,1156,304,61,47,30,31,125,103,40,49,0,13,34,32,122,56,57,32,214,109,154,68,197,172,93,64,29,26,1333,336,55,43,0,13,49,42,91,93,0,13,94,97,89,56,234,142,211,109,85,43,159,64,114,83,152,46
05055480501,Census Tract 4805.01; Greene County; Arkansas,4114,615,1939,634,817,321,401,176,0,13,59,54,50,56,7,15,25,35,0,13,155,119,62,53,44,54,14,24,0,13,0,13,1122,383,122,77,0,13,217,97,89,97,25,35,82,89,98,83,293,190,119,73,27,43,12,19,0,13,38,40,2175,373,1028,197,44,52,4,36,38,39,16,24,12,20,27,31,269,138,100,78,194,84,80,64,138,72,76,40,30,31,1147,303,36,46,0,13,56,48,51,46,15,38,30,47,108,109,242,125,112,80,159,113,150,69,137,63,51,35
05055480502,Census Tract 4805.02; Greene County; Arkansas,2974,565,721,305,367,192,33,50,0,13,11,18,3,6,0,13,32,31,47,39,69,104,11,18,84,58,49,40,28,32,0,13,354,146,0,13,0,13,40,39,0,13,0,13,0,13,0,13,70,66,16,20,141,90,59,63,28,34,0,13,2253,568,1142,327,38,57,108,109,46,55,6,8,20,28,57,54,131,95,133,104,217,173,146,86,117,99,109,77,14,21,1111,290,8,15,0,13,87,70,25,40,12,18,0,13,72,62,111,100,304,242,141,90,142,96,81,52,128,81
05055480601,Census Tract 4806.01; Greene County; Arkansas,3313,511,402,282,229,162,0,13,0,13,88,108,0,13,0,13,0,13,8,26,13,26,2,4,3,5,17,19,53,55,45,49,173,134,0,13,0,13,0,13,0,13,0,13,0,13,0,13,84,102,11,17,37,48,22,28,19,24,0,13,2911,546,1511,337,104,109,39,68,124,110,21,43,0,13,35,56,76,87,314,109,114,69,219,121,257,99,71,56,137,84,1400,300,67,55,78,74,0,13,0,13,0,13,14,23,77,81,189,131,145,48,249,175,269,122,175,89,137,111
05055480602,Census Tract 4806.02; Greene County; Arkansas,4801,652,630,393,368,235,0,13,46,59,54,69,45,58,29,44,2,5,23,34,27,44,10,22,79,83,38,39,15,23,0,13,262,186,36,53,0,13,25,39,13,43,0,13,0,13,17,28,58,91,36,48,23,30,0,13,0,13,54,51,4171,547,2028,319,154,98,17,28,175,105,88,78,82,68,9,23,118,69,295,132,268,109,400,179,105,70,92,61,225,70,2143,342,112,84,0,13,119,76,43,48,76,65,109,88,103,65,200,111,287,100,302,78,296,199,192,76,304,160
05055480700,Census Tract 4807; Greene County; Arkansas,2195,389,944,258,463,188,74,54,24,39,75,45,16,28,0,13,6,12,114,78,68,50,6,9,31,38,30,28,14,21,5,8,481,138,95,74,1,3,0,13,0,13,14,26,8,12,53,52,70,52,76,72,45,43,76,41,3,9,40,35,1251,308,773,248,2,5,9,16,9,16,17,20,13,21,28,31,25,25,98,47,309,156,40,30,118,80,40,30,65,43,478,128,30,34,7,10,60,49,18,28,6,10,13,19,10,11,53,33,68,46,55,37,58,48,61,28,39,23
05055480801,Census Tract 4808.01; Greene County; Arkansas,4764,602,161,108,20,34,0,13,0,13,0,13,0,13,0,13,0,13,20,34,0,13,0,13,0,13,0,13,0,13,0,13,141,102,0,13,0,13,0,13,0,13,0,13,0,13,0,13,31,52,0,13,53,64,20,32,17,27,20,34,4603,581,2424,399,92,77,15,28,200,129,142,94,11,35,62,60,129,94,180,96,331,107,271,135,526,233,293,149,172,121,2179,337,67,76,36,48,181,106,101,96,31,45,67,64,135,74,253,129,267,122,306,131,281,127,320,169,134,69
05055480802,Census Tract 4808.02; Greene County; Arkansas,5219,705,335,170,129,118,0,18,0,18,0,18,0,18,0,18,0,18,0,18,36,48,18,31,0,18,9,15,66,101,0,18,206,120,0,18,0,18,0,18,0,18,0,18,0,18,60,66,74,94,30,34,13,25,1,2,18,24,10,15,4884,746,2364,460,111,111,87,87,67,56,152,104,17,26,43,54,352,147,503,266,339,99,270,92,197,96,146,98,80,66,2520,409,135,63,17,22,376,167,99,71,0,18,6,10,320,134,323,172,348,137,246,105,252,96,336,92,62,45
05057480101,Census Tract 4801.01; Hempstead County; Arkansas,2577,596,589,406,168,140,0,13,0,13,53,66,0,13,0,13,0,13,2,4,60,86,25,38,1,3,25,25,2,7,0,13,421,285,17,26,0,13,158,165,96,116,0,13,13,20,0,13,90,86,0,13,0,13,20,26,21,28,6,9,1988,510,927,222,76,59,0,13,81,62,43,52,44,52,2,6,32,27,98,58,83,70,125,79,165,68,114,60,64,40,1061,372,25,27,1,3,59,44,32,34,93,62,0,13,50,44,79,53,266,211,177,79,65,40,177,98,37,27
05057480102,Census Tract 4801.02; Hempstead County; Arkansas,2469,460,291,180,60,45,0,13,0,13,0,13,0,13,5,9,2,4,3,5,0,13,0,13,8,17,38,42,0,13,4,8,231,156,76,113,0,13,17,44,0,13,0,13,0,13,1,4,0,13,41,52,21,29,63,62,0,13,12,17,2178,436,1108,251,7,10,45,58,61,60,27,38,1,2,87,72,135,75,143,92,91,49,127,67,239,92,113,81,32,31,1070,254,67,52,0,13,29,38,160,152,21,33,13,18,72,79,143,78,70,58,106,62,211,97,60,39,118,58
05057480200,Census Tract 4802; Hempstead County; Arkansas,2092,362,269,114,49,40,4,8,0,13,4,10,0,13,0,13,0,13,0,13,0,13,4,8,0,13,32,37,5,8,0,13,220,102,0,13,0,13,0,13,0,13,0,13,0,13,3,6,0,13,27,35,99,86,13,16,27,27,51,54,1823,376,915,235,0,13,31,58,58,77,76,88,0,13,37,50,35,56,1,7,121,88,181,102,190,72,106,83,79,41,908,193,0,13,0,13,7,16,50,58,59,62,34,35,22,29,68,67,152,94,76,51,191,81,153,70,96,51
05057480301,Census Tract 4803.01; Hempstead County; Arkansas,1738,350,492,244,218,161,0,13,0,13,37,60,39,67,0,13,4,11,0,13,106,129,0,13,0,13,0,13,5,5,27,49,274,144,16,40,0,13,0,13,28,52,0,13,0,13,32,45,32,41,8,30,6,7,19,16,125,103,8,17,1246,272,553,198,0,13,0,13,46,55,62,55,0,13,0,13,79,70,41,79,37,34,87,64,57,42,102,109,42,47,693,163,0,13,0,13,94,85,0,13,3,8,0,13,33,36,20,29,99,62,159,80,89,57,63,60,133,51
05057480302,Census Tract 4803.02; Hempstead County; Arkansas,3375,567,606,466,170,132,0,13,0,13,0,13,0,13,0,13,22,37,0,13,0,13,46,69,15,24,31,30,36,56,20,32,436,382,106,131,0,13,0,13,20,34,26,38,30,43,106,98,41,51,72,101,22,27,0,13,13,21,0,13,2769,471,1519,335,60,69,59,61,279,141,67,66,0,13,0,13,192,151,163,83,184,101,91,87,217,86,149,109,58,45,1250,213,226,141,46,46,114,89,27,37,26,31,17,26,0,13,88,79,180,73,116,69,224,83,116,69,70,63
05057480400,Census Tract 4804; Hempstead County; Arkansas,3525,473,808,252,309,126,7,13,0,13,28,28,4,9,0,13,0,13,37,36,3,5,45,45,103,55,13,11,22,23,47,66,499,179,2,3,21,26,19,25,85,98,0,13,0,13,54,20,114,49,20,20,91,54,55,42,13,12,25,21,2717,428,1348,249,204,136,29,25,59,34,75,53,10,18,21,21,31,32,131,54,118,78,209,73,130,49,224,93,107,45,1369,238,99,44,12,13,132,84,45,53,16,14,7,8,118,63,258,101,110,46,107,67,169,72,135,56,161,64
05057480500,Census Tract 4805; Hempstead County; Arkansas,3719,534,647,306,293,174,80,107,16,26,58,70,8,14,0,13,0,13,53,52,3,5,47,40,0,13,28,29,0,13,0,13,354,203,0,13,0,13,15,32,33,53,0,13,39,47,43,71,33,29,40,41,53,57,65,71,24,36,9,14,3072,526,1633,307,125,100,6,19,43,63,74,70,0,13,68,55,157,120,351,160,123,81,205,124,211,88,99,54,171,97,1439,329,59,66,0,13,80,75,41,49,18,28,126,64,195,121,109,71,144,66,228,124,156,72,188,109,95,48
05059020101,Census Tract 201.01; Hot Spring County; Arkansas,3235,404,741,407,352,252,0,13,0,13,16,29,49,59,0,13,44,50,55,81,62,71,45,80,21,34,28,43,18,20,14,17,389,214,18,30,0,13,53,64,0,13,0,13,0,13,117,165,68,63,45,54,29,43,47,37,12,20,0,13,2494,447,1268,254,51,51,0,13,65,56,62,69,1,3,61,57,96,85,27,37,90,60,398,139,181,105,104,63,132,78,1226,244,18,30,45,59,27,29,36,38,23,20,14,20,68,51,66,54,90,60,278,87,210,130,222,103,129,76
05059020102,Census Tract 201.02; Hot Spring County; Arkansas,4153,531,1002,477,508,255,114,104,0,13,7,12,37,60,0,13,0,13,84,65,70,76,39,59,36,56,82,88,13,19,26,24,494,240,108,112,0,13,20,22,47,64,0,13,36,54,6,10,16,16,58,66,85,58,66,87,30,27,22,21,3151,635,1587,356,225,137,26,29,54,40,43,36,62,88,0,13,179,106,71,55,222,166,241,119,247,135,91,47,126,70,1564,377,168,115,0,13,112,71,55,56,25,26,42,34,217,117,113,77,168,85,146,78,187,104,191,118,140,61
05059020200,Census Tract 202; Hot Spring County; Arkansas,2835,449,690,276,331,168,45,72,0,13,8,11,26,24,8,13,16,18,23,27,9,40,18,18,22,27,38,48,83,75,35,49,359,155,28,37,0,13,35,31,0,13,8,16,0,13,42,31,40,46,10,13,27,22,0,13,105,91,64,65,2145,470,857,254,10,16,0,13,41,56,107,82,0,13,0,13,54,66,103,86,55,68,187,151,100,69,91,44,109,59,1288,359,77,66,0,13,31,46,120,106,2,3,42,49,53,61,214,129,202,109,110,89,121,112,161,75,155,81
05059020300,Census Tract 203; Hot Spring County; Arkansas,1862,474,310,175,118,77,16,27,0,13,25,22,11,16,13,20,12,20,1,3,10,13,15,21,0,13,15,25,0,13,0,13,192,110,30,35,15,17,29,32,18,25,0,13,2,5,32,51,38,31,15,18,0,13,4,8,9,14,0,13,1552,450,762,229,10,15,6,11,128,121,19,19,56,44,0,13,41,30,106,75,121,85,69,39,83,50,94,45,29,22,790,255,7,12,0,13,106,131,14,16,24,47,0,13,72,40,122,134,147,54,53,37,114,59,62,37,69,49
05059020400,Census Tract 204; Hot Spring County; Arkansas,5668,511,943,324,308,163,39,41,0,18,29,33,0,18,0,18,0,18,36,35,102,106,17,25,0,18,83,83,2,4,0,18,635,264,19,25,18,28,109,134,0,18,0,18,51,59,22,34,132,79,27,41,75,75,31,45,43,52,108,93,4725,590,2404,363,116,119,14,23,349,220,24,37,0,18,57,64,264,141,513,259,261,178,212,101,219,107,328,150,47,44,2321,382,151,130,59,81,135,80,41,51,28,44,94,86,144,94,309,122,379,158,313,138,175,84,336,146,157,80
05059020500,Census Tract 205; Hot Spring County; Arkansas,3650,478,167,67,63,34,0,18,0,18,0,18,0,18,0,18,0,18,0,18,9,10,15,19,4,5,13,18,8,11,14,13,104,45,0,18,3,6,1,2,5,9,0,18,0,18,6,11,9,16,0,18,22,21,12,13,35,22,11,14,3483,466,1884,310,39,39,0,18,81,58,70,50,20,19,78,44,204,100,148,96,213,78,244,65,312,152,238,82,237,65,1599,240,10,12,0,18,112,73,62,41,50,44,23,26,64,58,253,143,145,57,215,98,259,113,245,64,161,87
05059020600,Census Tract 206; Hot Spring County; Arkansas,3720,506,665,272,280,110,23,23,0,13,28,36,2,3,0,13,7,9,2,5,54,43,52,48,10,17,54,47,19,21,29,23,385,185,35,38,2,5,70,79,3,4,6,9,8,11,35,38,20,22,43,40,32,45,66,63,17,19,48,32,3055,453,1579,255,18,25,21,34,83,65,42,25,29,25,51,38,145,72,290,139,189,81,183,67,196,77,192,68,140,49,1476,252,34,33,6,7,33,29,66,56,0,13,21,21,116,68,43,25,330,142,234,84,237,84,248,84,108,45
05059020701,Census Tract 207.01; Hot Spring County; Arkansas,2248,475,272,156,58,43,0,13,0,13,0,13,0,13,0,13,0,13,6,9,0,13,18,18,19,28,15,25,0,13,0,13,214,133,0,13,0,13,0,13,17,27,0,13,14,24,4,6,57,69,5,8,22,33,58,78,0,13,37,30,1976,464,911,281,50,51,0,13,130,129,47,44,0,13,14,18,32,44,95,75,60,44,174,104,131,69,134,79,44,59,1065,316,42,56,27,42,9,13,98,102,0,13,0,13,19,30,204,132,142,98,99,81,215,110,70,54,140,121
05059020702,Census Tract 207.02; Hot Spring County; Arkansas,3477,458,474,246,303,152,0,13,11,20,0,13,10,16,0,13,25,32,25,39,151,111,0,13,0,13,66,89,0,13,15,27,171,123,12,23,0,13,22,27,0,13,0,13,0,13,0,13,24,28,0,13,0,13,17,28,96,113,0,13,3003,433,1587,243,21,31,18,26,115,74,24,22,33,33,113,101,88,83,94,70,191,71,222,117,308,100,290,111,70,46,1416,283,23,30,31,46,79,87,81,89,18,22,31,36,110,120,94,58,166,70,195,125,286,87,189,70,113,80
05061950100,Census Tract 9501; Howard County; Arkansas,3901,383,925,394,337,150,25,34,1,3,14,18,0,13,0,13,4,7,67,65,11,16,43,48,68,66,77,48,15,24,12,19,588,276,35,41,8,14,9,15,77,75,24,21,48,29,54,67,22,23,122,128,34,48,88,47,36,31,31,24,2976,414,1592,252,95,68,52,58,184,79,75,68,19,29,19,25,134,67,100,57,238,80,276,79,142,73,165,62,93,47,1384,245,47,46,0,13,91,75,46,46,0,13,23,23,112,78,53,34,256,92,229,78,120,57,226,61,181,77
05061950200,Census Tract 9502; Howard County; Arkansas,4644,463,627,303,269,110,22,26,28,33,58,47,33,36,5,8,0,13,15,23,8,11,17,25,13,22,0,13,70,49,0,13,358,225,23,27,0,13,36,37,39,33,0,13,25,27,29,44,12,20,105,84,33,30,18,19,0,13,38,45,4017,515,2029,277,79,60,12,20,285,120,67,52,23,21,97,52,89,70,336,103,185,90,139,74,253,73,214,79,250,84,1988,314,86,55,0,13,195,106,77,41,10,17,80,66,185,91,165,54,394,106,164,85,353,85,182,49,97,48
05061950300,Census Tract 9503; Howard County; Arkansas,3975,347,925,353,330,125,50,43,0,13,13,27,12,28,0,13,0,13,19,29,81,71,56,52,27,34,42,49,30,34,0,13,595,262,86,56,0,13,63,58,11,27,38,36,20,28,65,63,43,50,57,55,52,48,72,53,78,52,10,15,3050,398,1443,203,169,105,38,42,67,37,29,32,26,31,61,49,133,75,87,65,261,127,116,55,280,86,95,49,81,52,1607,279,155,89,15,22,73,60,129,75,11,19,48,46,97,63,224,83,280,102,115,61,119,62,140,53,201,97
05063490101,Census Tract 4901.01; Independence County; Arkansas,2286,272,381,195,217,133,0,13,1,2,0,13,2,4,0,13,18,23,0,13,0,13,25,37,1,2,126,118,29,27,15,15,164,107,7,11,0,13,6,9,0,13,0,13,15,24,15,22,0,13,38,49,31,30,15,17,27,26,10,12,1905,274,903,159,16,17,1,2,27,22,88,95,1,3,17,20,27,22,25,21,85,48,101,44,286,102,139,57,90,52,1002,161,22,21,10,16,16,21,28,30,12,14,33,29,74,55,84,50,68,38,192,91,238,83,123,53,102,59
05063490102,Census Tract 4901.02; Independence County; Arkansas,3638,564,714,409,357,254,6,14,0,13,2,3,34,52,0,13,44,69,43,57,15,26,28,32,78,69,42,65,47,68,18,20,357,221,0,13,0,13,20,32,38,64,0,13,0,13,0,13,16,25,25,32,66,83,140,143,44,54,8,12,2924,486,1693,376,68,82,66,46,125,72,127,116,0,13,28,34,141,90,97,96,160,105,350,171,126,76,211,87,194,79,1231,227,24,37,28,45,55,64,34,44,0,13,85,71,94,85,85,117,216,80,190,86,145,83,175,71,100,78
05063490200,Census Tract 4902; Independence County; Arkansas,2497,424,735,271,447,173,35,43,0,13,0,13,102,54,67,31,66,30,0,13,0,13,114,63,4,11,0,13,50,54,9,14,288,128,0,13,0,13,14,24,14,25,60,32,0,13,29,43,0,13,114,56,0,13,17,23,6,11,34,32,1762,445,968,386,0,13,0,13,127,134,7,12,15,26,6,11,61,38,200,96,180,164,195,116,87,43,43,26,47,31,794,202,43,71,0,13,98,91,10,20,25,33,19,26,34,44,65,59,84,59,126,66,124,46,82,46,84,44
05063490300,Census Tract 4903; Independence County; Arkansas,5702,716,920,379,496,230,87,49,16,29,76,56,0,18,2,4,44,67,23,32,0,18,167,99,0,18,71,56,8,12,2,4,424,194,27,50,0,18,59,29,22,43,0,18,0,18,95,92,1,5,116,64,2,6,70,72,0,18,32,37,4782,655,2289,362,23,35,34,35,225,118,59,55,34,49,73,54,162,79,330,185,270,164,371,193,268,129,241,103,199,111,2493,415,68,76,110,117,56,65,50,83,0,18,26,37,318,158,130,73,478,181,247,118,561,269,230,83,219,97
05063490400,Census Tract 4904; Independence County; Arkansas,4422,592,969,429,424,200,3,5,0,13,105,99,20,23,24,29,11,15,9,11,55,73,21,24,95,59,69,79,10,8,2,4,545,256,25,41,0,13,31,25,81,123,0,13,0,13,31,27,136,101,10,8,86,72,85,82,32,22,28,22,3453,501,1730,298,87,46,44,42,65,40,72,40,14,14,28,23,145,62,231,98,200,74,241,83,335,117,193,87,75,32,1723,260,143,70,0,13,96,57,3,4,38,32,12,15,254,90,235,83,154,56,279,104,184,60,207,69,118,40
05063490500,Census Tract 4905; Independence County; Arkansas,3277,553,643,445,289,231,0,13,56,63,62,63,8,13,0,13,44,64,0,13,0,13,62,98,34,54,0,13,13,31,10,16,354,236,0,13,0,13,64,73,71,81,0,13,0,13,0,13,162,150,30,31,16,25,9,15,2,3,0,13,2634,504,1343,219,85,59,0,13,15,18,48,32,56,47,27,37,82,62,73,57,248,138,185,82,203,76,174,65,147,73,1291,325,25,38,0,13,75,65,134,124,0,13,66,71,82,68,88,75,257,125,103,60,189,88,181,78,91,58
05063490600,Census Tract 4906; Independence County; Arkansas,2943,417,865,303,436,149,70,79,24,35,68,42,43,51,0,13,0,13,102,99,41,57,80,45,0,13,8,23,0,13,0,13,429,201,0,13,0,13,41,49,36,55,0,13,38,56,17,33,100,107,82,59,52,69,21,35,1,4,41,54,2078,427,896,222,223,74,46,53,22,19,51,42,0,13,19,29,102,67,163,74,9,33,53,43,125,92,34,34,49,42,1182,281,139,89,0,13,167,80,0,13,15,16,33,30,2,5,259,106,73,49,64,35,129,79,112,74,189,132
05063490701,Census Tract 4907.01; Independence County; Arkansas,3811,627,364,251,205,141,10,17,0,13,0,13,10,16,0,13,13,21,10,19,64,87,37,44,36,56,13,25,12,22,0,13,159,141,17,27,14,24,0,13,0,13,12,19,0,13,11,21,11,17,12,19,21,33,32,38,12,21,17,22,3447,658,1690,417,121,99,59,64,150,98,136,96,51,75,0,13,115,75,193,124,182,125,118,82,247,121,225,98,93,91,1757,347,172,135,0,13,146,114,105,120,0,13,85,86,145,104,158,86,204,101,121,95,227,125,288,137,106,64
05063490702,Census Tract 4907.02; Independence County; Arkansas,3468,817,729,300,187,96,24,29,0,13,12,20,0,13,0,13,0,13,118,77,24,27,0,13,0,13,0,13,4,6,5,8,542,234,107,128,0,13,116,92,37,40,0,13,13,25,29,43,40,36,85,74,15,28,28,45,7,12,65,67,2739,792,1314,405,49,47,7,13,40,42,33,39,0,13,5,10,353,220,161,110,181,111,176,90,139,125,100,65,70,52,1425,496,37,54,0,13,260,277,126,76,27,36,94,68,11,19,182,126,215,110,170,114,142,73,128,61,33,27
05063490800,Census Tract 4908; Independence County; Arkansas,5069,566,967,562,579,358,172,135,0,18,140,136,1,2,0,18,6,9,43,69,61,68,2,5,36,61,111,94,3,4,4,5,388,228,105,100,0,18,7,10,5,9,0,18,1,2,5,6,144,116,0,18,42,61,48,52,5,9,26,25,4102,546,2057,311,190,113,34,34,128,77,58,57,23,34,51,52,151,87,323,110,229,114,308,119,160,75,318,141,84,52,2045,315,48,39,105,107,93,50,88,94,12,22,27,33,184,141,369,120,146,99,400,163,161,85,285,101,127,86
05065960100,Census Tract 9601; Izard County; Arkansas,3182,272,799,240,293,133,0,13,0,13,34,23,0,13,13,15,0,13,0,13,74,79,3,7,32,29,97,69,11,11,29,27,506,161,74,84,0,13,17,21,40,29,0,13,27,29,41,37,6,10,91,66,14,14,85,45,97,88,14,12,2383,253,1294,189,44,40,7,11,45,32,89,79,36,34,21,28,72,48,162,87,123,64,100,50,198,68,175,59,222,55,1089,139,16,17,0,13,20,19,7,10,11,15,31,25,76,50,126,62,53,36,109,59,176,53,261,77,203,59
05065960200,Census Tract 9602; Izard County; Arkansas,4765,412,1133,343,596,215,100,80,0,13,57,42,37,27,0,13,8,13,144,94,23,28,26,30,61,53,37,32,64,47,39,42,537,182,28,25,15,24,51,45,53,35,0,13,38,43,31,37,47,42,97,61,56,53,65,52,51,31,5,7,3632,477,1907,286,86,59,15,22,169,76,21,25,4,7,131,58,90,76,183,115,184,75,345,106,333,117,210,60,136,58,1725,273,116,83,21,24,135,69,75,65,18,24,56,38,155,77,247,83,135,71,220,87,207,61,186,62,154,63
05065960300,Census Tract 9603; Izard County; Arkansas,2149,281,440,145,194,107,15,15,0,13,8,13,5,7,2,8,0,13,33,38,3,7,34,48,13,16,18,19,28,41,35,36,246,70,2,3,0,13,12,19,0,13,0,13,0,13,1,3,4,6,50,43,9,11,123,54,21,20,24,26,1709,265,810,146,15,17,7,10,6,8,62,49,3,5,14,22,27,23,117,83,92,61,93,64,77,44,181,77,116,58,899,188,32,30,1,2,37,24,6,6,41,39,5,7,48,47,48,36,120,70,135,78,96,45,128,72,202,93
05065960400,Census Tract 9604; Izard County; Arkansas,2674,400,320,149,204,107,3,5,0,13,22,25,2,3,0,13,0,13,0,13,7,11,4,5,12,15,75,75,65,66,14,17,116,54,1,4,1,5,0,13,0,13,2,4,0,13,0,13,3,5,1,3,10,11,22,20,53,41,23,25,2354,406,1114,235,18,25,0,13,88,68,30,26,18,31,0,13,79,76,155,97,125,68,166,77,186,62,162,73,87,47,1240,223,24,25,0,13,137,93,45,36,5,10,20,20,32,29,134,63,117,58,204,107,239,79,117,58,166,61
05067480100,Census Tract 4801; Jackson County; Arkansas,2904,393,608,234,213,106,30,41,9,15,6,7,19,21,6,13,9,17,12,19,31,44,31,28,23,27,21,21,16,18,0,13,395,166,57,63,2,5,94,99,20,21,14,22,4,7,29,36,33,32,45,49,23,24,43,25,12,16,19,17,2296,314,1213,211,87,69,20,30,56,34,8,9,7,9,39,34,83,54,173,57,168,67,166,71,140,58,161,68,105,55,1083,156,19,21,8,9,29,22,46,29,13,16,26,21,100,49,137,51,82,42,122,52,234,63,155,47,112,48
05067480200,Census Tract 4802; Jackson County; Arkansas,3286,353,570,241,239,136,0,13,0,13,33,45,16,25,0,13,17,28,0,13,64,53,35,40,16,20,48,54,8,15,2,14,331,128,0,13,0,13,0,13,24,28,0,13,0,13,49,50,28,43,18,23,46,45,119,79,28,26,19,19,2716,328,1373,213,175,79,0,13,141,58,34,26,0,13,45,38,156,74,239,105,177,90,123,66,109,55,100,53,74,45,1343,175,99,59,0,13,138,95,55,63,0,13,70,48,134,73,131,79,102,46,116,64,211,65,184,58,103,44
05067480300,Census Tract 4803; Jackson County; Arkansas,4213,352,1482,367,697,232,53,55,0,13,55,44,82,54,40,35,19,28,77,63,47,43,82,52,159,100,43,26,37,40,3,5,785,251,89,67,19,30,27,35,43,59,24,37,82,84,171,98,37,36,142,99,60,39,33,30,48,51,10,16,2731,430,1361,245,35,36,4,4,47,31,96,72,85,51,9,11,179,105,204,81,136,68,104,68,161,88,119,53,182,72,1370,270,15,20,13,21,53,47,58,59,0,13,37,44,28,21,127,72,332,178,145,77,129,68,207,72,226,81
05067480401,Census Tract 4804.01; Jackson County; Arkansas,1574,276,73,44,35,26,0,13,0,13,0,13,0,13,0,13,0,13,2,6,3,6,2,4,0,13,6,9,22,19,0,13,38,24,1,2,0,13,0,13,0,13,0,13,0,13,0,13,2,4,0,13,5,9,16,14,8,11,6,9,1501,278,838,182,19,16,39,57,54,42,8,13,0,13,7,13,75,63,199,89,88,63,113,53,75,40,115,43,46,31,663,134,112,52,6,9,24,19,48,33,18,23,5,9,77,57,76,58,43,31,48,29,85,45,98,34,23,23
05067480402,Census Tract 4804.02; Jackson County; Arkansas,602,241,68,46,31,25,0,13,0,13,0,13,0,13,0,13,0,13,0,13,8,14,0,13,0,13,17,17,4,5,2,3,37,30,0,13,0,13,0,13,0,13,0,13,0,13,0,13,9,12,10,16,6,11,7,14,1,2,4,5,534,232,308,164,0,13,0,13,0,13,0,13,0,13,0,13,17,25,0,13,121,106,3,5,33,28,123,76,11,11,226,84,3,5,0,13,0,13,0,13,0,13,0,13,23,28,6,8,4,5,53,42,57,44,62,60,18,16
05067480500,Census Tract 4805; Jackson County; Arkansas,1781,261,243,170,108,86,0,13,0,13,37,40,13,19,0,13,5,9,6,10,17,27,0,13,0,13,22,27,8,12,0,13,135,89,9,15,28,44,17,22,0,13,0,13,7,13,0,13,10,18,21,23,4,7,26,24,13,12,0,13,1538,241,929,166,12,17,2,5,71,35,18,26,0,13,38,35,93,61,45,28,115,66,119,78,270,110,89,49,57,40,609,121,23,24,0,13,34,34,15,22,7,14,44,54,30,25,37,26,54,25,119,68,107,54,74,28,65,58
05069000102,Census Tract 1.02; Jefferson County; Arkansas,41,53,0,13,0,13,0,13,0,13,0,13,0,13,0,13,0,13,0,13,0,13,0,13,0,13,0,13,0,13,0,13,0,13,0,13,0,13,0,13,0,13,0,13,0,13,0,13,0,13,0,13,0,13,0,13,0,13,0,13,41,53,17,25,0,13,0,13,0,13,0,13,0,13,0,13,0,13,0,13,0,13,0,13,17,25,0,13,0,13,24,30,0,13,0,13,0,13,0,13,0,13,0,13,0,13,0,13,0,13,0,13,24,30,0,13,0,13
05069000301,Census Tract 3.01; Jefferson County; Arkansas,3030,440,520,197,255,124,11,18,0,13,32,53,0,13,0,13,0,13,74,69,50,55,0,13,47,52,9,17,25,29,7,12,265,117,13,24,0,13,0,13,0,13,0,13,0,13,22,36,79,81,46,50,0,13,77,58,8,14,20,24,2510,440,1261,239,78,76,0,13,39,34,23,31,18,24,0,13,166,146,106,69,114,71,154,79,261,119,136,48,166,72,1249,267,0,13,66,61,61,38,10,17,0,13,27,26,156,133,121,63,32,29,293,138,135,71,168,72,180,79
05069000302,Census Tract 3.02; Jefferson County; Arkansas,5087,495,601,410,399,334,0,18,64,95,17,27,0,18,0,18,154,197,135,173,0,18,15,24,0,18,14,23,0,18,0,18,202,108,0,18,0,18,0,18,0,18,0,18,17,29,53,66,0,18,72,73,0,18,51,52,9,15,0,18,4486,554,2338,368,101,99,0,18,210,156,187,122,11,20,185,102,152,114,141,106,205,97,457,157,250,117,343,120,96,62,2148,326,116,103,12,20,153,83,111,101,0,18,54,42,43,53,203,122,314,119,498,162,243,99,248,126,153,91
05069000303,Census Tract 3.03; Jefferson County; Arkansas,3323,594,901,366,330,191,20,31,15,24,29,47,0,13,30,46,0,13,53,73,79,75,34,34,33,45,31,33,6,11,0,13,571,273,31,51,0,13,83,119,42,60,20,27,22,34,0,13,95,83,99,90,67,52,49,43,6,10,57,56,2422,444,1337,325,150,120,0,13,65,71,73,60,35,29,141,97,112,84,89,103,231,123,293,109,82,52,25,20,41,28,1085,227,90,113,0,13,35,50,25,37,0,13,39,42,73,54,135,103,190,89,180,83,182,79,56,28,80,49
05069000502,Census Tract 5.02; Jefferson County; Arkansas,1854,445,744,404,204,149,37,38,0,13,32,33,0,13,0,13,0,13,2,8,5,14,83,90,0,13,5,9,40,37,0,13,540,352,99,143,26,28,27,29,0,13,0,13,63,84,161,167,26,26,36,49,25,36,17,20,41,40,19,20,1110,369,371,137,23,42,9,16,9,16,8,15,0,13,17,23,14,22,49,46,30,28,92,93,71,39,42,35,7,10,739,333,12,20,28,34,57,77,16,29,5,11,57,63,99,104,11,14,81,81,81,61,62,41,82,89,148,115
05069000900,Census Tract 9; Jefferson County; Arkansas,2708,515,975,454,554,278,120,79,42,39,18,47,74,63,0,13,0,13,0,13,133,162,46,42,60,84,32,48,3,8,26,42,421,201,0,13,0,13,16,40,36,32,0,13,28,27,80,112,53,80,110,106,0,13,79,57,19,22,0,13,1733,292,741,224,29,43,0,13,80,78,0,13,0,13,6,11,73,69,120,79,206,161,27,26,88,59,80,53,32,43,992,211,0,13,0,13,60,62,7,11,6,10,34,47,134,85,205,84,128,101,94,82,162,86,135,77,27,26
05069001000,Census Tract 10; Jefferson County; Arkansas,880,245,272,141,158,123,0,13,0,13,0,13,0,13,0,13,0,13,4,8,0,13,19,32,22,9,101,110,0,13,12,14,114,89,0,13,10,18,9,19,0,13,9,17,7,15,0,13,0,13,47,31,26,29,2,5,4,7,0,13,608,230,296,139,0,13,44,44,0,13,28,40,0,13,0,13,17,24,62,95,14,22,47,30,11,12,63,33,10,16,312,142,0,13,0,13,0,13,0,13,0,13,0,13,65,78,98,65,0,13,35,31,48,34,65,46,1,4
05069001200,Census Tract 12; Jefferson County; Arkansas,1569,414,616,283,298,156,0,13,0,13,59,76,0,13,0,13,36,61,13,23,12,18,116,132,7,11,37,37,0,13,18,29,318,200,63,73,0,13,42,47,0,13,10,16,0,13,38,49,25,38,34,42,12,11,59,45,30,35,5,7,953,286,452,166,0,13,18,24,0,13,18,24,0,13,0,13,11,13,64,67,42,77,77,45,19,24,189,122,14,13,501,169,6,12,0,13,34,35,15,21,0,13,0,13,50,45,10,16,144,117,79,47,44,31,56,40,63,40
05069001300,Census Tract 13; Jefferson County; Arkansas,1297,439,440,277,216,166,0,13,0,13,104,131,0,13,0,13,0,13,0,13,0,13,26,35,25,31,23,24,18,26,20,27,224,128,7,11,0,13,44,55,0,13,4,6,0,13,16,25,52,57,0,13,25,24,39,34,23,30,14,22,857,396,375,208,19,33,0,13,68,72,61,72,38,56,25,42,25,26,40,64,46,45,6,10,22,19,18,16,7,10,482,219,36,49,0,13,8,13,51,58,0,13,6,10,0,13,91,64,60,59,45,38,103,96,72,39,10,12
05069001401,Census Tract 14.01; Jefferson County; Arkansas,1739,455,882,360,258,159,16,27,0,13,98,108,29,28,0,13,9,13,23,28,44,41,16,24,0,13,18,19,5,8,0,13,624,250,94,72,6,11,47,37,101,84,14,19,0,13,50,82,69,45,106,136,52,48,36,30,30,26,19,22,857,317,376,160,22,34,0,13,64,61,3,8,0,13,12,19,94,94,77,77,24,34,5,9,38,32,21,23,16,20,481,193,37,58,10,16,16,23,0,13,0,13,27,29,55,56,83,61,74,57,83,47,54,30,28,20,14,14
05069001402,Census Tract 14.02; Jefferson County; Arkansas,2406,747,509,349,285,163,53,79,0,13,31,52,0,13,0,13,0,13,33,57,13,20,39,58,89,61,27,31,0,13,0,13,224,213,92,144,0,13,0,13,0,13,0,13,0,13,41,60,34,57,26,45,0,13,31,40,0,13,0,13,1897,652,901,264,96,129,0,13,0,13,116,146,0,13,0,13,11,21,187,162,37,49,138,73,250,92,47,49,19,37,996,453,68,93,12,20,53,73,28,52,32,49,0,13,133,143,239,171,9,17,157,74,115,76,104,67,46,40
05069001501,Census Tract 15.01; Jefferson County; Arkansas,3442,540,527,255,271,131,29,42,0,13,34,39,14,21,0,13,0,13,14,22,15,24,85,69,10,16,0,13,10,16,60,74,256,148,51,60,0,13,29,37,0,13,0,13,0,13,9,15,50,43,8,14,17,22,46,37,46,48,0,13,2915,616,1126,268,72,65,32,52,47,47,34,40,13,22,23,28,69,49,119,95,131,81,77,53,276,152,170,86,63,41,1789,440,109,118,9,16,295,187,57,55,0,13,54,51,103,122,189,90,162,62,259,104,246,119,225,98,81,38
05069001502,Census Tract 15.02; Jefferson County; Arkansas,3023,635,486,225,341,214,0,13,0,13,0,13,0,13,0,13,0,13,0,13,35,42,11,17,14,18,178,171,69,64,34,39,145,69,0,13,0,13,0,13,0,13,0,13,0,13,22,37,25,44,0,13,11,18,21,23,49,37,17,20,2537,613,1254,388,112,97,0,13,44,65,9,16,29,32,51,55,10,18,160,134,348,313,109,78,219,117,133,87,30,29,1283,419,149,219,0,13,147,94,45,39,54,60,7,11,94,86,277,120,44,39,146,75,194,98,105,67,21,24
05069001600,Census Tract 16; Jefferson County; Arkansas,2330,466,569,361,216,162,106,138,0,13,65,56,8,20,0,13,0,13,13,20,13,22,0,13,8,15,0,13,3,8,0,13,353,216,0,13,0,13,139,157,40,47,0,13,0,13,30,52,18,28,45,46,16,27,0,13,51,51,14,26,1761,352,814,230,47,52,0,13,60,85,46,42,63,83,0,13,8,15,175,134,37,50,76,57,125,50,112,78,65,72,947,183,16,36,0,13,32,32,87,93,0,13,6,12,100,59,54,59,111,89,113,83,163,103,170,76,95,76
05069001700,Census Tract 17; Jefferson County; Arkansas,2078,454,498,257,121,109,0,13,0,13,27,39,77,93,0,13,0,13,0,13,0,13,0,13,0,13,0,13,17,28,0,13,377,197,128,96,0,13,0,13,36,27,27,22,0,13,0,13,21,28,56,51,61,73,7,12,8,12,33,35,1580,424,809,320,231,216,0,13,0,13,0,13,0,13,9,17,32,51,170,143,136,94,14,28,61,46,107,67,49,53,771,166,47,81,0,13,0,13,0,13,0,13,52,52,34,63,97,82,95,85,0,13,242,107,133,106,71,56
05069001800,Census Tract 18; Jefferson County; Arkansas,2794,553,296,238,144,123,0,13,0,13,64,91,0,13,0,13,0,13,59,80,0,13,0,13,0,13,11,16,10,17,0,13,152,121,0,13,0,13,0,13,0,13,0,13,0,13,57,81,6,10,0,13,77,87,0,13,12,19,0,13,2498,550,1189,312,50,58,20,32,163,181,0,13,0,13,0,13,130,89,197,131,142,82,133,62,89,46,150,54,115,63,1309,297,59,68,0,13,179,171,17,24,0,13,15,25,138,109,127,77,99,66,117,59,120,62,293,155,145,79
05069001901,Census Tract 19.01; Jefferson County; Arkansas,972,231,229,164,114,87,32,38,0,13,0,13,14,23,0,13,0,13,0,13,15,20,0,13,4,8,33,28,11,18,5,9,115,88,21,38,11,16,10,17,0,13,0,13,0,13,0,13,19,23,12,19,18,25,0,13,13,21,11,12,743,190,293,69,12,19,33,39,0,13,0,13,0,13,8,13,4,7,22,24,40,31,14,18,64,41,45,27,51,32,450,142,0,13,7,14,25,42,0,13,0,13,10,12,83,75,30,28,29,30,33,33,74,46,136,54,23,19
05069001903,Census Tract 19.03; Jefferson County; Arkansas,2040,453,881,367,376,210,25,44,17,22,40,56,22,39,0,13,0,13,206,171,48,73,7,11,0,13,11,22,0,13,0,13,505,210,0,13,0,13,71,72,42,46,0,13,42,42,34,59,55,56,32,46,105,79,16,17,48,50,60,64,1159,355,568,238,67,71,19,29,44,54,0,13,0,13,0,13,99,89,134,94,82,95,6,9,47,36,19,24,51,56,591,175,0,13,0,13,22,39,45,51,3,6,0,13,80,77,101,60,43,47,56,36,137,85,84,57,20,20
05069002000,Census Tract 20; Jefferson County; Arkansas,5126,758,364,160,154,94,0,18,0,18,0,18,0,18,0,18,0,18,17,28,47,42,0,18,59,86,0,18,16,26,15,23,210,113,0,18,14,25,0,18,0,18,0,18,25,43,0,18,0,18,0,18,32,41,35,42,31,35,73,90,4762,747,2063,318,102,89,0,18,13,23,335,171,0,18,100,104,152,110,158,124,114,101,426,124,159,87,318,122,186,95,2699,571,164,135,0,18,192,260,0,18,0,18,173,95,95,73,216,102,430,98,238,109,553,290,342,138,296,143
05069002103,Census Tract 21.03; Jefferson County; Arkansas,2861,411,615,309,273,161,31,46,0,18,27,43,0,18,0,18,29,50,0,18,40,61,54,58,37,55,39,30,0,18,16,23,342,193,68,79,0,18,0,18,0,18,7,10,0,18,47,72,65,65,52,57,40,57,19,23,35,41,9,14,2246,410,1089,278,0,18,0,18,139,90,56,56,0,18,0,18,63,58,155,117,225,133,82,51,203,104,101,54,65,48,1157,213,68,71,8,15,54,46,15,25,73,53,72,66,46,42,173,89,140,64,117,90,229,91,93,61,69,44
05069002104,Census Tract 21.04; Jefferson County; Arkansas,4420,499,386,224,247,177,38,58,0,13,30,47,0,13,0,13,0,13,0,13,62,68,35,42,0,13,64,88,9,14,9,16,139,79,0,13,0,13,0,13,0,13,0,13,0,13,11,29,5,12,20,28,6,11,64,69,33,34,0,13,4034,488,1976,331,81,59,90,79,160,91,13,26,0,13,52,59,123,143,367,139,110,63,150,74,327,133,343,145,160,76,2058,281,78,65,0,13,177,118,0,13,27,36,50,47,169,87,279,131,244,97,201,74,376,121,231,81,226,101
05069002300,Census Tract 23; Jefferson County; Arkansas,1866,342,452,111,216,72,0,13,0,13,60,34,11,12,0,13,9,12,25,29,0,13,55,38,10,12,0,13,39,30,7,10,236,71,63,36,0,13,0,13,0,13,4,6,0,13,0,13,5,7,44,26,5,8,40,32,48,44,27,29,1414,332,712,218,42,49,0,13,0,13,57,92,0,13,15,18,34,22,79,84,101,79,107,63,102,43,136,66,39,25,702,179,14,23,0,13,9,13,2,4,41,41,0,13,45,36,21,21,172,117,46,26,137,58,108,60,107,58
05069002400,Census Tract 24; Jefferson County; Arkansas,3859,480,443,246,176,103,16,19,0,13,0,13,8,9,5,8,10,12,25,28,20,30,71,66,0,13,12,17,9,8,0,13,267,159,0,13,0,13,26,29,72,101,2,3,0,13,9,12,21,25,55,51,27,30,40,27,12,14,3,6,3416,445,1753,256,133,63,60,59,153,94,82,60,44,47,26,36,230,105,202,92,172,71,156,65,209,70,162,64,124,63,1663,269,43,38,57,68,132,86,14,12,0,13,11,14,90,59,251,104,178,71,217,88,204,60,372,115,94,46
05069002500,Census Tract 25; Jefferson County; Arkansas,997,330,94,72,56,47,0,13,0,13,21,34,0,13,0,13,0,13,0,13,6,9,11,19,0,13,0,13,18,29,0,13,38,32,0,13,0,13,0,13,0,13,0,13,0,13,0,13,0,13,0,13,0,13,5,8,0,13,33,30,903,321,456,198,0,13,0,13,7,11,28,36,0,13,21,35,68,69,76,53,44,37,7,8,16,13,63,38,126,115,447,158,0,13,0,13,23,30,6,9,6,10,6,10,65,74,17,24,64,57,75,44,20,15,75,50,90,44
05071951700,Census Tract 9517; Johnson County; Arkansas,4714,486,515,222,228,115,26,32,0,13,18,27,0,13,0,13,0,13,7,13,38,39,16,28,8,12,73,67,17,18,25,40,287,158,9,13,8,13,14,20,10,18,0,13,0,13,7,10,5,11,28,40,46,29,31,37,129,129,0,13,4199,511,2257,323,103,75,18,20,126,82,70,45,113,68,36,36,158,79,190,76,241,100,438,124,331,96,289,91,144,59,1942,268,139,62,0,13,97,64,28,26,75,46,31,23,150,82,146,53,182,76,394,115,314,107,220,71,166,62
05071951800,Census Tract 9518; Johnson County; Arkansas,4395,454,1227,377,465,151,49,55,0,13,78,47,7,12,0,13,0,13,39,38,73,54,85,61,46,31,47,34,41,34,0,13,762,267,136,79,37,35,95,77,41,39,0,13,20,20,92,53,90,57,84,56,23,22,99,39,17,15,28,32,3168,409,1579,265,119,89,0,13,222,126,35,29,0,13,0,13,115,79,157,69,277,105,211,94,207,63,111,43,125,59,1589,233,53,39,7,12,98,51,38,23,69,61,66,43,53,40,155,69,127,60,307,128,263,71,224,110,129,60
05071951900,Census Tract 9519; Johnson County; Arkansas,3506,417,307,215,215,169,82,100,0,13,47,58,0,13,0,13,0,13,49,59,12,21,3,9,0,13,13,18,0,13,9,16,92,70,2,6,0,13,0,13,3,10,0,13,0,13,22,34,4,12,22,35,13,19,0,13,26,43,0,13,3199,362,1476,248,9,12,9,15,35,28,79,51,30,34,107,57,195,103,182,132,264,80,136,63,188,86,199,70,43,32,1723,258,75,37,24,33,104,57,42,43,24,27,65,34,102,54,137,86,243,93,254,99,419,215,183,83,51,35
05071952000,Census Tract 9520; Johnson County; Arkansas,3825,353,1085,317,471,168,46,36,13,20,32,30,11,19,0,13,32,43,51,50,27,31,24,23,30,36,168,140,25,39,12,15,614,206,54,43,10,19,82,55,79,62,8,13,11,19,75,59,149,90,83,73,16,20,22,28,16,31,9,16,2740,429,1434,269,37,32,20,23,78,57,145,101,0,13,79,61,91,53,257,86,68,38,258,94,128,74,89,61,184,92,1306,236,124,74,6,10,78,49,26,32,0,13,5,8,115,64,112,64,88,70,212,102,226,101,60,30,254,120
05071952100,Census Tract 9521; Johnson County; Arkansas,3810,436,981,331,418,191,86,60,0,13,147,97,13,21,0,13,0,13,51,51,35,33,0,13,54,62,27,43,0,13,5,10,563,192,125,79,0,13,66,60,0,13,0,13,0,13,43,51,186,94,40,63,22,35,0,13,26,34,55,38,2829,513,1600,309,139,105,23,43,98,81,42,42,8,14,37,46,121,94,288,114,223,155,176,60,183,106,173,67,89,55,1229,297,12,17,39,43,156,129,38,40,44,52,23,26,41,49,248,105,116,72,133,65,112,104,184,97,83,47
05071952200,Census Tract 9522; Johnson County; Arkansas,4937,483,759,178,266,97,23,23,7,8,50,38,9,10,0,13,9,12,16,23,15,11,3,6,23,23,44,30,16,14,51,41,493,119,17,18,0,13,42,36,19,22,2,4,9,14,9,13,54,33,45,42,62,40,95,47,122,84,17,22,4178,514,2169,312,111,68,72,68,229,128,73,52,67,49,87,67,78,39,242,116,373,106,126,53,328,119,284,100,99,80,2009,287,96,56,3,7,183,94,201,183,17,19,69,44,97,77,278,92,389,137,195,96,281,90,146,60,54,45
05073470101,Census Tract 4701.01; Lafayette County; Arkansas,1697,223,559,192,282,99,16,21,5,7,52,34,17,20,10,11,20,32,36,34,14,23,20,29,35,41,36,31,8,12,13,18,277,116,15,21,0,13,9,10,9,11,0,13,0,13,38,46,19,26,26,19,41,27,32,24,73,39,15,13,1138,212,561,146,4,7,0,13,50,35,5,10,0,13,48,59,69,48,41,31,130,53,36,25,53,29,83,42,42,27,577,126,14,20,0,13,15,19,22,21,0,13,10,16,35,31,50,45,105,55,63,29,42,21,119,42,102,49
05073470102,Census Tract 4701.02; Lafayette County; Arkansas,1995,315,459,204,225,108,16,23,0,13,14,18,14,19,0,13,5,8,27,28,21,21,0,13,32,33,48,34,24,30,24,27,234,130,20,30,0,13,20,33,1,2,0,13,0,13,29,38,0,13,10,14,37,27,49,28,43,35,25,18,1536,290,793,176,50,30,0,13,93,72,10,13,0,13,14,17,45,38,51,28,104,50,29,29,160,62,107,43,130,52,743,145,38,35,13,18,9,13,7,10,6,10,18,30,86,44,27,30,135,53,97,37,141,63,51,34,115,54
05073470200,Census Tract 4702; Lafayette County; Arkansas,2400,313,640,212,333,130,0,13,0,13,36,46,53,56,0,13,35,48,19,21,0,13,49,39,70,59,34,30,37,36,0,13,307,124,0,13,30,32,28,25,28,25,0,13,0,13,11,12,10,14,82,53,9,15,50,29,21,21,38,24,1760,288,931,146,38,39,6,12,12,21,14,21,0,13,70,26,86,23,55,30,115,57,105,58,167,46,211,70,52,46,829,173,10,21,0,13,37,31,45,29,2,4,0,13,83,50,57,41,64,41,144,76,198,56,144,57,45,39
05075470100,Census Tract 4701; Lawrence County; Arkansas,1427,233,199,82,116,57,12,12,0,13,8,12,0,13,0,13,4,4,48,38,0,13,11,14,0,13,26,30,0,13,7,9,83,37,18,24,0,13,0,13,2,3,0,13,2,3,14,15,10,10,1,3,0,13,5,13,12,9,19,16,1228,222,618,118,33,30,0,13,23,19,11,12,6,10,0,13,105,46,51,36,58,38,144,71,91,30,72,39,24,24,610,138,34,37,8,12,39,39,6,8,0,13,4,7,31,22,60,51,35,21,151,72,115,35,87,37,40,27
05075470200,Census Tract 4702; Lawrence County; Arkansas,4339,272,569,140,235,77,10,8,9,15,42,29,11,13,6,10,8,11,13,15,4,7,46,26,21,15,24,16,18,18,23,16,334,94,8,13,0,13,11,10,18,17,4,6,14,14,30,19,60,40,29,20,56,36,56,34,21,16,27,23,3770,276,1939,139,147,64,23,18,126,40,58,30,57,35,97,43,217,68,216,74,181,66,309,82,178,56,250,60,80,37,1831,192,193,73,37,31,166,60,72,37,9,14,47,31,105,55,256,89,208,62,196,54,196,72,235,53,111,43
05075470300,Census Tract 4703; Lawrence County; Arkansas,1661,167,203,101,119,80,0,13,1,4,22,30,21,30,2,4,3,5,0,13,9,16,17,22,14,15,7,12,10,11,13,15,84,36,2,3,2,3,0,13,1,3,1,2,12,19,8,11,5,6,8,10,11,10,12,11,11,11,11,12,1458,179,791,124,17,15,15,15,38,25,41,25,7,7,1,2,47,25,61,28,85,45,77,37,168,49,138,48,96,54,667,98,27,18,7,10,29,19,10,10,2,5,14,11,32,18,96,41,49,23,82,28,127,46,110,53,82,25
05075470400,Census Tract 4704; Lawrence County; Arkansas,1277,207,399,177,191,100,10,12,0,13,39,40,0,13,0,13,0,13,24,26,52,54,28,26,9,10,1,2,27,30,1,3,208,92,23,18,0,13,51,43,0,13,0,13,9,16,14,20,44,26,40,29,7,7,20,15,0,13,0,13,878,143,449,78,40,28,0,13,17,15,11,13,14,20,2,4,16,12,56,29,91,51,53,31,87,37,40,19,22,13,429,92,23,21,0,13,8,11,30,34,0,13,13,20,21,20,52,30,81,51,18,13,96,44,38,22,49,33
05075470501,Census Tract 4705.01; Lawrence County; Arkansas,2715,99,548,174,189,89,9,12,0,13,17,19,38,37,8,14,0,13,9,8,26,23,32,28,13,15,20,14,7,12,10,12,359,113,9,14,0,13,42,31,5,9,0,13,7,11,46,40,96,62,19,18,11,12,67,38,43,31,14,17,2167,158,982,101,62,54,16,20,66,44,102,107,0,13,17,18,76,46,108,48,113,45,85,34,151,46,108,67,78,43,1185,129,34,32,5,9,56,41,91,89,0,13,106,61,124,55,47,34,216,98,102,42,172,64,127,76,105,47
05075470502,Census Tract 4705.02; Lawrence County; Arkansas,4262,194,936,316,301,137,96,71,23,36,51,57,0,13,0,13,25,33,11,17,73,77,0,13,0,13,7,11,0,13,15,16,635,215,53,46,0,13,89,64,0,13,12,19,27,25,42,48,57,68,48,43,88,65,45,36,127,100,47,36,3326,350,1816,215,63,48,0,13,127,72,89,84,11,15,79,48,154,66,256,77,256,85,200,90,315,77,129,82,137,61,1510,234,21,26,40,60,69,60,64,42,33,28,22,20,159,70,171,93,168,69,254,85,208,74,96,45,205,75
05077470100,Census Tract 4701; Lee County; Arkansas,790,155,177,113,109,80,43,61,0,13,1,2,0,13,0,13,8,13,27,38,10,17,4,7,5,9,0,13,1,2,10,15,68,61,0,13,0,13,0,13,3,5,6,9,0,13,14,26,7,10,0,13,31,34,3,7,0,13,4,6,613,134,369,87,0,13,8,10,10,12,15,13,12,15,8,9,0,13,15,17,39,36,106,53,35,25,60,32,61,37,244,74,0,13,0,13,14,20,4,6,0,13,17,15,7,12,5,8,40,24,13,13,81,49,30,22,33,23
05077470200,Census Tract 4702; Lee County; Arkansas,1633,222,188,102,86,58,0,13,0,13,0,13,0,13,0,13,0,13,12,20,17,19,5,8,18,34,2,4,32,44,0,13,102,71,7,12,6,11,0,13,15,24,0,13,0,13,0,13,12,16,23,41,0,13,13,17,10,10,16,16,1445,230,857,159,116,76,0,13,36,25,52,29,0,13,7,7,116,68,70,44,57,31,80,45,165,62,53,34,105,39,588,142,77,51,0,13,18,17,13,18,5,6,6,7,29,29,70,48,39,22,64,44,124,65,52,29,91,60
05077470300,Census Tract 4703; Lee County; Arkansas,3492,76,1442,357,531,180,62,72,21,33,133,71,23,28,15,19,0,13,153,120,20,35,35,48,36,56,33,28,0,13,0,13,911,249,84,71,0,13,80,58,69,60,12,18,88,42,166,79,35,36,180,97,79,62,44,50,27,30,47,36,2050,353,807,196,0,13,0,13,23,39,58,55,0,13,16,20,45,77,114,87,192,173,63,67,120,69,108,51,68,45,1243,256,100,83,0,13,113,108,19,28,11,18,16,20,89,72,40,45,87,71,186,73,202,100,273,68,107,60
05077470400,Census Tract 4704; Lee County; Arkansas,1038,198,119,72,85,60,0,13,0,13,0,13,0,13,0,13,2,4,5,11,0,13,0,13,0,13,2,4,70,58,6,11,34,30,0,13,0,13,1,3,0,13,0,13,0,13,0,13,3,5,0,13,3,5,7,11,5,6,15,25,919,193,449,124,31,32,1,2,8,16,0,13,1,2,34,16,24,29,76,60,49,28,75,60,60,44,23,15,67,36,470,103,9,13,2,3,31,41,20,16,0,13,0,13,27,26,24,21,41,23,55,37,51,34,131,55,79,35
05079960300,Census Tract 9603; Lincoln County; Arkansas,2424,290,389,248,229,155,6,13,22,40,90,86,17,43,18,47,0,13,41,56,11,25,10,16,0,13,6,11,0,13,8,13,160,105,19,24,0,13,13,36,0,13,0,13,0,13,29,43,64,48,0,13,17,33,12,19,6,9,0,13,2035,294,1008,169,40,30,0,13,94,58,72,66,11,17,27,44,57,67,85,55,57,49,249,84,119,64,103,54,94,47,1027,179,19,15,11,25,21,27,55,53,0,13,13,27,75,65,59,50,253,81,104,56,218,70,73,42,126,43
05079960400,Census Tract 9604; Lincoln County; Arkansas,2908,350,496,236,98,70,4,6,12,21,0,13,10,18,0,13,9,16,0,13,30,35,8,13,0,13,9,16,8,16,8,14,398,185,101,83,37,40,15,22,0,13,10,18,0,13,72,57,21,28,0,13,30,27,30,27,55,49,27,25,2412,338,1218,204,54,66,0,13,34,31,86,82,0,13,71,54,226,93,109,70,162,71,103,56,150,57,169,61,54,32,1194,196,67,70,61,77,109,79,32,39,15,21,37,36,17,22,155,57,141,65,160,64,150,53,184,65,66,33
05079960500,Census Tract 9605; Lincoln County; Arkansas,2092,366,307,152,49,29,13,16,0,13,8,12,2,5,0,13,0,13,0,13,11,17,4,6,0,13,11,17,0,13,0,13,258,142,38,33,0,13,42,42,26,20,0,13,21,21,19,26,17,31,37,35,18,25,33,34,7,12,0,13,1785,408,791,197,29,32,3,5,89,81,64,51,0,13,8,14,52,62,97,53,85,63,101,60,112,59,83,47,68,45,994,259,127,99,8,12,29,27,6,10,0,13,43,47,82,61,219,117,101,67,86,54,81,39,111,49,101,43
05079960600,Census Tract 9606; Lincoln County; Arkansas,1126,249,320,168,112,85,0,18,7,14,7,14,18,26,0,18,5,9,4,9,8,10,28,55,6,14,7,10,17,21,5,8,208,109,5,7,0,18,41,45,0,18,0,18,0,18,0,18,19,21,51,49,12,20,51,34,29,29,0,18,806,189,339,113,18,29,0,18,16,21,22,24,0,18,0,18,15,20,7,12,12,15,48,42,73,44,78,44,50,34,467,116,31,39,0,18,6,8,4,5,0,18,12,18,9,11,19,19,20,20,81,46,83,43,105,47,97,43
05081030101,Census Tract 301.01; Little River County; Arkansas,1975,304,201,110,81,68,0,13,0,13,19,27,0,13,0,13,0,13,8,11,0,13,25,36,12,15,11,17,6,8,0,13,120,77,7,13,0,13,21,21,14,19,0,13,3,5,0,13,8,13,27,36,10,16,0,13,14,13,16,20,1774,305,851,201,31,36,0,13,30,23,39,37,0,13,22,27,32,35,202,123,86,65,117,62,89,28,114,55,89,52,923,173,115,65,5,10,63,35,59,51,0,13,32,32,5,10,95,46,97,60,120,62,159,40,126,50,47,28
05081030103,Census Tract 301.03; Little River County; Arkansas,1613,318,427,233,224,123,0,13,0,13,0,13,5,8,0,13,0,13,17,26,25,44,56,77,32,32,34,45,8,13,47,47,203,162,8,19,6,13,19,28,24,28,0,13,31,44,0,13,21,34,35,39,0,13,55,43,0,13,4,8,1186,261,632,176,7,16,7,15,0,13,14,17,0,13,0,13,23,27,128,80,85,87,34,45,133,72,114,69,87,48,554,159,0,13,0,13,43,50,5,8,0,13,0,13,29,37,74,78,0,13,36,38,109,81,192,69,66,51
05081030104,Census Tract 301.04; Little River County; Arkansas,2428,277,767,211,118,69,0,13,0,13,68,42,5,10,0,13,0,13,0,13,18,35,0,13,0,13,10,17,15,26,2,3,649,182,171,59,0,13,122,116,58,61,0,13,0,13,18,33,56,92,146,100,0,13,17,29,46,52,15,19,1661,284,729,159,0,13,0,13,33,32,35,51,51,47,16,28,89,67,86,76,42,54,145,77,116,66,57,71,59,33,932,183,19,33,31,31,30,29,21,24,0,13,26,35,146,123,55,60,93,57,129,88,109,70,92,66,181,78
05081030200,Census Tract 302; Little River County; Arkansas,2423,322,285,139,102,54,16,25,0,13,29,35,4,7,0,13,0,13,0,13,0,13,0,13,12,16,14,11,21,26,6,10,183,98,0,13,0,13,23,29,19,31,0,13,0,13,0,13,32,24,17,20,30,50,40,32,10,13,12,17,2138,321,1126,220,100,53,0,13,45,45,46,40,0,13,44,39,142,95,125,49,207,103,194,83,48,34,114,63,61,41,1012,169,24,25,9,11,40,35,18,19,13,18,54,38,49,40,133,68,209,101,158,72,128,62,114,54,63,46
05081030301,Census Tract 303.01; Little River County; Arkansas,1252,336,81,71,7,14,0,13,0,13,0,13,0,13,0,13,0,13,0,13,0,13,0,13,0,13,7,14,0,13,0,13,74,69,0,13,0,13,0,13,0,13,0,13,0,13,0,13,40,54,0,13,0,13,2,3,0,13,32,38,1171,363,555,195,16,21,72,66,56,58,20,31,35,37,7,13,22,28,52,39,76,87,70,60,29,24,82,52,18,17,616,193,35,35,0,13,72,60,9,14,0,13,4,5,87,57,80,57,78,59,60,52,101,54,42,43,48,29
05081030302,Census Tract 303.02; Little River County; Arkansas,2017,297,166,89,60,49,16,23,0,13,11,15,3,7,0,13,0,13,9,15,0,13,0,13,9,13,4,9,0,13,8,9,106,50,15,20,0,13,0,13,9,17,0,13,0,13,14,14,0,13,9,11,6,10,11,13,33,27,9,10,1851,291,973,203,56,68,38,38,79,66,37,29,6,10,15,20,97,56,90,59,66,40,67,33,255,118,123,54,44,28,878,149,53,64,3,7,21,21,54,37,0,13,25,27,49,25,76,46,141,70,139,55,161,69,119,73,37,29
05083950100,Census Tract 9501; Logan County; Arkansas,4105,456,439,161,169,71,2,3,0,13,13,14,8,9,11,17,0,13,4,5,9,10,10,13,58,45,13,14,16,15,25,19,270,114,4,5,0,13,32,34,5,7,0,13,12,19,48,43,21,24,45,39,25,24,21,18,22,20,35,26,3666,476,1882,299,59,44,9,14,105,53,151,91,13,17,100,55,62,40,170,86,247,95,199,92,321,102,268,95,178,59,1784,244,58,48,12,20,153,91,7,9,3,3,64,47,117,70,174,88,159,64,201,88,421,108,263,69,152,47
05083950200,Census Tract 9502; Logan County; Arkansas,3588,380,457,181,230,106,18,19,1,2,15,16,2,5,0,13,10,14,1,3,26,62,19,26,50,56,32,19,32,26,24,38,227,112,10,15,0,13,28,23,15,19,14,18,16,16,4,5,39,27,15,20,21,23,18,20,29,25,18,18,3131,400,1650,250,102,65,25,31,116,106,24,20,43,41,7,6,123,75,172,72,187,86,266,79,277,77,147,45,161,51,1481,205,182,81,0,13,37,27,29,26,23,20,56,44,83,48,128,63,137,88,300,80,200,67,166,55,140,63
05083950300,Census Tract 9503; Logan County; Arkansas,3480,229,630,208,294,124,21,26,0,13,11,20,11,18,0,13,8,15,35,42,65,53,9,14,25,31,40,34,56,36,13,23,336,107,12,23,9,16,10,19,0,13,0,13,9,14,0,13,78,67,40,37,29,40,27,27,68,44,54,44,2850,291,1406,218,75,57,0,13,110,62,62,49,0,13,36,29,97,81,191,94,181,63,141,71,252,97,210,78,51,36,1444,169,82,71,0,13,60,47,112,89,12,19,48,42,36,53,176,92,176,69,236,84,143,60,194,74,169,72
05083950400,Census Tract 9504; Logan County; Arkansas,3100,369,389,167,153,86,8,10,8,12,24,27,6,9,0,13,9,17,39,33,20,19,0,13,9,8,10,12,10,14,10,15,236,110,10,15,0,13,10,11,32,38,0,13,0,13,23,23,78,55,2,3,3,4,23,20,38,31,17,18,2711,353,1315,203,44,29,27,25,93,53,59,42,24,30,9,12,72,37,174,66,68,36,221,73,192,52,212,70,120,48,1396,226,62,42,15,15,127,74,45,33,27,24,4,8,98,46,112,53,208,107,230,73,191,59,197,71,80,43
05083950500,Census Tract 9505; Logan County; Arkansas,3791,77,637,272,274,149,24,35,0,13,22,42,21,28,8,13,0,13,64,60,0,13,37,41,2,6,51,41,21,20,24,23,363,154,24,30,0,13,10,19,15,29,0,13,31,38,65,53,39,39,41,40,10,19,60,46,48,43,20,18,3154,282,1483,187,157,88,0,13,105,74,60,46,0,13,41,32,154,72,223,86,202,84,181,96,198,116,82,39,80,56,1671,228,88,75,39,42,157,106,63,58,0,13,30,35,265,116,156,89,273,139,157,95,247,75,117,51,79,44
05083950600,Census Tract 9506; Logan County; Arkansas,2816,375,457,204,216,105,0,13,8,14,31,33,13,19,4,7,0,13,0,13,35,36,74,51,18,25,33,47,0,13,0,13,241,133,15,22,0,13,50,85,21,20,0,13,0,13,12,16,46,45,20,25,30,22,15,17,12,16,20,20,2359,343,1227,198,6,9,6,7,61,22,59,57,42,35,40,53,48,33,169,67,191,100,200,86,200,100,131,51,74,38,1132,207,101,56,0,13,17,18,72,46,10,15,29,26,29,34,107,99,121,71,138,75,239,86,153,76,116,60
05085020102,Census Tract 201.02; Lonoke County; Arkansas,5676,565,960,453,540,326,120,128,0,18,139,85,57,76,69,101,37,57,0,18,0,18,42,53,22,34,54,87,0,18,0,18,420,183,0,18,22,35,45,63,0,18,0,18,26,42,16,27,162,118,104,104,0,18,8,14,28,34,9,19,4716,610,2407,374,108,79,30,34,190,120,88,92,50,74,35,43,295,145,511,209,367,155,279,117,319,127,91,59,44,44,2309,358,131,73,94,117,227,146,121,93,0,18,27,40,148,104,456,156,332,125,300,122,269,153,159,96,45,42
05085020103,Census Tract 201.03; Lonoke County; Arkansas,8121,720,371,221,144,90,0,18,0,18,0,18,0,18,0,18,0,18,38,49,0,18,18,31,31,38,13,23,35,40,9,17,227,155,33,47,0,18,23,37,12,22,15,22,24,35,19,29,27,46,27,39,31,40,16,28,0,18,0,18,7750,751,3929,448,571,178,76,84,318,96,128,66,83,62,71,47,193,94,741,214,623,155,285,121,391,127,279,88,170,70,3821,424,316,159,64,91,332,139,174,121,47,73,26,28,379,167,661,183,623,150,313,118,426,120,297,104,163,65
05085020105,Census Tract 201.05; Lonoke County; Arkansas,6414,762,138,78,56,42,14,22,0,18,0,18,0,18,0,18,0,18,24,32,0,18,0,18,0,18,10,18,8,13,0,18,82,53,0,18,0,18,6,10,8,13,0,18,0,18,8,13,5,8,9,15,16,19,30,33,0,18,0,18,6276,752,3018,452,282,137,33,48,237,133,240,129,10,17,120,93,101,57,329,145,487,143,461,143,387,142,232,94,99,61,3258,446,344,222,36,34,278,180,74,65,37,37,89,84,116,83,429,171,621,230,452,177,414,153,341,84,27,36
05085020106,Census Tract 201.06; Lonoke County; Arkansas,2235,327,469,399,213,182,0,13,7,10,47,63,0,13,0,13,0,13,25,38,55,75,47,73,16,19,16,19,0,13,0,13,256,220,0,13,0,13,35,41,0,13,0,13,0,13,0,13,72,82,104,111,0,13,38,40,7,12,0,13,1766,260,891,221,10,17,6,9,11,14,27,21,0,13,0,13,47,40,143,125,17,18,180,91,179,107,209,100,62,43,875,177,8,13,0,13,47,35,9,14,0,13,34,31,12,21,12,14,88,65,223,113,154,78,159,79,129,83
05085020107,Census Tract 201.07; Lonoke County; Arkansas,2660,516,246,191,128,108,0,13,0,13,0,13,0,13,0,13,0,13,0,13,0,13,68,55,0,13,48,66,0,13,12,18,118,124,0,13,0,13,0,13,0,13,0,13,47,70,0,13,0,13,64,58,0,13,0,13,7,13,0,13,2414,543,1165,352,48,63,0,13,22,25,82,84,21,35,30,45,31,43,267,134,90,92,201,114,142,138,204,155,27,25,1249,330,133,134,12,23,128,75,116,94,10,15,115,114,16,37,190,99,30,43,208,127,125,69,141,75,25,38
05085020108,Census Tract 201.08; Lonoke County; Arkansas,5554,893,241,142,69,55,0,18,0,18,0,18,0,18,5,13,0,18,32,41,15,26,0,18,0,18,9,16,8,14,0,18,172,108,0,18,0,18,0,18,0,18,0,18,0,18,45,54,4,8,17,28,75,92,0,18,17,19,14,22,5313,892,2840,508,97,88,78,77,147,73,141,100,37,36,83,56,458,244,287,116,458,164,447,164,340,199,210,71,57,36,2473,464,86,65,91,108,106,69,117,104,11,17,76,68,350,207,254,139,355,122,403,115,334,179,119,60,171,68
05085020201,Census Tract 202.01; Lonoke County; Arkansas,3961,593,76,65,25,26,0,13,0,13,0,13,0,13,0,13,0,13,0,13,0,13,0,13,0,13,17,22,8,13,0,13,51,45,0,13,0,13,0,13,0,13,0,13,0,13,0,13,11,17,0,13,11,15,7,13,22,26,0,13,3885,587,1937,372,108,85,0,13,137,79,147,109,54,66,136,104,99,62,151,81,267,106,182,80,257,87,161,64,238,136,1948,401,171,103,12,20,42,50,168,190,17,21,99,78,137,72,210,106,216,94,316,140,293,72,118,66,149,69
05085020202,Census Tract 202.02; Lonoke County; Arkansas,3255,422,269,159,137,96,62,79,0,13,5,9,0,13,0,13,0,13,0,13,0,13,23,21,16,16,15,18,16,17,0,13,132,79,0,13,0,13,0,13,7,12,8,14,0,13,38,53,9,15,0,13,14,16,42,37,3,12,11,16,2986,421,1556,295,106,84,33,36,188,119,74,47,65,76,73,64,48,47,244,116,187,97,256,117,129,59,99,49,54,49,1430,255,53,44,7,12,142,65,68,64,90,71,21,18,51,31,259,116,245,93,162,66,192,56,85,34,55,40
05085020204,Census Tract 202.04; Lonoke County; Arkansas,4996,594,947,414,345,187,19,24,0,18,103,94,0,18,0,18,22,34,35,41,82,81,62,95,0,18,7,13,15,13,0,18,602,264,90,79,30,32,108,72,21,33,0,18,0,18,38,45,122,87,57,67,35,41,35,37,56,58,10,17,4049,608,1875,313,43,59,0,18,144,112,105,63,34,42,48,59,284,132,340,134,320,134,152,85,231,125,50,38,124,109,2174,405,62,60,0,18,217,128,49,46,85,70,84,77,175,97,270,135,301,143,306,170,173,83,268,106,184,123
05085020205,Census Tract 202.05; Lonoke County; Arkansas,4670,565,797,341,403,217,34,31,106,73,88,106,22,30,0,13,17,28,5,11,57,75,21,28,0,13,10,16,32,54,11,18,394,182,65,60,0,13,23,36,0,13,0,13,48,68,11,18,99,80,45,50,20,23,13,17,45,55,25,25,3873,494,1972,314,105,79,8,14,80,44,76,41,8,14,144,102,255,116,283,153,229,60,416,111,248,125,76,45,44,30,1901,323,36,33,19,31,116,58,15,20,62,63,29,41,176,128,195,86,305,86,241,100,312,86,105,57,290,127
05085020206,Census Tract 202.06; Lonoke County; Arkansas,5287,594,768,354,300,197,27,45,21,34,49,47,9,14,3,5,0,18,69,99,45,52,8,14,27,52,42,65,0,18,0,18,468,232,48,49,11,19,74,86,30,42,0,18,33,37,10,15,83,68,77,66,12,17,31,39,16,17,43,60,4519,654,2084,355,119,69,24,36,183,96,108,98,0,18,45,37,72,66,453,140,432,162,117,72,242,99,251,175,38,30,2435,414,155,95,31,28,158,99,157,112,12,19,124,87,320,139,402,143,282,115,340,199,166,66,203,79,85,58
05085020301,Census Tract 203.01; Lonoke County; Arkansas,4082,481,376,206,250,152,0,13,30,42,0,13,30,43,0,13,0,13,20,31,0,13,12,19,104,85,11,16,42,36,1,7,126,68,0,13,0,13,0,13,0,13,0,13,0,13,0,13,0,13,36,52,0,13,29,24,44,36,17,20,3706,550,2030,360,16,22,4,6,94,63,29,46,17,28,77,67,257,121,198,99,222,106,424,207,319,119,207,85,166,84,1676,302,71,64,18,22,154,80,18,27,0,13,0,13,175,132,309,131,181,85,172,70,249,95,161,60,168,68
05085020302,Census Tract 203.02; Lonoke County; Arkansas,4143,725,278,178,140,108,0,13,0,13,0,13,0,13,0,13,7,16,0,13,117,105,6,19,0,13,3,8,7,13,0,13,138,94,0,13,0,13,0,13,0,13,0,13,0,13,0,13,80,84,0,13,6,10,16,26,14,15,22,27,3865,711,2063,508,38,52,51,55,233,149,73,69,0,13,84,81,166,120,303,202,354,176,278,81,201,75,210,61,72,45,1802,309,10,20,64,85,116,103,113,84,0,13,54,67,255,140,148,78,237,132,258,87,294,90,145,54,108,51
05085020400,Census Tract 204; Lonoke County; Arkansas,2851,396,440,245,158,96,22,29,16,33,36,35,16,25,0,13,0,13,0,13,11,18,0,13,0,13,24,25,29,32,4,7,282,191,17,25,0,13,47,55,19,30,21,34,0,13,0,13,73,71,16,25,32,27,34,37,3,5,20,27,2411,376,1133,192,50,49,25,16,102,48,98,47,10,17,16,24,61,55,57,42,181,80,157,58,151,58,106,54,119,111,1278,247,31,24,0,13,112,84,93,55,0,13,16,23,68,59,153,77,197,79,139,67,114,54,193,76,162,83
05085020500,Census Tract 205; Lonoke County; Arkansas,4773,551,714,340,299,150,12,21,0,18,16,22,22,37,15,26,29,39,0,18,18,26,31,33,11,17,125,96,20,20,0,18,415,218,23,43,0,18,77,75,32,49,33,46,0,18,44,50,69,70,0,18,32,39,28,46,61,49,16,19,4059,643,2007,356,99,90,58,58,250,147,229,149,0,18,81,73,143,123,188,93,319,85,200,117,145,74,207,84,88,55,2052,370,118,109,49,45,92,69,0,18,16,19,99,99,208,95,152,64,375,176,377,203,199,72,239,83,128,58
05085020600,Census Tract 206; Lonoke County; Arkansas,1536,307,343,212,163,112,54,73,8,14,0,13,10,18,0,13,8,14,0,13,10,18,0,13,31,35,27,22,14,20,1,9,180,112,0,13,23,31,43,47,23,24,0,13,0,13,0,13,16,22,9,15,26,29,8,11,29,40,3,10,1193,266,558,115,8,13,11,13,33,28,34,18,0,13,25,22,55,40,46,36,47,27,137,65,63,39,60,32,39,26,635,203,20,21,6,11,47,38,0,13,9,15,9,14,15,19,42,28,79,27,113,49,192,168,76,41,27,21
05085020700,Census Tract 207; Lonoke County; Arkansas,2548,445,721,323,334,173,18,23,15,18,61,56,0,13,0,13,17,19,23,30,61,55,73,68,14,14,2,4,20,21,30,28,387,175,80,54,9,14,21,22,9,17,0,13,38,52,15,17,54,44,47,54,10,11,71,43,15,14,18,22,1827,390,838,227,14,20,0,13,72,72,12,14,0,13,19,23,39,32,144,124,140,71,107,70,138,109,85,58,68,33,989,226,103,68,33,51,39,32,55,42,0,13,19,18,23,23,100,62,137,63,45,49,269,107,99,42,67,35
05085020800,Census Tract 208; Lonoke County; Arkansas,1084,278,78,41,55,34,2,3,0,13,3,4,0,13,0,13,4,5,7,11,0,13,15,20,10,9,8,9,0,13,6,9,23,16,0,13,0,13,0,13,4,5,0,13,0,13,0,13,0,13,4,5,0,13,14,13,1,3,0,13,1006,267,475,157,6,9,15,16,17,15,4,7,0,13,20,29,15,16,41,28,45,38,70,44,112,133,53,28,77,34,531,134,15,21,0,13,9,11,59,38,7,11,23,26,18,20,30,22,33,27,49,30,51,25,178,99,59,32
05087960100,Census Tract 9601; Madison County; Arkansas,4027,414,594,282,254,128,39,50,8,13,13,17,0,13,14,23,0,13,74,58,0,13,21,30,10,16,50,48,9,16,16,16,340,175,32,37,5,12,141,100,0,13,0,13,0,13,13,29,44,46,2,4,52,48,19,26,8,11,24,27,3433,404,1771,288,75,68,0,13,133,96,14,21,39,43,55,54,124,93,365,126,246,82,220,102,224,89,184,71,92,52,1662,227,102,72,0,13,103,82,139,71,0,13,21,26,120,80,179,76,219,82,192,68,286,97,191,53,110,56
05087960200,Census Tract 9602; Madison County; Arkansas,4305,314,816,327,402,179,88,72,11,14,63,60,37,31,23,34,9,15,32,35,37,31,29,31,34,38,0,13,0,13,39,58,414,177,0,13,0,13,71,56,36,45,0,13,34,35,69,44,24,22,45,42,31,33,33,31,62,56,9,14,3489,382,1699,236,57,61,18,24,314,157,71,46,58,56,27,33,127,61,168,85,288,85,154,71,148,61,136,64,133,74,1790,246,171,83,26,38,127,78,98,52,63,47,65,59,90,69,239,98,175,84,160,80,194,71,133,78,249,91
05087960300,Census Tract 9603; Madison County; Arkansas,5412,501,723,390,469,262,180,124,0,18,11,20,0,18,0,18,44,51,64,82,0,18,85,104,0,18,85,74,0,18,0,18,254,147,18,30,0,18,15,26,0,18,0,18,0,18,61,77,0,18,75,94,28,32,30,37,27,46,0,18,4689,573,2304,296,0,18,80,74,103,85,117,79,25,42,66,76,119,106,210,115,172,98,484,149,377,126,377,81,174,73,2385,346,94,92,0,18,100,67,45,55,0,18,81,63,133,105,294,156,229,133,535,174,362,107,307,93,205,92
05087960400,Census Tract 9604; Madison County; Arkansas,3106,466,396,198,172,100,0,13,0,13,30,25,26,22,0,13,0,13,0,13,41,45,0,13,0,13,53,37,17,16,5,10,224,131,0,13,0,13,0,13,0,13,26,20,0,13,0,13,75,87,0,13,26,42,79,57,12,17,6,11,2710,465,1390,247,20,30,7,12,62,53,23,26,0,13,15,26,19,23,338,162,100,72,155,114,276,73,255,91,120,73,1320,278,90,94,18,31,121,77,30,44,42,50,16,24,25,29,136,73,185,135,118,69,226,82,236,103,77,51
05089960100,Census Tract 9601; Marion County; Arkansas,4222,458,534,144,177,76,15,23,0,13,0,13,0,13,0,13,0,13,0,13,9,13,32,34,42,49,58,49,14,15,7,11,357,102,0,13,0,13,9,13,0,13,0,13,0,13,50,65,45,47,17,20,72,68,108,55,10,13,46,38,3688,438,1829,197,52,42,0,13,49,39,50,50,8,14,5,9,174,74,205,78,153,68,245,95,349,120,246,112,293,96,1859,303,112,75,3,5,267,166,24,26,8,13,64,45,49,40,157,76,128,53,150,73,264,103,340,111,293,125
05089960201,Census Tract 9602.01; Marion County; Arkansas,3438,487,537,221,231,110,0,13,4,6,27,29,4,7,0,13,6,9,29,37,47,39,38,31,11,17,22,23,35,47,8,13,306,140,42,41,0,13,48,33,4,9,9,14,11,17,8,12,56,41,40,37,51,55,17,20,6,8,14,18,2901,440,1385,225,126,70,0,13,83,53,68,54,9,15,36,31,118,58,123,50,114,57,195,78,165,78,179,80,169,69,1516,264,99,45,0,13,146,83,74,45,13,15,50,41,118,76,149,51,111,58,212,77,241,89,179,67,124,53
05089960202,Census Tract 9602.02; Marion County; Arkansas,3663,410,495,155,130,72,0,13,7,10,57,53,0,13,0,13,0,13,11,13,5,8,18,24,2,3,8,8,8,9,14,15,365,105,30,22,0,13,48,31,9,11,0,13,7,11,38,36,58,33,21,22,12,15,112,55,17,18,13,13,3168,434,1672,271,104,58,6,10,157,84,78,48,32,36,31,33,92,52,213,77,215,90,55,35,252,87,323,116,114,70,1496,210,66,38,6,12,76,48,54,58,7,11,24,24,55,39,156,57,202,79,185,77,243,88,311,118,111,58
05089960301,Census Tract 9603.01; Marion County; Arkansas,2430,441,919,310,481,138,0,13,0,13,24,36,0,13,0,13,104,51,0,13,0,13,121,90,54,54,132,85,18,28,28,26,438,203,16,27,0,13,0,13,17,25,0,13,31,36,27,25,58,59,136,103,22,33,45,51,14,22,72,82,1511,426,896,263,0,13,0,13,47,69,73,87,0,13,23,26,36,44,42,62,27,40,181,122,148,85,190,78,129,69,615,215,0,13,0,13,17,33,0,13,0,13,0,13,21,34,25,38,23,36,98,74,85,64,272,143,74,52
05089960302,Census Tract 9603.02; Marion County; Arkansas,3111,357,523,215,281,128,16,20,0,13,0,13,59,44,9,12,0,13,5,10,28,35,23,31,17,17,75,49,44,32,5,8,242,108,6,12,0,13,43,35,10,13,0,13,6,12,8,10,40,37,56,34,20,20,5,8,24,22,24,21,2588,366,1272,199,22,28,0,13,121,95,0,13,0,13,8,14,20,17,117,61,89,47,123,74,232,75,407,114,133,45,1316,203,16,18,37,37,31,27,18,24,19,16,15,16,23,22,28,23,94,57,120,70,342,124,326,94,247,77
05091020100,Census Tract 201; Miller County; Arkansas,3542,602,656,173,309,115,36,54,0,13,22,36,0,13,0,13,0,13,47,59,20,31,50,47,50,57,64,61,20,25,0,13,347,109,19,32,0,13,6,13,0,13,0,13,0,13,55,60,106,81,22,35,20,26,45,47,16,14,58,49,2886,612,1492,403,108,104,77,76,169,117,87,77,0,13,0,13,89,95,157,107,355,238,125,71,196,110,84,67,45,41,1394,307,32,44,0,13,342,142,57,56,0,13,20,32,21,25,208,111,191,111,135,82,184,89,108,48,96,45
05091020200,Census Tract 202; Miller County; Arkansas,2583,387,748,327,376,193,22,27,0,13,30,30,0,13,0,13,0,13,169,176,2,5,86,84,19,24,40,45,8,12,0,13,372,174,14,21,12,18,38,57,0,13,0,13,0,13,45,54,39,42,42,52,86,68,25,27,41,42,30,37,1835,428,818,268,9,17,0,13,29,33,6,11,0,13,0,13,85,88,271,177,44,44,88,58,145,57,66,40,75,48,1017,220,7,15,26,36,53,61,39,35,20,21,55,76,3,8,214,98,76,63,246,100,178,73,48,36,52,32
05091020400,Census Tract 204; Miller County; Arkansas,2406,463,1014,368,406,221,50,39,21,32,19,24,47,52,0,13,30,37,7,11,161,196,48,48,8,11,4,6,11,16,0,13,608,186,56,56,0,13,95,53,50,40,0,13,57,64,65,47,152,97,71,46,23,20,33,24,0,13,6,9,1392,269,665,143,16,21,7,11,68,37,18,24,9,14,10,15,135,90,54,44,79,58,83,57,78,38,102,53,6,8,727,178,72,62,0,13,54,46,15,17,0,13,19,28,13,20,156,78,110,71,56,39,138,60,67,28,27,20
05091020500,Census Tract 205; Miller County; Arkansas,2264,362,767,307,124,94,79,75,0,13,0,13,0,13,0,13,9,17,0,13,21,30,4,8,0,13,4,7,7,12,0,13,643,264,103,89,0,13,28,40,0,13,0,13,0,13,161,135,86,77,0,13,149,106,88,65,17,21,11,22,1497,293,728,177,0,13,6,10,78,43,0,13,0,13,0,13,160,100,40,46,72,51,151,84,103,53,74,46,44,47,769,170,60,45,0,13,59,45,44,44,0,13,62,73,32,35,53,50,93,48,100,51,174,65,54,37,38,32
05091020600,Census Tract 206; Miller County; Arkansas,2011,477,860,321,361,180,15,27,0,13,106,76,20,31,0,13,67,92,80,103,22,36,0,13,0,13,10,11,34,42,7,10,499,181,0,13,8,16,50,46,56,86,47,72,0,13,51,62,86,58,78,63,51,46,44,49,23,24,5,7,1151,452,390,182,50,49,0,13,46,38,0,13,0,13,0,13,66,69,19,30,31,41,36,35,21,22,86,69,35,51,761,340,132,111,0,13,136,107,35,34,0,13,0,13,48,66,79,60,87,83,66,49,116,94,56,32,6,9
05091020701,Census Tract 207.01; Miller County; Arkansas,3368,467,311,150,100,55,12,22,0,13,0,13,0,13,0,13,0,13,0,13,11,18,0,13,25,29,35,40,8,12,9,14,211,121,0,13,13,23,0,13,0,13,0,13,0,13,9,15,69,69,0,13,10,16,12,20,8,12,90,81,3057,471,1459,321,160,122,13,18,40,48,21,22,0,13,45,40,63,68,285,150,127,76,152,69,207,86,234,173,112,63,1598,264,13,20,0,13,45,56,112,73,0,13,0,13,130,87,178,94,278,126,209,70,172,71,345,163,116,43
05091020702,Census Tract 207.02; Miller County; Arkansas,3438,477,940,328,399,179,0,13,33,50,33,50,0,13,0,13,0,13,137,144,0,13,0,13,100,95,49,49,20,19,27,43,541,239,51,66,0,13,0,13,70,107,27,46,0,13,56,65,60,67,0,13,61,49,55,56,123,78,38,52,2498,440,1161,281,0,13,0,13,155,110,101,65,7,11,70,76,14,23,74,50,144,113,220,103,145,82,133,85,98,42,1337,248,48,49,11,17,59,52,22,34,59,62,12,19,106,68,188,104,175,94,185,84,125,71,148,83,199,75
05091020801,Census Tract 208.01; Miller County; Arkansas,3014,514,538,271,323,177,205,153,35,52,41,55,0,13,0,13,0,13,31,37,11,22,0,13,0,13,0,13,0,13,0,13,215,131,0,13,0,13,0,13,0,13,0,13,0,13,18,32,67,81,89,78,0,13,41,45,0,13,0,13,2476,483,1300,279,133,118,4,13,72,46,64,43,9,17,5,9,187,110,133,88,200,112,146,86,186,72,106,55,55,46,1176,269,142,97,13,20,83,66,38,37,19,29,30,47,131,99,81,70,156,78,201,61,142,88,80,51,60,49
05091020802,Census Tract 208.02; Miller County; Arkansas,2364,516,211,111,54,48,0,13,0,13,0,13,12,18,0,13,0,13,0,13,0,13,5,8,0,13,17,26,8,12,12,22,157,77,0,13,0,13,12,19,0,13,0,13,0,13,12,17,13,19,0,13,14,16,30,37,60,46,16,26,2153,521,1011,257,42,47,0,13,35,36,125,100,7,10,20,16,11,19,85,74,187,111,206,83,134,74,62,36,97,69,1142,337,76,71,28,42,151,92,15,19,0,13,0,13,10,15,192,133,188,162,106,57,127,69,120,94,129,56
05091020901,Census Tract 209.01; Miller County; Arkansas,2281,510,481,469,276,315,21,39,0,13,0,13,0,13,0,13,31,45,10,26,5,11,63,92,38,54,2,3,106,117,0,13,205,171,0,13,0,13,32,55,8,14,0,13,0,13,0,13,21,33,56,75,18,16,51,63,11,14,8,14,1800,374,982,231,0,13,0,13,47,42,55,47,13,21,7,14,51,54,203,134,84,64,158,87,117,58,168,83,79,51,818,224,12,23,0,13,55,54,13,21,0,13,99,84,68,74,78,91,65,46,180,67,55,42,132,70,61,43
05091020902,Census Tract 209.02; Miller County; Arkansas,6145,791,1069,411,626,244,0,18,0,18,0,18,151,156,11,20,11,20,161,143,0,18,0,18,0,18,71,86,172,166,49,44,443,225,0,18,0,18,19,32,92,110,0,18,8,13,0,18,102,95,69,88,51,72,44,61,28,35,30,36,5076,821,2852,631,129,116,32,49,221,132,219,138,12,22,243,113,233,163,225,151,519,232,318,106,349,153,210,80,142,73,2224,344,95,96,55,62,110,80,60,61,0,18,93,87,169,85,200,107,225,118,284,94,250,105,430,156,253,156
05091021001,Census Tract 210.01; Miller County; Arkansas,3463,642,491,239,284,188,21,35,0,13,38,49,0,13,0,13,0,13,0,13,33,56,0,13,24,39,120,128,0,13,48,54,207,127,21,29,21,29,15,24,0,13,0,13,16,30,0,13,54,49,12,20,0,13,27,37,4,10,37,43,2972,653,1606,334,95,88,59,51,110,114,19,25,0,13,8,15,175,126,233,134,153,86,183,71,367,161,153,80,51,34,1366,429,75,78,0,13,72,75,0,13,0,13,113,105,50,45,84,65,361,230,116,62,308,187,82,54,105,72
05091021002,Census Tract 210.02; Miller County; Arkansas,4312,656,608,250,305,120,22,28,7,8,0,13,7,8,64,43,0,13,6,12,26,37,25,29,49,80,89,79,3,7,7,13,303,166,28,30,0,13,22,21,24,24,0,13,3,10,20,22,34,31,20,20,58,66,81,94,7,13,6,10,3704,614,1731,395,60,35,0,13,115,74,184,127,31,35,77,62,145,85,112,83,305,103,300,127,145,71,126,62,131,80,1973,321,173,123,40,35,66,54,183,77,25,40,40,48,207,108,179,93,237,93,245,144,259,100,203,78,116,70
05091980000,Census Tract 9800; Miller County; Arkansas,113,143,0,13,0,13,0,13,0,13,0,13,0,13,0,13,0,13,0,13,0,13,0,13,0,13,0,13,0,13,0,13,0,13,0,13,0,13,0,13,0,13,0,13,0,13,0,13,0,13,0,13,0,13,0,13,0,13,0,13,113,143,50,67,0,13,0,13,0,13,0,13,19,26,0,13,0,13,0,13,31,42,0,13,0,13,0,13,0,13,63,77,0,13,0,13,0,13,0,13,0,13,34,47,0,13,0,13,25,34,0,13,4,6,0,13,0,13
05093010100,Census Tract 101; Mississippi County; Arkansas,1480,418,769,385,277,155,96,121,8,17,21,24,0,13,29,30,0,13,22,26,0,13,52,50,33,50,8,19,0,13,8,13,492,268,73,84,33,53,51,69,0,13,0,13,19,32,0,13,203,156,56,45,17,25,30,47,0,13,10,16,711,178,417,139,7,14,0,13,8,19,5,11,0,13,0,13,45,40,17,27,42,44,148,64,35,38,108,77,2,7,294,81,0,13,0,13,0,13,0,13,0,13,0,13,22,28,19,22,0,13,114,63,63,34,43,33,33,37
05093010200,Census Tract 102; Mississippi County; Arkansas,4326,613,482,261,196,137,45,70,0,13,0,13,0,13,0,13,0,13,0,13,0,13,0,13,0,13,67,86,19,30,65,75,286,191,52,59,0,13,0,13,0,13,0,13,0,13,0,13,68,80,135,154,0,13,31,39,0,13,0,13,3844,581,1888,404,132,76,120,185,95,101,87,114,21,35,79,77,204,149,204,122,380,220,233,103,64,54,163,69,106,62,1956,294,20,36,50,91,20,73,41,49,0,13,92,82,72,88,328,186,318,185,267,116,395,174,194,102,159,103
05093010300,Census Tract 103; Mississippi County; Arkansas,2503,561,741,382,149,111,17,26,0,13,36,54,0,13,0,13,0,13,0,13,19,23,0,13,0,13,77,67,0,13,0,13,592,321,14,22,66,98,66,98,0,13,0,13,0,13,6,16,94,84,39,55,9,16,111,79,137,96,50,49,1762,583,718,226,90,89,0,13,0,13,0,13,0,13,70,78,36,48,34,39,103,53,30,27,167,87,147,85,41,40,1044,408,200,119,110,121,94,93,9,13,0,13,58,58,50,59,181,124,36,34,41,40,132,81,92,72,41,39
05093010601,Census Tract 106.01; Mississippi County; Arkansas,4421,558,866,477,461,288,41,46,86,90,138,102,39,67,0,13,0,13,6,13,94,128,26,46,0,13,31,36,0,13,0,13,405,248,33,36,122,101,47,68,0,13,0,13,0,13,0,13,44,58,97,96,0,13,62,60,0,13,0,13,3555,619,1676,342,21,45,0,13,47,58,62,77,21,41,0,13,203,132,331,207,177,112,224,105,231,139,250,116,109,59,1879,474,96,81,15,27,230,166,20,32,41,52,186,123,124,102,161,122,220,145,201,94,193,96,278,120,114,57
05093010602,Census Tract 106.02; Mississippi County; Arkansas,1824,400,535,388,309,236,39,54,0,13,30,45,40,50,0,13,24,29,38,44,94,125,17,26,10,15,6,9,11,15,0,13,226,186,12,20,0,13,81,110,0,13,5,14,0,13,0,13,64,73,43,49,4,11,5,9,12,16,0,13,1289,485,673,287,24,36,8,14,86,76,81,71,4,8,34,43,0,13,43,34,146,108,88,56,97,45,56,58,6,15,616,230,0,13,0,13,64,35,139,106,11,16,56,53,0,13,99,63,13,19,56,40,83,57,44,41,51,46
05093010700,Census Tract 107; Mississippi County; Arkansas,3897,400,265,127,94,56,0,13,0,13,15,21,10,18,2,3,0,13,25,27,3,6,0,13,6,6,33,30,0,13,0,13,171,90,20,26,18,29,22,31,0,13,0,13,0,13,18,24,31,24,7,10,12,13,21,23,10,11,12,15,3632,398,1863,248,37,30,34,30,202,81,100,61,30,35,54,31,163,73,127,74,285,75,306,118,326,97,136,53,63,36,1769,221,54,40,15,22,98,51,127,57,97,45,72,48,120,66,118,55,255,101,312,100,230,93,183,53,88,43
05093010801,Census Tract 108.01; Mississippi County; Arkansas,2791,429,572,223,227,96,15,24,0,13,7,11,16,20,14,23,0,13,14,25,24,36,3,5,52,49,6,9,76,71,0,13,345,170,56,66,0,13,35,51,14,24,1,3,2,6,13,18,77,57,50,44,4,6,49,60,21,18,23,24,2219,467,1154,238,42,48,3,6,41,32,65,46,44,43,33,46,77,73,92,68,156,100,98,69,229,91,210,90,64,49,1065,269,59,65,0,13,86,87,91,70,0,13,4,8,23,32,72,51,160,89,120,54,287,115,95,54,68,52
05093010802,Census Tract 108.02; Mississippi County; Arkansas,3505,396,495,428,161,135,0,13,0,13,0,13,0,13,0,13,0,13,0,13,0,13,83,116,67,73,0,13,0,13,11,19,334,309,86,118,0,13,0,13,0,13,0,13,0,13,92,103,0,13,74,104,29,37,0,13,30,32,23,34,3010,546,1681,384,326,128,0,13,306,188,27,50,0,13,70,89,21,33,403,137,78,83,74,63,197,101,70,52,109,82,1329,315,135,110,0,13,39,65,57,68,18,25,0,13,128,99,370,174,115,88,110,79,179,94,42,46,136,92
05093010900,Census Tract 109; Mississippi County; Arkansas,1779,232,433,150,203,92,4,7,2,3,8,14,25,24,0,13,16,20,11,14,59,63,8,13,19,16,31,20,10,12,10,16,230,92,5,7,8,14,24,25,0,13,11,20,2,3,10,16,8,9,57,34,44,33,40,33,17,17,4,5,1346,221,855,169,28,21,13,20,139,101,46,38,29,27,13,16,94,62,57,37,122,58,51,37,188,63,41,26,34,24,491,98,0,13,8,11,70,38,13,14,0,13,16,16,26,26,70,37,43,28,88,42,70,41,52,26,35,24
05093011000,Census Tract 110; Mississippi County; Arkansas,3406,340,1359,413,566,261,110,60,0,13,0,13,110,117,14,25,47,59,192,116,0,13,21,38,25,39,19,28,0,13,28,42,793,253,76,54,0,13,50,62,36,53,0,13,68,77,179,85,74,58,142,92,124,80,16,24,28,35,0,13,2047,408,964,231,45,47,34,28,48,44,0,13,24,41,11,20,75,73,155,89,65,63,219,86,158,83,80,60,50,47,1083,262,77,57,0,13,64,78,91,115,0,13,0,13,111,82,50,46,120,81,191,102,222,86,101,58,56,56
05093011100,Census Tract 111; Mississippi County; Arkansas,3206,355,400,260,102,95,0,13,0,13,28,55,0,13,36,54,0,13,0,13,0,13,0,13,30,36,0,13,0,13,8,13,298,185,24,34,0,13,0,13,30,57,0,13,0,13,83,73,10,22,44,64,55,61,0,13,20,35,32,36,2806,364,1463,263,65,69,0,13,79,55,202,164,16,30,47,56,202,129,327,154,104,87,79,50,183,71,101,50,58,41,1343,267,99,65,0,13,35,42,79,74,53,55,0,13,249,117,145,67,179,103,127,67,56,43,251,102,70,64
05093011200,Census Tract 112; Mississippi County; Arkansas,2160,323,354,124,194,82,0,13,10,12,28,37,0,13,0,13,33,25,41,29,0,13,20,23,25,22,17,19,18,22,2,3,160,67,0,13,11,19,11,12,17,15,0,13,2,3,24,28,32,23,10,8,11,15,6,7,21,19,15,18,1806,292,952,161,75,50,0,13,80,39,69,29,18,21,42,33,76,56,197,91,89,33,93,44,117,37,69,31,27,17,854,173,44,39,0,13,56,33,61,34,3,4,10,10,72,34,98,68,109,37,103,51,120,34,94,33,84,61
05093011300,Census Tract 113; Mississippi County; Arkansas,1647,348,647,284,406,217,23,26,0,13,50,47,64,54,0,13,14,18,60,43,68,73,52,51,28,27,29,37,16,20,2,3,241,88,3,4,0,13,1,4,6,10,1,2,15,17,23,15,24,23,71,66,40,39,24,14,16,22,17,17,1000,164,500,97,15,16,0,13,35,21,11,10,0,13,14,15,60,34,53,22,51,24,94,45,96,41,56,24,15,16,500,88,34,20,0,13,20,18,10,10,3,3,7,8,34,25,56,23,25,18,117,58,77,25,68,30,49,32
05093011400,Census Tract 114; Mississippi County; Arkansas,1801,383,232,156,65,53,0,13,0,13,0,13,22,30,0,13,0,13,0,13,24,34,2,4,7,11,6,11,0,13,4,7,167,112,22,42,0,13,0,13,21,29,0,13,0,13,46,42,15,21,21,28,21,28,0,13,6,9,15,24,1569,375,684,188,71,61,0,13,0,13,18,26,14,30,45,48,79,65,62,58,78,57,50,36,112,63,110,63,45,32,885,254,41,52,0,13,76,58,31,43,0,13,22,23,101,99,79,51,93,73,139,96,138,74,91,55,74,52
05095950100,Census Tract 9501; Monroe County; Arkansas,2882,205,885,200,410,106,102,39,18,25,72,33,38,31,10,15,11,15,29,41,0,13,0,13,0,13,21,24,61,48,48,39,475,133,73,37,0,13,0,13,0,13,0,13,0,13,12,19,103,71,59,49,7,13,110,69,59,47,52,41,1997,276,1022,126,14,23,0,13,111,75,13,18,14,20,9,13,25,35,16,24,195,80,202,70,182,47,215,58,26,30,975,234,21,38,0,13,107,103,0,13,9,13,15,22,73,77,42,37,207,76,52,40,186,54,165,56,98,62
05095950200,Census Tract 9502; Monroe County; Arkansas,2216,214,327,146,146,76,8,12,0,13,6,9,9,15,0,13,11,13,28,43,27,39,2,5,22,22,26,21,7,9,0,13,181,82,0,13,0,13,29,32,0,13,0,13,0,13,8,12,28,24,0,13,47,38,37,26,12,12,20,19,1889,221,857,111,147,60,0,13,101,76,14,14,0,13,2,4,40,40,128,50,41,28,84,40,151,48,89,34,60,29,1032,163,24,23,28,26,150,77,70,45,1,6,9,17,46,35,122,63,73,38,178,58,67,30,148,42,116,55
05095950300,Census Tract 9503; Monroe County; Arkansas,1450,237,240,119,52,39,7,10,0,13,4,7,0,13,0,13,0,13,0,13,3,5,13,24,7,12,8,10,0,13,10,16,188,97,9,14,18,27,25,29,18,26,0,13,1,2,43,37,11,16,20,17,14,21,13,14,0,13,16,15,1210,192,679,108,0,13,22,10,56,29,0,13,27,38,0,13,89,64,96,34,28,34,92,39,110,41,63,34,96,46,531,116,6,8,0,13,27,13,0,13,2,6,32,36,4,8,95,62,41,29,28,27,146,52,83,40,67,44
05097953000,Census Tract 9530; Montgomery County; Arkansas,3061,278,648,216,366,125,0,13,0,13,24,32,22,25,25,27,0,13,9,18,95,76,17,24,24,21,54,37,83,72,13,18,282,114,0,13,1,4,27,32,8,12,0,13,0,13,0,13,38,34,46,32,55,34,27,26,80,59,0,13,2413,286,1234,159,66,59,6,10,51,42,52,32,0,13,0,13,98,61,124,50,55,37,125,51,155,51,318,97,184,60,1179,164,69,33,46,35,23,29,53,34,4,7,4,7,41,43,58,37,71,41,140,48,244,94,189,91,237,86
05097953100,Census Tract 9531; Montgomery County; Arkansas,1963,259,457,146,243,90,12,20,5,9,32,26,17,19,0,13,0,13,14,22,25,25,47,43,31,27,37,34,10,11,13,16,214,94,0,13,5,8,3,6,35,51,0,13,8,12,20,25,6,9,39,30,24,28,36,34,0,13,38,32,1506,285,748,164,27,31,0,13,38,30,56,44,1,3,57,47,39,53,16,15,75,38,93,49,157,55,96,45,93,45,758,164,50,36,9,10,8,15,10,12,6,9,4,7,62,49,58,36,78,51,91,54,112,39,156,75,114,52
05097953200,Census Tract 9532; Montgomery County; Arkansas,3428,306,657,202,400,139,22,19,0,13,17,18,35,44,0,13,33,44,31,41,78,68,46,38,56,47,43,30,37,37,2,3,257,99,31,32,0,13,25,25,1,2,0,13,0,13,44,44,16,22,42,37,28,36,31,29,37,28,2,3,2771,279,1371,166,89,68,0,13,83,41,44,31,22,21,31,23,73,55,174,55,136,58,170,49,302,71,118,49,129,46,1400,173,29,32,0,13,79,51,83,63,17,23,38,48,75,44,215,49,122,48,164,49,267,93,198,69,113,49
05099090100,Census Tract 901; Nevada County; Arkansas,2276,305,423,141,206,81,12,11,2,4,16,13,42,33,0,13,5,9,11,15,32,30,32,35,2,3,40,38,5,9,7,11,217,82,4,7,3,5,61,42,0,13,7,9,0,13,17,17,25,23,18,18,21,26,39,23,3,4,19,16,1853,289,1016,179,14,18,1,3,27,26,45,41,3,4,8,12,106,79,99,71,133,71,125,53,191,63,144,69,120,38,837,171,7,10,15,24,21,27,33,45,0,13,18,22,41,41,55,39,51,32,159,68,131,73,200,68,106,54
05099090200,Census Tract 902; Nevada County; Arkansas,4169,349,1296,447,474,201,133,81,0,13,60,46,32,37,0,13,36,39,35,58,0,13,162,136,0,13,13,22,3,7,0,13,822,282,51,46,0,13,111,96,59,62,36,39,14,27,100,80,17,34,217,69,99,76,36,32,17,30,65,52,2873,455,1342,237,108,97,0,13,157,105,11,18,0,13,24,44,226,104,63,56,120,121,139,89,246,62,219,71,29,35,1531,315,64,61,42,55,84,79,43,50,0,13,55,56,155,86,173,84,85,67,245,121,284,98,166,74,135,72
05099090300,Census Tract 903; Nevada County; Arkansas,1609,287,579,195,264,126,29,29,0,13,17,22,27,38,0,13,0,13,17,26,26,38,52,44,84,83,11,11,1,4,0,13,315,110,43,31,0,13,46,37,29,25,0,13,12,15,14,21,29,30,23,22,31,25,31,23,56,39,1,2,1030,226,648,165,12,14,8,15,32,28,75,75,0,13,8,18,48,48,34,29,96,58,40,30,76,58,36,29,183,72,382,108,8,13,3,5,18,20,0,13,3,5,0,13,11,20,29,33,101,66,34,22,61,38,54,38,60,36
05101180100,Census Tract 1801; Newton County; Arkansas,3609,348,455,166,205,92,38,40,18,28,16,25,0,13,6,10,19,27,1,2,21,28,9,12,23,22,22,20,10,11,22,21,250,111,19,22,0,13,4,6,0,13,0,13,29,42,30,32,10,12,69,54,29,23,11,10,16,23,33,21,3154,362,1574,220,60,49,0,13,118,64,120,91,0,13,51,43,130,52,226,74,165,73,144,52,245,94,192,73,123,44,1580,228,82,41,7,10,96,57,29,29,5,7,86,60,169,80,104,62,195,68,182,55,265,69,220,68,140,62
05101180200,Census Tract 1802; Newton County; Arkansas,3488,348,490,208,243,98,37,50,0,13,0,13,0,13,0,13,0,13,44,44,22,31,25,30,12,14,40,33,46,36,17,20,247,139,35,40,0,13,8,11,17,23,0,13,0,13,72,89,0,13,0,13,17,27,58,48,12,13,28,32,2998,381,1589,232,26,32,29,46,54,42,20,25,16,24,66,48,57,35,75,58,175,74,247,56,271,91,357,84,196,45,1409,204,17,22,0,13,136,63,69,49,0,13,28,33,77,59,101,71,84,49,195,66,230,77,276,72,196,62
05103950101,Census Tract 9501.01; Ouachita County; Arkansas,2378,399,285,210,153,128,0,13,0,13,27,24,11,16,29,43,24,37,30,33,0,13,7,11,5,7,9,12,11,16,0,13,132,92,0,13,15,21,0,13,15,22,0,13,16,17,0,13,25,27,17,22,32,39,12,14,0,13,0,13,2093,355,956,182,25,20,35,37,74,50,24,26,9,14,35,26,170,115,74,36,53,29,132,46,127,64,169,58,29,30,1137,240,43,30,0,13,142,66,110,70,18,23,21,29,84,61,211,120,112,47,109,39,131,82,122,57,34,26
05103950102,Census Tract 9501.02; Ouachita County; Arkansas,2817,494,501,302,250,185,26,44,11,18,10,18,0,13,0,13,24,30,0,13,18,25,121,160,15,22,14,25,11,18,0,13,251,155,32,53,4,8,8,15,24,31,0,13,19,24,10,18,3,7,45,53,11,19,40,65,48,49,7,20,2316,540,1183,268,115,99,20,31,60,54,105,126,0,13,21,24,51,73,68,58,82,56,104,47,374,126,123,51,60,45,1133,298,55,54,0,13,67,65,101,138,2,3,37,46,61,43,32,31,93,61,127,63,210,92,292,142,56,41
05103950200,Census Tract 9502; Ouachita County; Arkansas,2365,370,455,215,226,168,0,13,0,13,0,13,20,31,0,13,3,7,13,23,9,16,33,37,69,88,56,68,3,4,20,21,229,123,0,13,0,13,59,77,2,4,0,13,0,13,2,6,0,13,22,34,60,59,12,13,36,37,36,32,1910,318,905,173,20,29,0,13,75,70,3,7,19,16,17,29,40,51,152,86,40,33,104,61,192,76,149,79,94,52,1005,206,69,41,5,10,20,26,20,22,13,16,42,34,36,40,158,102,154,80,80,54,186,85,154,75,68,42
05103950301,Census Tract 9503.01; Ouachita County; Arkansas,1632,285,469,193,239,110,23,31,26,42,50,33,0,13,16,11,17,11,0,13,34,31,0,13,24,16,0,13,26,20,23,34,230,95,18,29,0,13,0,13,0,13,0,13,40,28,4,6,34,32,30,19,22,27,15,18,34,35,33,36,1163,248,529,129,0,13,0,13,9,19,63,69,0,13,2,5,24,28,25,26,43,33,185,96,63,46,94,56,21,18,634,154,11,19,0,13,33,35,0,13,13,22,1,5,46,49,32,33,184,110,66,38,84,60,70,38,94,58
05103950302,Census Tract 9503.02; Ouachita County; Arkansas,2883,452,307,160,91,60,3,5,2,4,25,37,8,13,0,13,3,5,3,5,0,13,3,5,13,17,12,11,19,20,0,13,216,131,0,13,0,13,12,23,11,18,0,13,0,13,101,90,6,11,10,15,11,10,32,37,2,4,31,31,2576,430,1336,312,64,67,3,5,19,19,56,57,8,13,24,22,153,104,214,130,176,122,121,64,154,73,185,87,159,77,1240,245,43,37,4,7,64,69,0,13,27,29,0,13,85,54,66,54,70,51,269,116,251,103,122,61,239,102
05103950400,Census Tract 9504; Ouachita County; Arkansas,3478,398,735,317,243,118,51,54,39,49,33,43,6,11,8,12,11,18,0,13,15,28,30,35,11,22,27,29,0,13,12,18,492,218,87,75,18,28,20,24,83,73,9,19,0,13,5,10,137,85,32,36,36,31,24,27,18,20,23,23,2743,465,1370,257,79,72,0,13,84,69,144,86,7,12,67,48,205,139,182,95,118,88,275,96,82,51,59,41,68,45,1373,298,68,80,2,6,226,128,34,37,23,27,0,13,45,49,156,104,258,106,111,83,180,120,156,65,114,59
05103950500,Census Tract 9505; Ouachita County; Arkansas,3301,433,331,181,103,80,12,20,0,13,0,13,12,19,0,13,0,13,0,13,8,13,0,13,0,13,41,43,0,13,30,50,228,153,0,13,0,13,0,13,17,28,0,13,13,19,0,13,19,32,0,13,119,127,22,26,27,42,11,17,2970,397,1470,298,106,92,0,13,80,57,15,26,0,13,75,60,97,95,177,98,315,129,100,57,215,98,202,124,88,59,1500,252,128,83,0,13,53,46,39,43,4,11,20,22,86,53,107,67,247,96,188,106,337,138,206,96,85,54
05103950600,Census Tract 9506; Ouachita County; Arkansas,3032,502,830,316,404,218,37,54,21,36,0,13,0,13,56,42,0,13,38,62,12,20,0,13,0,13,64,98,123,134,53,62,426,165,42,49,0,13,23,38,0,13,0,13,44,34,0,13,38,47,0,13,18,34,118,67,25,23,118,63,2202,478,1033,274,0,13,0,13,99,79,75,69,0,13,8,14,28,45,285,140,138,85,60,55,174,120,110,54,56,52,1169,317,0,13,35,41,0,13,214,126,0,13,73,46,250,117,29,61,165,114,124,74,53,56,184,92,42,39
05105952700,Census Tract 9527; Perry County; Arkansas,5040,402,805,236,435,140,73,56,3,6,40,51,0,18,0,18,0,18,0,18,55,48,36,48,36,45,162,99,20,33,10,16,370,159,8,14,0,18,62,79,16,21,0,18,0,18,32,29,57,53,6,11,32,38,51,43,35,33,71,52,4235,361,2067,254,41,35,0,18,179,93,46,47,12,17,79,41,144,71,162,68,363,126,295,76,282,99,255,68,209,58,2168,199,111,68,17,29,174,65,52,51,9,12,82,33,155,59,265,70,191,80,326,65,375,94,327,76,84,57
05105952800,Census Tract 9528; Perry County; Arkansas,3150,323,561,199,236,108,24,24,6,10,19,29,15,13,1,3,18,16,27,33,25,17,9,13,26,26,49,39,17,13,0,13,325,111,27,22,4,7,15,16,16,13,1,4,0,13,30,21,34,27,19,24,35,32,94,66,20,17,30,25,2589,302,1462,204,65,44,22,19,156,67,76,37,6,8,51,31,126,64,182,70,175,81,198,84,144,70,167,57,94,46,1127,162,61,33,9,13,93,48,14,16,36,47,83,53,28,19,91,38,213,68,117,45,126,48,133,43,123,48
05105952900,Census Tract 9529; Perry County; Arkansas,1774,228,192,80,103,45,0,13,0,13,2,4,0,13,2,3,21,7,7,11,9,16,0,13,24,28,31,22,7,11,0,13,89,44,2,3,0,13,2,4,0,13,0,13,1,3,12,18,0,13,9,13,60,34,0,13,3,5,0,13,1582,231,764,126,34,25,0,13,77,48,12,9,2,4,14,17,22,20,121,52,97,52,127,51,73,36,115,48,70,37,818,146,46,33,18,20,57,55,47,52,0,13,12,17,51,34,63,34,156,59,51,29,103,43,121,55,93,37
05107480100,Census Tract 4801; Phillips County; Arkansas,2418,329,383,170,210,117,8,17,0,13,0,13,0,13,0,13,0,13,0,13,0,13,81,88,41,50,41,34,39,42,0,13,173,115,0,13,0,13,12,20,39,31,0,13,0,13,0,13,10,15,20,31,69,77,17,23,6,11,0,13,2035,300,881,206,2,5,0,13,92,44,83,26,58,57,0,13,14,22,121,104,107,57,120,75,133,57,114,57,37,39,1154,177,22,28,48,24,50,22,135,78,0,13,17,25,57,39,63,47,149,77,64,63,114,57,290,104,145,72
05107480201,Census Tract 4802.01; Phillips County; Arkansas,2054,347,498,270,254,186,25,42,0,13,0,13,0,13,10,23,0,13,37,50,37,50,0,13,8,13,38,26,96,78,3,6,244,145,32,48,0,13,20,23,13,16,15,23,15,23,26,29,0,13,26,26,11,16,72,67,11,18,3,6,1556,316,679,155,62,58,0,13,28,48,52,50,0,13,3,6,84,63,9,10,89,67,94,65,101,46,93,50,64,50,877,231,16,20,0,13,53,35,35,35,46,53,38,53,121,99,5,6,190,92,68,40,120,48,172,70,13,15
05107480202,Census Tract 4802.02; Phillips County; Arkansas,1974,325,169,99,65,46,0,13,0,13,15,26,0,13,0,13,0,13,0,13,0,13,10,16,15,22,0,13,0,13,25,29,104,72,0,13,12,20,13,20,4,7,0,13,0,13,0,13,8,13,26,39,0,13,6,7,0,13,35,39,1805,314,979,189,49,29,25,39,74,62,24,24,33,52,56,70,76,51,105,53,128,96,99,71,97,55,156,63,57,36,826,159,9,13,0,13,71,53,6,10,50,65,44,40,75,45,130,49,18,17,127,64,148,63,101,53,47,41
05107480300,Census Tract 4803; Phillips County; Arkansas,4944,534,1823,453,792,290,202,142,0,13,230,117,19,36,0,13,19,43,103,105,53,79,81,125,30,45,0,13,18,29,37,46,1031,269,215,92,12,22,102,73,70,66,0,13,16,37,90,87,290,104,28,38,24,41,120,97,0,13,64,61,3121,543,1492,309,56,52,30,46,261,168,56,50,23,33,24,34,45,66,185,123,38,37,228,119,272,109,111,80,163,76,1629,366,202,78,0,13,134,125,11,18,50,56,59,54,115,86,188,125,73,58,330,131,150,89,187,113,130,85
05107480400,Census Tract 4804; Phillips County; Arkansas,1350,193,523,154,264,82,0,13,11,21,80,56,0,13,0,13,5,11,11,13,3,27,46,48,22,20,56,40,29,27,1,3,259,104,0,13,0,13,23,27,13,16,0,13,0,13,0,13,43,60,59,45,33,30,42,35,38,34,8,11,827,200,347,131,12,16,0,13,23,24,27,30,25,35,8,15,52,42,17,21,38,36,0,13,50,35,68,42,27,22,480,137,5,10,0,13,0,13,6,11,12,17,0,13,29,32,31,43,74,41,22,35,134,58,57,41,110,85
05107480500,Census Tract 4805; Phillips County; Arkansas,1802,405,792,327,297,172,94,109,20,26,64,61,6,11,17,28,0,13,59,58,0,13,0,13,2,13,21,35,11,18,3,5,495,190,7,14,0,13,55,76,94,61,12,19,0,13,27,34,96,71,68,58,52,47,36,39,25,29,23,34,1010,337,474,166,0,13,0,13,0,13,0,13,0,13,33,24,60,57,43,40,202,133,2,3,54,55,44,44,36,34,536,206,0,13,0,13,23,32,22,18,0,13,0,13,82,75,17,21,100,83,63,60,111,68,55,50,63,67
05107480600,Census Tract 4806; Phillips County; Arkansas,1240,259,346,109,128,40,25,26,8,10,6,11,3,4,0,13,1,5,8,14,5,7,14,13,1,2,38,27,7,11,12,12,218,81,0,13,8,13,23,17,6,7,0,13,0,13,23,20,15,17,15,18,33,30,55,43,32,27,8,10,894,244,480,161,43,27,0,13,22,22,35,47,8,14,0,13,16,14,62,80,45,32,64,56,81,46,84,56,20,21,414,109,11,18,6,10,21,20,2,3,0,13,21,31,11,20,21,19,53,28,35,30,94,43,70,41,69,37
05109953300,Census Tract 9533; Pike County; Arkansas,3358,340,628,200,207,75,11,17,0,13,0,13,0,13,0,13,8,15,6,9,25,21,12,20,32,30,46,42,56,43,11,17,421,168,34,36,0,13,0,13,31,41,0,13,25,30,89,54,59,55,50,44,39,43,46,29,14,22,34,27,2730,337,1421,202,59,37,15,16,88,61,45,38,14,23,67,49,175,77,212,94,165,68,152,47,164,46,173,58,92,37,1309,203,66,43,3,5,94,67,53,43,12,14,78,48,65,44,127,52,175,78,133,55,191,59,187,51,125,54
05109953400,Census Tract 9534; Pike County; Arkansas,2378,334,487,209,187,90,35,35,14,19,26,36,5,7,7,14,0,13,0,13,17,17,9,14,8,9,24,22,42,29,0,13,300,140,10,19,26,37,18,21,33,39,0,13,0,13,38,37,54,36,7,12,6,8,52,42,32,32,24,16,1891,367,950,237,37,35,9,12,98,92,25,25,0,13,44,32,92,81,49,44,124,66,162,45,170,57,53,24,87,32,941,188,34,29,6,9,33,28,47,44,25,30,63,36,59,32,16,18,183,72,111,53,153,56,121,54,90,48
05109953500,Census Tract 9535; Pike County; Arkansas,4196,338,756,172,339,95,6,10,0,13,17,18,9,12,0,13,11,12,28,31,7,12,62,46,66,54,86,59,14,13,33,22,417,104,23,17,0,13,22,16,78,53,0,13,0,13,25,24,18,16,40,31,21,23,110,47,56,37,24,18,3440,378,1784,230,120,44,36,32,192,84,13,16,59,40,24,20,68,43,248,74,207,70,277,66,187,60,219,70,134,40,1656,197,99,43,5,7,138,75,72,45,8,7,19,16,100,49,246,64,176,72,293,71,139,52,219,59,142,44
05111490100,Census Tract 4901; Poinsett County; Arkansas,3683,366,540,184,224,87,10,18,0,13,10,17,7,11,20,19,4,7,16,22,20,31,28,19,48,41,59,41,2,3,0,13,316,129,12,20,0,13,39,46,28,30,12,19,33,33,22,23,0,13,57,36,7,8,36,22,24,22,46,40,3143,355,1595,196,79,58,0,13,86,50,62,33,0,13,74,64,137,72,136,68,191,66,260,89,218,84,235,78,117,54,1548,218,91,53,0,13,98,66,18,15,12,19,57,48,190,91,178,73,182,71,302,96,145,58,151,45,124,52
05111490200,Census Tract 4902; Poinsett County; Arkansas,1317,219,154,122,84,60,0,13,0,13,0,13,23,35,0,13,0,13,0,13,0,13,13,15,25,29,10,16,7,12,6,10,70,67,0,13,0,13,0,13,0,13,21,31,12,20,4,8,0,13,0,13,33,36,0,13,0,13,0,13,1163,181,503,108,27,30,0,13,23,20,4,7,7,12,5,9,45,35,50,47,63,47,60,34,76,39,59,43,84,44,660,142,14,18,11,18,44,43,83,84,0,13,10,13,46,38,96,62,95,54,48,36,89,44,87,53,37,30
05111490300,Census Tract 4903; Poinsett County; Arkansas,3049,385,983,326,420,157,73,62,0,13,12,19,0,13,0,13,37,39,3,9,115,98,13,21,45,38,71,59,44,67,7,11,563,210,29,45,0,13,83,63,46,52,0,13,0,13,44,55,51,46,52,58,79,62,118,75,36,52,25,25,2066,317,855,180,21,31,0,13,88,69,113,89,11,17,12,20,54,44,98,65,84,56,80,49,189,93,46,42,59,40,1211,225,69,64,11,17,62,54,54,56,16,17,8,13,35,27,152,89,132,72,187,114,182,103,206,101,97,72
05111490400,Census Tract 4904; Poinsett County; Arkansas,4426,356,811,322,309,156,69,77,10,17,53,51,17,22,10,17,10,17,15,24,61,42,11,18,20,30,29,45,4,7,0,13,502,223,48,55,0,13,115,80,0,13,0,13,0,13,5,15,82,53,31,35,51,42,133,114,24,25,13,15,3615,383,1893,277,128,83,19,22,136,72,97,72,51,42,72,50,233,120,249,97,212,84,286,93,204,94,112,49,94,50,1722,210,112,68,0,13,79,58,68,51,12,14,31,30,128,79,287,109,225,76,204,68,211,91,251,84,114,53
05111490501,Census Tract 4905.01; Poinsett County; Arkansas,2804,226,866,194,392,120,55,40,0,13,26,23,51,36,16,19,8,14,54,42,18,27,80,61,15,21,33,24,30,25,6,9,474,143,76,74,29,22,47,29,0,13,8,18,0,13,46,36,82,46,54,41,20,24,47,30,34,34,31,21,1938,260,1013,163,52,42,0,13,28,35,74,63,0,13,54,45,144,70,102,42,164,69,184,49,87,46,73,50,51,29,925,156,38,36,10,16,47,33,26,31,30,50,14,17,84,44,97,56,129,53,140,58,151,60,85,41,74,32
05111490502,Census Tract 4905.02; Poinsett County; Arkansas,3501,523,338,199,143,86,17,26,0,13,5,10,0,13,0,13,41,55,0,13,7,11,0,13,34,39,21,33,18,29,0,13,195,144,0,13,0,13,0,13,0,13,0,13,0,13,120,124,8,12,0,13,9,15,26,29,0,13,32,44,3163,530,1669,362,59,50,0,13,201,177,131,104,24,31,17,23,71,64,273,137,233,107,182,97,148,66,215,93,115,50,1494,275,75,63,0,13,156,93,58,59,83,74,36,32,92,69,141,84,156,97,179,96,170,72,217,95,131,73
05111490600,Census Tract 4906; Poinsett County; Arkansas,1387,190,197,80,69,34,6,8,4,8,5,8,4,5,0,13,0,13,0,13,0,13,5,7,5,6,18,15,9,8,13,19,128,57,7,11,0,13,6,7,22,26,6,10,4,8,13,12,25,28,10,10,7,8,11,9,10,9,7,9,1190,171,680,122,39,29,45,69,44,21,38,22,0,13,10,12,44,23,116,43,83,28,60,24,89,34,67,33,45,19,510,95,41,31,0,13,40,29,26,15,10,10,8,8,30,25,89,50,47,28,65,30,61,17,49,25,44,20
05111490700,Census Tract 4907; Poinsett County; Arkansas,2092,287,577,165,220,105,42,33,0,13,31,40,8,11,0,13,12,23,3,7,4,8,0,13,17,20,79,56,24,22,0,13,357,124,50,48,0,13,87,71,8,10,0,13,0,13,3,5,48,36,16,22,10,14,81,57,11,15,43,32,1515,290,772,186,8,13,0,13,30,28,21,19,7,14,5,7,49,39,92,61,109,47,119,75,134,55,118,49,80,60,743,176,53,61,0,13,24,30,8,11,21,28,12,13,58,47,115,79,45,31,110,54,92,55,125,44,80,53
05113950100,Census Tract 9501; Polk County; Arkansas,3521,386,399,174,145,84,0,13,0,13,0,13,0,13,8,13,0,13,9,13,0,13,43,44,22,34,40,46,14,21,9,16,254,120,0,13,4,7,22,24,10,12,0,13,4,7,9,16,14,22,16,28,13,24,18,27,82,61,62,64,3122,408,1542,215,35,39,0,13,79,80,22,24,0,13,0,13,23,37,200,115,100,65,218,97,208,95,445,121,212,99,1580,242,83,53,0,13,27,25,22,26,9,18,25,29,64,47,132,85,173,106,195,93,365,115,279,89,206,96
05113950201,Census Tract 9502.01; Polk County; Arkansas,1943,275,168,126,84,82,15,25,0,13,0,13,0,13,0,13,0,13,15,24,0,13,15,23,0,13,39,45,0,13,0,13,84,55,0,13,0,13,0,13,0,13,0,13,0,13,18,30,0,13,12,19,15,25,23,30,0,13,16,28,1775,305,775,179,102,86,38,48,59,51,40,46,0,13,10,22,11,17,150,72,86,72,49,42,153,103,40,32,37,33,1000,200,73,45,0,13,146,69,28,35,0,13,0,13,65,58,109,76,57,39,126,55,78,69,185,97,133,54
05113950202,Census Tract 9502.02; Polk County; Arkansas,3036,412,630,389,287,205,15,66,0,13,27,44,0,13,0,13,117,151,19,29,5,22,0,13,79,80,25,38,0,13,0,13,343,224,42,59,0,13,32,48,40,46,0,13,15,24,78,87,5,23,39,49,12,21,80,110,0,13,0,13,2406,526,1275,280,4,15,0,13,11,18,37,45,0,13,0,13,80,62,180,123,183,113,281,119,177,122,251,105,71,50,1131,338,0,13,85,58,74,50,11,17,79,73,0,13,85,96,34,41,143,88,191,96,224,143,119,53,86,60
05113950300,Census Tract 9503; Polk County; Arkansas,2916,308,395,252,191,119,46,45,0,13,51,74,0,13,0,13,0,13,6,8,40,39,4,7,4,6,24,26,4,5,12,18,204,145,5,7,0,13,45,62,0,13,0,13,1,4,6,13,50,43,62,74,13,19,22,28,0,13,0,13,2521,330,1289,189,55,40,40,47,131,83,29,32,97,75,46,44,46,35,70,53,149,60,133,58,136,51,169,49,188,75,1232,217,30,28,0,13,104,57,34,26,23,27,160,139,40,43,71,58,125,58,130,54,114,47,211,97,190,92
05113950400,Census Tract 9504; Polk County; Arkansas,2988,372,621,347,266,174,39,54,0,13,58,58,0,13,0,13,0,13,75,68,9,13,21,34,0,13,36,39,28,42,0,13,355,177,23,33,0,13,0,13,17,27,0,13,0,13,89,58,58,72,27,32,36,42,50,38,16,18,39,40,2367,411,1185,221,82,61,16,22,49,44,25,37,13,20,22,35,206,101,85,57,138,56,91,56,208,121,120,69,130,62,1182,233,79,52,31,24,24,19,67,55,18,16,13,20,60,56,179,98,125,52,159,72,198,82,139,60,90,58
05113950500,Census Tract 9505; Polk County; Arkansas,2093,321,537,164,279,85,10,11,0,13,47,26,41,27,0,13,0,13,6,8,14,14,69,39,10,12,20,16,32,20,30,16,258,87,9,10,2,4,20,18,40,29,0,13,32,32,3,5,63,34,25,21,20,17,21,14,13,12,10,9,1556,324,757,206,42,25,2,4,64,44,12,17,0,13,8,14,81,51,94,44,119,91,97,40,115,48,71,35,52,33,799,159,66,48,6,11,42,35,22,17,7,12,6,14,62,54,134,71,66,42,77,44,134,49,111,44,66,28
05113950600,Census Tract 9506; Polk County; Arkansas,2543,424,861,338,391,161,18,17,8,10,190,142,26,14,0,13,15,14,24,35,5,7,16,16,33,28,49,33,0,13,7,7,470,197,47,33,0,13,80,55,44,45,14,20,5,8,40,29,28,26,78,74,46,33,71,55,12,14,5,6,1682,309,851,170,55,42,0,13,62,35,0,13,0,13,0,13,149,58,120,55,77,48,93,47,178,69,43,23,74,36,831,190,29,19,0,13,121,64,25,24,15,18,34,33,70,44,97,52,65,36,150,57,71,44,80,33,74,50
05115950700,Census Tract 9507; Pope County; Arkansas,4017,576,768,248,343,150,0,13,0,13,41,34,1,3,29,44,10,15,1,3,47,57,17,20,116,91,38,46,29,27,14,16,425,164,16,19,5,8,52,45,19,23,0,13,11,18,10,13,71,51,44,44,61,66,71,62,13,16,52,62,3249,545,1821,370,26,26,10,16,205,103,56,51,13,16,96,93,29,22,106,61,227,107,298,161,424,212,188,81,143,80,1428,247,21,22,0,13,57,33,153,85,0,13,102,94,125,97,199,93,59,34,277,125,161,67,161,88,113,63
05115950800,Census Tract 9508; Pope County; Arkansas,5045,556,832,362,390,168,37,34,0,18,19,21,12,13,0,18,14,16,20,22,56,41,25,24,40,37,152,149,2,3,13,15,442,205,109,92,13,21,33,30,11,13,0,18,9,11,38,32,30,22,31,24,43,35,54,51,61,71,10,12,4213,619,2039,317,94,51,34,27,117,47,116,79,35,27,62,37,31,32,217,71,196,52,285,124,300,84,432,190,120,57,2174,378,103,61,7,11,146,59,49,39,0,18,78,72,135,82,144,68,327,81,235,108,307,97,514,198,129,83
05115950901,Census Tract 9509.01; Pope County; Arkansas,2903,457,313,313,170,151,0,13,0,13,42,67,45,64,0,13,0,13,51,83,0,13,0,13,0,13,15,20,0,13,17,25,143,180,0,13,0,13,0,13,42,69,0,13,0,13,17,31,0,13,0,13,0,13,84,114,0,13,0,13,2590,383,1356,253,52,56,11,17,198,104,23,28,9,18,81,50,138,92,18,21,227,91,153,58,148,77,167,76,131,102,1234,247,20,29,12,24,79,48,71,53,38,40,30,42,37,31,32,35,257,56,157,80,206,86,119,58,176,172
05115950902,Census Tract 9509.02; Pope County; Arkansas,4073,537,802,349,354,166,102,87,0,13,75,67,21,30,4,7,13,21,3,5,15,15,47,63,0,13,27,24,3,5,44,41,448,198,107,85,22,31,47,58,4,7,0,13,0,13,8,12,121,79,20,25,34,35,51,35,10,10,24,26,3271,552,1728,321,97,82,3,6,86,63,64,48,34,34,32,39,67,56,257,118,140,55,225,106,261,102,220,118,242,154,1543,292,73,61,35,42,78,71,88,63,0,13,36,33,48,32,248,156,171,68,182,88,186,80,256,110,142,75
05115951000,Census Tract 9510; Pope County; Arkansas,4053,555,620,272,358,190,0,13,0,13,50,57,45,48,0,13,0,13,22,35,58,66,40,43,85,66,45,58,13,19,0,13,262,120,19,32,0,13,0,13,11,18,0,13,13,20,10,17,111,72,0,13,0,13,63,48,0,13,35,28,3433,620,1781,357,131,146,17,27,126,82,58,51,67,62,47,37,82,60,185,103,338,152,144,68,306,106,181,83,99,79,1652,346,56,55,7,18,131,105,26,26,0,13,40,39,99,88,261,139,162,86,233,99,286,121,152,73,199,106
05115951100,Census Tract 9511; Pope County; Arkansas,3547,397,466,218,123,66,5,11,0,13,20,19,6,7,0,13,0,13,0,13,39,38,12,14,14,14,9,13,18,22,0,13,343,178,49,58,4,9,37,47,49,49,46,43,0,13,29,34,44,40,52,48,9,12,6,9,5,8,13,19,3081,418,1592,284,43,35,0,13,166,64,68,52,12,14,22,22,79,66,212,97,228,190,294,114,218,79,172,58,78,36,1489,216,35,36,2,5,103,67,23,27,18,20,0,13,30,25,278,134,221,95,205,106,315,107,127,46,132,63
05115951201,Census Tract 9512.01; Pope County; Arkansas,3546,522,523,590,224,257,94,144,0,13,20,34,0,13,0,13,0,13,0,13,103,113,0,13,0,13,7,11,0,13,0,13,299,337,0,13,0,13,148,214,0,13,0,13,0,13,0,13,105,138,0,13,0,13,6,11,0,13,40,39,3023,453,1641,295,178,94,0,13,118,67,52,46,18,26,166,145,33,47,143,104,175,66,141,88,214,108,197,89,206,102,1382,252,38,56,0,13,111,76,46,47,78,71,41,45,69,67,167,162,211,107,201,89,164,73,111,67,145,75
05115951202,Census Tract 9512.02; Pope County; Arkansas,5301,488,865,380,307,166,42,59,4,8,83,84,26,28,0,18,10,16,7,9,25,36,62,50,14,19,9,10,25,34,0,18,558,288,67,67,38,43,63,70,10,12,6,9,67,69,11,14,114,85,98,71,14,15,24,44,20,25,26,32,4436,622,2262,422,198,102,36,56,125,80,116,67,34,41,49,52,184,126,251,117,308,121,284,87,391,250,151,98,135,97,2174,326,114,81,47,68,238,153,91,63,44,43,90,48,184,123,161,83,360,154,276,96,338,123,150,82,81,53
05115951301,Census Tract 9513.01; Pope County; Arkansas,1079,341,371,195,120,99,0,13,0,13,0,13,20,21,22,24,0,13,12,15,63,82,3,7,0,13,0,13,0,13,0,13,251,129,0,13,0,13,23,25,0,13,0,13,0,13,101,116,75,100,33,35,1,6,9,13,0,13,9,17,708,318,436,253,0,13,32,52,10,19,41,54,0,13,39,56,38,34,27,44,79,85,35,44,38,40,39,32,58,77,272,144,6,11,0,13,6,12,0,13,0,13,6,13,89,70,32,30,36,53,34,56,9,25,33,37,21,35
05115951302,Census Tract 9513.02; Pope County; Arkansas,3216,560,994,534,423,245,0,13,0,13,24,46,0,13,0,13,0,13,20,28,113,111,63,79,0,13,138,122,65,75,0,13,571,349,0,13,0,13,0,13,128,121,0,13,0,13,216,212,119,108,26,46,0,13,82,86,0,13,0,13,2222,676,1107,324,0,13,20,36,169,101,0,13,0,13,0,13,95,73,286,153,75,50,302,164,75,86,42,34,43,46,1115,408,109,88,0,13,201,141,54,52,0,13,0,13,65,69,143,91,257,163,96,57,38,47,101,58,51,65
05115951303,Census Tract 9513.03; Pope County; Arkansas,2949,599,368,228,221,167,0,13,0,13,13,24,0,13,0,13,0,13,149,164,0,13,0,13,30,40,0,13,29,49,0,13,147,150,0,13,0,13,0,13,0,13,0,13,0,13,115,138,0,13,13,24,17,30,0,13,0,13,2,6,2581,614,1315,307,82,87,0,13,129,70,92,75,0,13,0,13,217,172,208,72,225,131,157,82,89,67,116,45,0,13,1266,360,29,51,0,13,101,76,42,55,0,13,22,36,28,38,282,109,66,57,287,154,127,96,236,186,46,54
05115951400,Census Tract 9514; Pope County; Arkansas,2477,442,947,331,359,188,0,18,0,18,0,18,42,65,0,18,0,18,105,75,37,32,112,160,6,10,41,46,3,5,13,18,588,194,26,30,61,59,63,43,0,18,0,18,45,67,55,49,125,69,55,69,38,59,45,69,21,25,54,58,1530,438,802,245,34,31,0,18,85,91,0,18,25,33,0,18,104,81,206,138,29,40,141,67,97,97,57,38,24,27,728,256,82,49,0,18,117,93,4,6,0,18,64,59,95,75,108,90,30,44,124,85,29,30,31,28,44,37
05115951501,Census Tract 9515.01; Pope County; Arkansas,3416,511,153,107,47,40,0,13,0,13,0,13,0,13,0,13,0,13,11,22,0,13,0,13,12,18,0,13,9,15,15,24,106,87,0,13,0,13,0,13,0,13,0,13,0,13,0,13,0,13,0,13,11,17,19,27,20,23,56,74,3263,527,1626,280,106,65,18,30,74,45,72,53,44,35,45,38,109,93,236,171,194,67,136,64,253,92,172,68,167,78,1637,319,169,112,0,13,189,83,30,28,19,27,30,33,38,44,187,72,186,102,149,67,279,94,195,69,166,78
05115951503,Census Tract 9515.03; Pope County; Arkansas,2838,409,172,105,74,66,0,13,0,13,5,16,0,13,4,14,0,13,28,49,16,39,0,13,21,43,0,13,0,13,0,13,98,76,0,13,0,13,4,17,0,13,0,13,5,18,1,3,0,13,13,21,5,8,27,40,30,36,13,18,2666,405,1212,202,111,84,33,45,133,77,31,35,0,13,36,43,160,109,212,99,123,65,87,63,76,54,115,66,95,59,1454,341,10,18,14,23,65,46,106,68,32,52,0,13,69,60,164,79,152,71,161,81,239,180,200,74,242,175
05115951504,Census Tract 9515.04; Pope County; Arkansas,4869,731,1072,459,456,196,112,98,0,13,63,61,13,25,11,20,0,13,59,55,69,87,0,13,86,81,28,35,15,26,0,13,616,321,105,132,13,25,63,78,0,13,0,13,0,13,48,56,187,101,97,145,86,75,0,13,12,25,5,11,3797,814,1843,412,98,96,0,13,192,204,48,53,0,13,47,62,267,130,198,126,359,155,155,97,225,135,108,67,146,84,1954,515,78,79,25,50,319,241,35,44,22,30,68,69,235,129,76,71,380,262,288,86,117,80,161,71,150,73
05115951601,Census Tract 9516.01; Pope County; Arkansas,6241,622,1271,560,387,225,65,93,36,60,57,72,0,18,0,18,35,57,72,78,3,7,37,63,22,37,60,93,0,18,0,18,884,434,86,101,0,18,0,18,30,42,0,18,56,82,304,246,147,146,60,67,26,44,152,112,20,32,3,7,4970,621,2475,405,238,133,41,44,114,84,115,128,0,18,0,18,327,136,577,204,346,181,301,150,221,125,174,115,21,32,2495,406,193,129,23,42,250,120,13,23,36,55,105,121,107,75,431,153,267,129,344,135,388,172,213,78,125,87
05115951602,Census Tract 9516.02; Pope County; Arkansas,1013,150,96,63,37,41,2,9,0,13,0,13,0,13,0,13,0,13,18,19,0,13,0,13,0,13,0,13,0,13,17,31,59,39,1,4,0,13,0,13,0,13,0,13,0,13,30,29,2,5,0,13,0,13,0,13,22,19,4,6,917,148,474,98,8,14,9,12,38,29,39,25,15,16,13,15,51,34,51,37,90,24,25,19,83,47,52,26,0,13,443,75,17,19,8,12,47,28,21,19,12,13,0,13,15,18,33,23,86,42,65,34,76,56,50,29,13,17
05117460100,Census Tract 4601; Prairie County; Arkansas,3299,298,302,120,165,90,0,13,0,13,4,10,0,13,0,13,2,4,6,10,0,13,16,31,23,26,82,68,11,15,21,22,137,71,0,13,1,4,0,13,0,13,0,13,0,13,4,10,13,19,29,44,16,19,18,21,40,30,16,14,2997,334,1468,206,71,40,36,33,38,35,23,25,14,22,67,59,116,63,204,68,164,66,157,48,229,69,145,62,204,64,1529,195,87,31,3,5,58,36,26,33,33,43,29,30,99,51,117,54,133,44,225,74,287,76,167,68,265,71
05117460200,Census Tract 4602; Prairie County; Arkansas,2983,366,275,139,130,85,16,20,0,13,9,15,0,13,0,13,10,18,7,12,36,39,10,19,2,5,10,13,30,47,0,13,145,73,0,13,0,13,11,19,8,15,0,13,0,13,34,32,4,8,28,35,14,16,15,18,19,21,12,20,2708,370,1409,195,21,21,10,16,211,108,80,63,32,34,4,5,112,64,123,46,145,48,214,62,211,68,160,61,86,47,1299,227,37,29,0,13,117,92,40,39,21,20,106,89,113,48,155,68,198,54,161,50,175,79,102,49,74,38
05117460300,Census Tract 4603; Prairie County; Arkansas,1608,329,162,94,56,47,0,13,0,13,0,13,0,13,0,13,5,8,14,23,9,22,4,7,0,13,3,7,9,15,12,16,106,60,0,13,0,13,3,5,0,13,0,13,16,24,0,13,3,7,14,18,11,15,4,8,12,20,43,32,1446,308,704,183,70,48,3,6,21,25,18,20,0,13,55,48,62,55,81,46,65,44,117,54,57,43,75,37,80,47,742,176,13,14,4,7,63,54,21,22,0,13,15,19,14,21,107,52,44,29,106,45,87,45,196,69,72,51
05119000500,Census Tract 5; Pulaski County; Arkansas,1620,419,366,196,219,147,0,13,0,13,60,71,0,13,0,13,0,13,0,13,0,13,0,13,27,40,81,113,51,52,0,13,147,94,17,27,0,13,0,13,0,13,0,13,0,13,12,18,0,13,24,32,58,60,22,37,14,23,0,13,1254,390,415,224,40,61,0,13,33,42,0,13,21,33,0,13,95,116,52,60,24,38,0,13,70,64,46,44,34,29,839,261,0,13,0,13,34,42,0,13,0,13,36,53,71,57,66,64,57,53,89,94,171,113,101,56,214,178
05119001100,Census Tract 11; Pulaski County; Arkansas,1915,570,613,533,371,364,173,213,0,13,46,62,0,13,0,13,0,13,35,47,74,90,0,13,0,13,13,14,7,11,23,26,242,186,51,57,0,13,46,67,0,13,0,13,18,27,64,70,9,14,18,27,8,14,11,13,17,18,0,13,1302,364,570,221,0,13,8,13,31,35,8,13,7,12,7,13,72,94,70,88,158,149,61,43,79,56,13,18,56,42,732,221,26,41,0,13,11,20,42,69,0,13,0,13,76,59,118,115,60,48,75,48,85,66,154,80,85,49
05119001200,Census Tract 12; Pulaski County; Arkansas,1006,252,291,213,239,206,0,13,0,13,0,13,0,13,0,13,12,28,0,13,42,41,126,201,6,13,49,37,0,13,4,9,52,40,0,13,0,13,0,13,0,13,0,13,0,13,0,13,0,13,22,23,11,22,11,16,1,6,7,14,715,171,393,143,0,13,0,13,49,75,0,13,37,17,6,11,0,13,80,64,52,42,31,48,81,50,48,35,9,10,322,90,0,13,0,13,42,45,0,13,0,13,23,26,39,18,31,29,38,27,68,29,32,22,30,18,19,27
05119001300,Census Tract 13; Pulaski County; Arkansas,2098,465,797,290,358,131,49,48,0,13,34,36,16,24,0,13,7,11,74,79,23,40,8,14,56,39,61,41,30,45,0,13,439,194,55,53,41,41,0,13,58,38,0,13,0,13,73,53,40,40,72,56,51,65,31,44,5,8,13,11,1301,424,678,254,58,89,0,13,46,47,0,13,0,13,0,13,86,97,164,94,88,103,43,26,88,38,81,51,24,18,623,218,54,53,0,13,15,25,0,13,0,13,0,13,16,24,218,121,17,21,18,21,169,79,61,27,55,31
05119001501,Census Tract 15.01; Pulaski County; Arkansas,3330,500,271,224,135,114,0,13,0,13,0,13,0,13,0,13,0,13,22,40,65,104,20,32,19,32,9,13,0,13,0,13,136,121,0,13,0,13,0,13,0,13,0,13,0,13,32,38,73,110,0,13,10,18,21,33,0,13,0,13,3059,473,1454,352,62,45,0,13,58,48,0,13,0,13,0,13,128,161,271,175,252,102,254,60,149,90,207,106,73,66,1605,284,41,52,24,35,51,44,25,37,42,38,25,43,117,99,319,168,320,119,226,107,172,84,138,74,105,88
05119001502,Census Tract 15.02; Pulaski County; Arkansas,3846,593,303,191,176,119,0,13,0,13,24,39,0,13,0,13,0,13,27,45,60,63,52,46,0,13,13,21,0,13,0,13,127,101,0,13,25,42,0,13,0,13,0,13,0,13,0,13,38,46,0,13,0,13,64,63,0,13,0,13,3543,595,1906,365,75,99,0,13,213,166,0,13,67,99,0,13,235,188,386,197,340,150,314,175,88,76,61,53,127,124,1637,347,144,113,0,13,0,13,0,13,0,13,62,88,163,133,316,179,331,89,176,102,76,60,227,172,142,78
05119001600,Census Tract 16; Pulaski County; Arkansas,5986,901,138,95,86,79,0,18,0,18,0,18,0,18,0,18,1,6,65,76,0,18,14,21,6,10,0,18,0,18,0,18,52,58,0,18,0,18,0,18,0,18,0,18,0,18,0,18,52,58,0,18,0,18,0,18,0,18,0,18,5848,915,3092,676,249,204,137,158,265,167,150,160,0,18,94,69,285,259,432,190,300,91,360,125,350,161,332,101,138,73,2756,387,200,188,25,39,182,108,64,53,0,18,92,67,71,77,424,238,258,83,434,155,341,138,334,120,331,140
05119001800,Census Tract 18; Pulaski County; Arkansas,4384,654,1315,494,535,221,88,129,0,13,95,101,30,37,0,13,0,13,60,61,32,54,51,53,47,62,86,60,40,42,6,11,780,336,25,43,0,13,57,81,50,57,0,13,99,98,73,83,167,182,134,83,88,88,79,63,0,13,8,15,3069,654,1158,326,51,60,0,13,87,142,38,63,9,17,85,86,178,137,104,93,169,78,85,62,126,67,133,73,93,73,1911,447,136,122,71,94,36,44,43,59,0,13,17,41,83,61,619,254,205,229,133,76,236,107,227,132,105,80
05119001900,Census Tract 19; Pulaski County; Arkansas,3278,513,1420,582,947,393,100,81,0,13,27,33,46,52,0,13,116,156,357,252,49,47,128,94,38,57,69,49,17,19,0,13,473,244,93,100,15,27,0,13,11,19,0,13,0,13,150,117,71,66,60,82,24,30,44,30,5,8,0,13,1858,364,922,226,33,43,30,37,27,39,22,35,11,21,0,13,115,110,277,160,27,31,52,48,191,113,88,59,49,43,936,261,0,13,0,13,0,13,56,69,0,13,63,78,80,74,136,110,99,100,70,50,203,88,190,111,39,51
05119002001,Census Tract 20.01; Pulaski County; Arkansas,6525,1285,892,569,321,270,0,18,85,97,128,207,0,18,0,18,0,18,0,18,91,96,0,18,0,18,12,29,5,16,0,18,571,365,0,18,0,18,141,164,0,18,0,18,0,18,219,277,144,135,0,18,0,18,34,49,33,61,0,18,5633,1394,2585,819,384,385,54,90,189,179,28,49,45,68,74,86,406,254,440,296,426,283,191,128,137,91,170,109,41,39,3048,870,237,165,24,52,573,357,114,166,161,139,103,132,126,106,479,233,225,213,291,149,333,146,314,179,68,63
05119002002,Census Tract 20.02; Pulaski County; Arkansas,3905,619,1696,559,556,202,97,96,15,27,201,156,24,39,0,13,0,13,0,13,0,13,36,41,135,116,19,29,29,35,0,13,1140,435,53,79,61,85,144,149,167,126,0,13,64,85,80,98,326,162,73,56,86,67,57,48,25,26,4,6,2209,477,1142,304,42,49,0,13,41,46,59,55,0,13,24,48,373,226,49,71,254,161,83,58,48,45,159,83,10,18,1067,291,57,83,16,27,42,48,31,44,0,13,41,47,77,62,88,71,180,119,241,119,159,105,109,72,26,31
05119002102,Census Tract 21.02; Pulaski County; Arkansas,3917,626,1065,407,591,258,64,64,27,42,138,97,0,13,7,11,21,34,186,132,23,35,48,52,35,41,23,25,15,18,4,12,474,179,0,13,55,54,55,54,66,67,0,13,0,13,21,27,77,55,49,49,40,39,49,41,32,33,30,31,2852,685,1174,376,19,31,0,13,114,129,12,22,18,28,9,18,13,21,332,238,241,82,236,140,112,72,44,35,24,23,1678,592,93,125,0,13,223,175,52,58,0,13,10,18,275,287,193,119,127,83,338,152,196,85,76,38,95,48
05119002103,Census Tract 21.03; Pulaski County; Arkansas,3283,451,676,278,408,174,22,24,0,13,10,20,0,13,10,21,0,13,36,41,150,101,66,89,43,46,48,69,0,13,23,32,268,124,8,13,0,13,0,13,0,13,0,13,0,13,39,62,83,78,29,41,0,13,22,27,87,69,0,13,2607,393,1267,268,21,22,11,16,180,120,27,28,39,44,23,32,171,127,229,81,124,84,199,100,134,94,69,64,40,44,1340,212,47,45,10,18,92,71,0,13,0,13,44,52,69,54,301,125,179,85,156,94,197,91,149,79,96,60
05119002104,Census Tract 21.04; Pulaski County; Arkansas,5289,917,103,61,35,39,0,18,0,18,0,18,0,18,0,18,0,18,0,18,0,18,0,18,0,18,0,18,35,39,0,18,68,63,0,18,0,18,0,18,0,18,0,18,0,18,0,18,0,18,0,18,44,49,0,18,0,18,24,42,5186,918,2475,562,128,96,27,42,82,66,144,125,143,193,20,33,171,142,502,318,325,136,171,92,263,116,373,233,126,65,2711,499,257,183,36,58,237,161,69,65,20,34,0,18,23,30,251,116,512,364,271,164,397,223,471,106,167,92
05119002203,Census Tract 22.03; Pulaski County; Arkansas,4007,759,639,365,147,138,0,13,26,42,78,116,0,13,0,13,0,13,29,58,0,13,0,13,0,13,14,24,0,13,0,13,492,269,35,72,30,49,0,13,26,42,0,13,33,66,67,105,28,43,101,134,94,113,15,24,48,48,15,25,3368,700,1430,403,0,13,0,13,46,56,81,113,20,36,0,13,222,231,286,123,42,47,101,87,224,106,260,121,148,103,1938,493,112,131,5,10,103,134,183,133,13,21,81,119,154,117,317,193,274,151,183,109,190,85,196,79,127,92
05119002206,Census Tract 22.06; Pulaski County; Arkansas,3862,700,658,402,187,187,0,13,66,86,0,13,0,13,0,13,0,13,66,84,0,13,44,65,0,13,0,13,0,13,11,16,471,277,1,12,0,13,66,84,0,13,0,13,0,13,185,139,112,103,89,107,0,13,18,28,0,13,0,13,3204,701,1332,282,16,21,0,13,49,54,15,26,0,13,16,29,298,185,133,84,269,150,64,45,107,63,152,91,213,176,1872,495,195,156,0,13,33,43,30,42,0,13,17,28,509,374,313,186,173,129,186,155,71,46,199,110,146,160
05119002208,Census Tract 22.08; Pulaski County; Arkansas,2088,273,528,223,261,124,16,27,4,8,24,30,5,9,0,13,0,13,0,13,140,96,0,13,13,20,34,46,19,31,6,10,267,184,59,48,13,24,68,62,30,34,0,13,0,13,7,9,47,41,11,11,0,13,20,18,12,18,0,13,1560,243,738,145,33,37,7,11,26,25,7,11,12,15,9,15,54,48,80,41,159,97,185,75,87,50,49,31,30,24,822,193,67,64,4,8,24,27,47,54,13,22,5,10,116,71,112,55,77,44,110,45,80,43,92,31,75,29
05119002209,Census Tract 22.09; Pulaski County; Arkansas,3154,505,408,207,228,135,81,95,0,13,0,13,0,13,0,13,0,13,22,38,21,35,0,13,12,18,66,62,26,39,0,13,180,99,0,13,0,13,0,13,0,13,0,13,0,13,30,48,29,34,37,43,15,21,69,66,0,13,0,13,2746,495,1272,237,107,133,0,13,66,61,62,60,0,13,74,52,168,122,250,124,184,79,212,101,47,36,58,41,44,30,1474,398,56,57,0,13,32,39,0,13,31,37,54,83,361,194,323,164,210,144,134,78,108,51,111,92,54,34
05119002210,Census Tract 22.10; Pulaski County; Arkansas,1975,401,0,13,0,13,0,13,0,13,0,13,0,13,0,13,0,13,0,13,0,13,0,13,0,13,0,13,0,13,0,13,0,13,0,13,0,13,0,13,0,13,0,13,0,13,0,13,0,13,0,13,0,13,0,13,0,13,0,13,1975,401,1009,280,47,31,0,13,75,59,38,42,14,24,0,13,144,113,32,33,191,72,75,44,83,38,82,46,228,155,966,219,92,57,0,13,65,53,117,75,31,27,22,31,0,13,54,38,89,51,178,112,176,62,62,49,80,33
05119002211,Census Tract 22.11; Pulaski County; Arkansas,6512,1239,1492,847,510,433,0,18,0,18,0,18,0,18,84,133,136,196,0,18,220,295,25,41,27,42,18,29,0,18,0,18,982,612,97,156,162,257,0,18,95,156,0,18,105,165,60,76,158,173,114,144,41,66,133,150,0,18,17,27,5020,950,2296,558,114,139,0,18,79,78,204,138,62,70,61,61,152,104,195,108,187,107,473,231,311,166,156,86,302,146,2724,535,176,169,22,36,120,101,240,210,22,36,19,29,210,125,98,68,536,219,404,164,288,127,240,125,349,135
05119002403,Census Tract 24.03; Pulaski County; Arkansas,3448,590,812,369,317,179,0,13,0,13,61,66,30,35,0,13,0,13,77,70,0,13,15,23,63,77,71,99,0,13,0,13,495,328,0,13,0,13,115,146,15,26,0,13,0,13,40,64,92,65,26,32,0,13,161,173,29,44,17,18,2636,580,1044,338,17,28,18,30,93,81,0,13,0,13,0,13,125,157,95,67,134,122,144,91,176,115,153,90,89,66,1592,376,137,104,14,26,125,88,0,13,0,13,0,13,144,104,351,159,49,44,172,98,212,113,147,86,241,126
05119002405,Census Tract 24.05; Pulaski County; Arkansas,6114,1060,793,550,274,258,0,18,0,18,0,18,0,18,0,18,91,129,2,4,0,18,34,55,31,38,76,110,40,66,0,18,519,338,0,18,0,18,53,72,0,18,0,18,0,18,136,140,41,66,89,87,123,127,39,56,38,63,0,18,5321,1253,3027,785,68,77,45,72,359,260,213,154,65,97,109,86,260,222,279,166,358,175,544,270,147,101,445,287,135,110,2294,561,60,89,0,18,159,137,114,140,0,18,52,74,201,138,284,156,348,181,455,187,224,118,175,86,222,212
05119002406,Census Tract 24.06; Pulaski County; Arkansas,3052,510,804,365,349,203,0,13,0,13,0,13,32,47,0,13,0,13,169,137,27,46,31,47,50,44,35,35,0,13,5,9,455,192,13,21,0,13,14,25,126,129,0,13,0,13,11,18,58,71,115,115,39,45,47,56,25,40,7,11,2248,652,837,341,0,13,0,13,0,13,55,83,0,13,28,31,68,31,92,119,173,104,206,138,56,44,111,53,48,40,1411,404,65,83,0,13,48,54,19,30,31,49,0,13,263,129,11,20,207,100,215,141,94,64,352,246,106,54
05119002407,Census Tract 24.07; Pulaski County; Arkansas,2052,254,198,122,80,74,0,13,0,13,16,24,8,12,0,13,0,13,0,13,18,30,8,12,0,13,30,50,0,13,0,13,118,81,0,13,0,13,0,13,0,13,0,13,0,13,39,46,58,52,8,12,0,13,13,21,0,13,0,13,1854,262,889,155,96,69,0,13,11,19,58,55,1,9,0,13,32,47,301,92,102,44,138,79,85,46,49,25,16,14,965,171,37,33,0,13,9,18,1,11,20,29,28,29,52,55,379,123,64,38,143,65,81,62,115,32,36,26
05119002409,Census Tract 24.09; Pulaski County; Arkansas,3349,1001,848,912,213,228,1,16,0,13,135,201,0,13,0,13,0,13,6,70,32,54,38,62,0,13,1,8,0,13,0,13,635,700,1,16,0,13,0,13,257,388,0,13,0,13,8,13,291,327,2,19,3,6,51,51,22,36,0,13,2501,558,879,318,99,143,11,17,188,126,23,43,0,13,0,13,26,43,265,184,94,86,110,75,57,66,6,12,0,13,1622,362,281,170,0,13,102,94,0,13,0,13,0,13,221,159,323,177,85,80,260,147,193,151,112,81,45,48
05119002410,Census Tract 24.10; Pulaski County; Arkansas,3212,428,1355,531,533,272,10,19,40,61,0,13,0,13,0,13,70,102,111,153,3,8,77,79,80,107,129,92,13,18,0,13,822,339,0,13,60,99,0,13,158,151,0,13,0,13,0,13,39,63,142,138,76,91,106,77,160,118,81,73,1857,496,862,327,32,39,0,13,128,129,58,66,36,50,15,25,91,83,21,34,189,141,78,51,96,81,42,38,76,50,995,250,0,13,19,31,0,13,0,13,0,13,20,37,52,97,80,92,191,130,107,66,109,67,252,99,165,78
05119002500,Census Tract 25; Pulaski County; Arkansas,1259,216,295,124,190,78,0,13,0,13,38,43,0,13,0,13,0,13,7,13,55,46,5,11,0,13,39,41,12,20,34,41,105,76,0,13,0,13,0,13,0,13,0,13,0,13,10,17,7,19,38,44,0,13,12,21,38,53,0,13,964,199,531,129,0,13,0,13,0,13,0,13,0,13,0,13,92,59,124,66,92,70,57,64,79,61,77,43,10,15,433,113,18,23,0,13,14,23,0,13,0,13,0,13,73,44,163,97,21,23,20,28,81,39,31,39,12,20
05119002600,Census Tract 26; Pulaski County; Arkansas,974,447,403,280,163,66,5,8,0,13,0,13,5,9,0,13,19,28,0,13,15,34,21,55,40,54,58,54,0,13,0,13,240,263,0,13,0,13,0,13,0,13,0,13,0,13,11,25,28,35,0,13,196,255,5,8,0,13,0,13,571,219,332,194,12,24,0,13,24,33,25,33,0,13,0,13,10,20,42,40,30,31,93,167,66,43,30,27,0,13,239,82,0,13,0,13,0,13,0,13,0,13,0,13,0,13,40,41,0,13,32,32,69,36,48,62,50,40
05119002700,Census Tract 27; Pulaski County; Arkansas,5960,1201,2674,1377,1196,726,330,296,0,18,175,181,181,172,62,78,0,18,92,142,0,18,40,54,93,100,183,228,15,26,25,28,1478,878,0,18,0,18,58,83,20,29,198,184,0,18,389,350,114,182,484,439,70,109,108,118,37,47,0,18,3286,961,1742,627,0,18,0,18,216,207,211,176,122,95,72,80,63,79,102,103,262,198,314,181,188,119,181,164,11,18,1544,432,0,18,0,18,47,61,21,35,0,18,0,18,138,91,62,77,233,155,301,200,429,201,196,116,117,101
05119002800,Census Tract 28; Pulaski County; Arkansas,1820,607,1115,519,535,360,151,158,0,13,101,117,5,8,0,13,76,109,34,60,21,35,5,9,45,47,30,36,67,59,0,13,580,210,76,77,20,31,42,39,32,35,15,21,0,13,69,79,23,38,114,122,112,63,47,45,12,17,18,21,705,295,369,164,0,13,11,19,11,19,0,13,0,13,0,13,57,77,131,98,6,10,24,39,24,19,86,83,19,21,336,195,62,93,0,13,22,38,0,13,8,13,0,13,44,64,12,21,0,13,73,71,49,41,59,51,7,11
05119002900,Census Tract 29; Pulaski County; Arkansas,1241,282,337,240,123,63,0,13,0,13,28,42,30,31,0,13,0,13,0,13,7,13,12,20,9,14,24,33,6,12,7,10,214,189,33,50,0,13,54,82,27,27,15,20,0,13,0,13,30,45,3,5,33,40,5,10,14,15,0,13,904,187,468,146,8,15,0,13,70,79,0,13,0,13,0,13,120,108,27,27,90,73,8,14,95,56,47,40,3,5,436,108,0,13,6,13,0,13,11,18,24,30,38,38,62,52,82,55,0,13,23,27,104,39,58,52,28,38
05119003001,Census Tract 30.01; Pulaski County; Arkansas,2536,621,996,558,452,310,127,148,0,13,55,79,52,71,0,13,0,13,53,79,105,98,0,13,0,13,60,50,0,13,0,13,544,346,0,13,0,13,49,71,87,93,0,13,30,49,95,86,106,157,133,101,0,13,43,35,0,13,1,10,1540,358,938,209,29,43,0,13,43,60,19,44,26,47,0,13,57,62,186,111,233,78,107,91,144,63,89,55,5,26,602,220,0,13,0,13,29,55,19,42,0,13,18,29,7,12,95,59,118,99,120,57,85,60,108,76,3,17
05119003002,Census Tract 30.02; Pulaski County; Arkansas,2670,562,1255,567,740,362,93,146,0,13,42,53,91,105,11,17,0,13,65,87,172,128,90,96,20,22,118,91,21,34,17,29,515,248,0,13,0,13,174,191,12,19,0,13,0,13,42,56,44,55,57,60,90,65,79,76,7,11,10,14,1415,324,629,207,33,37,0,13,25,37,27,31,0,13,12,18,44,58,61,72,133,89,121,103,43,37,128,86,2,5,786,210,0,13,11,17,57,49,26,40,9,12,9,14,63,60,23,25,132,68,121,102,209,131,61,50,65,65
05119003100,Census Tract 31; Pulaski County; Arkansas,910,161,383,176,170,89,26,37,0,13,9,19,24,34,0,13,8,13,0,13,6,14,0,13,25,28,18,21,51,48,3,7,213,111,0,13,0,13,4,10,17,27,0,13,6,14,21,27,58,54,3,5,32,32,24,24,6,7,42,41,527,156,265,110,56,69,0,13,0,13,0,13,0,13,0,13,91,47,0,13,34,28,32,36,46,39,1,3,5,7,262,114,0,13,0,13,0,13,0,13,0,13,14,22,20,24,38,46,12,20,38,30,112,113,18,18,10,12
05119003202,Census Tract 32.02; Pulaski County; Arkansas,6533,1202,1331,581,584,239,11,36,28,47,116,74,31,47,3,13,20,33,46,54,39,54,1,28,41,72,206,135,42,48,0,18,747,416,0,18,0,18,105,92,180,192,2,42,2,42,65,93,109,96,54,65,119,126,109,87,2,12,0,18,5202,1304,2365,577,250,205,0,18,68,102,130,155,0,18,0,18,172,141,325,244,523,249,245,129,375,186,147,107,130,123,2837,912,355,255,43,44,256,341,29,39,118,138,236,167,35,41,601,375,306,196,301,164,211,129,279,112,67,48
05119003207,Census Tract 32.07; Pulaski County; Arkansas,2346,418,237,149,162,107,28,37,0,13,66,61,0,13,15,19,0,13,0,13,29,38,6,14,0,13,1,10,17,22,0,13,75,48,7,16,0,13,0,13,0,13,0,13,0,13,5,8,20,31,20,21,0,13,4,13,15,17,4,7,2109,404,1082,233,169,70,0,13,93,92,14,18,25,28,0,13,53,41,225,102,211,109,107,59,92,46,37,23,56,37,1027,306,98,79,23,28,139,90,18,18,0,13,62,52,6,11,167,83,95,58,186,111,159,153,27,20,47,26
05119003208,Census Tract 32.08; Pulaski County; Arkansas,5009,1074,1105,579,462,313,22,35,0,18,89,106,72,83,0,18,0,18,11,20,141,223,0,18,40,51,63,57,16,17,8,12,643,312,0,18,0,18,46,72,11,19,0,18,0,18,97,97,212,236,126,113,34,37,60,59,57,56,0,18,3904,912,1803,457,119,131,4,8,175,113,159,198,0,18,13,22,65,68,426,250,262,189,139,93,287,125,115,89,39,29,2101,563,204,157,62,65,113,80,61,59,0,18,73,71,70,64,442,205,200,80,263,124,397,214,130,54,86,40
05119003303,Census Tract 33.03; Pulaski County; Arkansas,4888,842,167,126,59,61,0,13,0,13,0,13,0,13,0,13,0,13,0,13,0,13,0,13,37,58,12,17,2,5,8,14,108,113,0,13,0,13,0,13,0,13,0,13,0,13,0,13,0,13,21,30,2,4,0,13,1,5,84,110,4721,848,2457,504,261,266,16,17,202,132,244,173,0,13,6,14,172,146,215,129,191,54,195,70,243,106,279,134,433,126,2264,429,14,23,31,45,151,81,42,39,59,74,18,21,95,151,126,65,276,101,229,149,438,178,316,164,469,137
05119003305,Census Tract 33.05; Pulaski County; Arkansas,4257,593,464,204,253,162,7,12,0,13,69,90,0,13,0,13,0,13,27,38,5,16,10,18,39,46,61,66,0,13,35,34,211,143,0,13,21,37,0,13,0,13,0,13,0,13,30,43,53,67,22,26,5,9,67,71,0,13,13,15,3793,541,1959,432,220,125,57,66,41,37,38,33,0,13,16,21,143,88,531,222,358,155,144,70,232,109,136,91,43,32,1834,332,69,92,13,25,213,153,81,53,19,27,48,55,107,75,483,151,108,65,152,61,202,91,186,52,153,65
05119003306,Census Tract 33.06; Pulaski County; Arkansas,3126,527,631,321,324,194,64,96,0,13,0,13,0,13,0,13,0,13,75,96,28,47,40,54,9,17,60,59,40,47,8,13,307,187,78,70,0,13,44,65,0,13,0,13,0,13,0,13,28,36,19,29,52,51,51,55,35,42,0,13,2495,496,1189,279,34,38,3,10,72,55,0,13,23,35,40,40,199,154,200,108,146,83,141,107,109,63,187,76,35,33,1306,333,171,136,14,22,34,34,16,23,23,28,18,26,220,144,216,103,138,77,47,42,123,58,181,149,105,71
05119003307,Census Tract 33.07; Pulaski County; Arkansas,1705,343,109,138,27,37,0,13,0,13,21,26,0,13,0,13,0,13,0,13,0,13,0,13,6,16,0,13,0,13,0,13,82,105,22,37,0,13,21,26,0,13,0,13,15,26,7,16,0,13,10,17,7,16,0,13,0,13,0,13,1596,338,673,162,12,19,45,71,0,13,0,13,0,13,0,13,224,109,20,34,22,29,50,48,95,71,85,78,120,82,923,260,132,178,0,13,23,34,58,73,0,13,29,38,6,12,67,80,126,78,110,101,121,84,162,126,89,62
05119003308,Census Tract 33.08; Pulaski County; Arkansas,4044,587,225,228,69,82,0,13,0,13,0,13,0,13,0,13,0,13,0,13,0,13,0,13,52,78,0,13,0,13,17,27,156,152,0,13,0,13,0,13,55,81,0,13,0,13,0,13,39,47,0,13,41,63,6,10,15,24,0,13,3819,594,1546,361,33,50,0,13,74,75,176,158,0,13,112,158,0,13,447,253,69,60,172,124,129,77,255,111,79,67,2273,325,56,58,54,78,85,70,20,34,0,13,0,13,195,170,549,302,298,149,203,117,386,194,263,102,164,80
05119003403,Census Tract 34.03; Pulaski County; Arkansas,2599,422,198,144,116,92,0,13,0,13,0,13,0,13,0,13,0,13,32,41,0,13,10,16,0,13,41,58,33,58,0,13,82,66,0,13,0,13,0,13,0,13,0,13,0,13,12,20,0,13,0,13,0,13,70,64,0,13,0,13,2401,431,1327,308,30,29,0,13,74,49,16,25,37,60,37,56,75,97,138,86,61,62,170,101,450,204,165,105,74,48,1074,237,36,41,0,13,80,92,44,40,14,21,25,31,65,64,101,66,197,100,142,75,120,60,190,93,60,42
05119003404,Census Tract 34.04; Pulaski County; Arkansas,4486,942,433,306,154,107,14,26,0,13,63,69,12,19,0,13,0,13,0,13,25,40,0,13,22,27,0,13,0,13,18,30,279,222,0,13,0,13,112,128,7,13,0,13,12,19,0,13,67,73,6,10,55,74,0,13,0,13,20,28,4053,860,2006,406,81,99,27,42,78,104,76,74,23,38,86,103,47,50,245,254,362,198,191,132,327,150,312,145,151,83,2047,499,184,167,0,13,157,169,0,13,0,13,120,106,81,96,139,126,150,122,361,175,406,165,199,111,250,207
05119003405,Census Tract 34.05; Pulaski County; Arkansas,1315,481,56,44,37,31,0,13,0,13,0,13,0,13,0,13,0,13,0,13,3,7,0,13,14,22,0,13,15,19,5,8,19,18,0,13,0,13,0,13,0,13,0,13,0,13,0,13,0,13,0,13,0,13,0,13,12,14,7,11,1259,484,805,464,3,7,0,13,46,49,0,13,48,53,48,53,22,38,32,36,58,58,105,55,365,461,40,37,38,28,454,75,4,8,0,13,43,52,10,15,0,13,0,13,58,53,73,45,47,42,112,66,30,27,34,29,43,29
05119003406,Census Tract 34.06; Pulaski County; Arkansas,4610,718,396,227,196,161,0,13,0,13,0,13,0,13,0,13,0,13,27,45,0,13,83,130,33,39,38,36,0,13,15,20,200,101,0,13,0,13,0,13,0,13,0,13,0,13,57,48,28,33,0,13,53,49,31,38,26,30,5,12,4214,763,2037,357,58,76,0,13,112,88,113,83,20,49,129,75,220,114,180,121,386,130,252,127,191,104,304,208,72,57,2177,488,139,98,15,30,162,102,81,98,0,13,135,96,115,87,193,121,319,110,219,115,285,149,366,231,148,70
05119003604,Census Tract 36.04; Pulaski County; Arkansas,6306,1059,741,442,233,214,0,18,0,18,0,18,30,65,0,18,0,18,17,40,99,170,52,76,0,18,35,41,0,18,0,18,508,334,48,77,0,18,39,62,0,18,51,81,18,41,68,91,18,42,117,104,13,30,42,42,46,65,48,57,5565,1182,2622,529,198,236,214,231,205,131,39,53,0,18,32,59,199,162,111,114,341,184,238,121,543,185,226,128,276,146,2943,742,101,127,0,18,126,112,101,112,0,18,0,18,276,248,731,429,378,137,427,215,435,132,129,75,239,125
05119003605,Census Tract 36.05; Pulaski County; Arkansas,5855,1193,603,320,341,195,0,18,28,56,27,56,0,18,0,18,37,57,0,18,2,5,0,18,62,87,79,75,90,111,16,28,262,179,0,18,0,18,0,18,0,18,51,72,0,18,3,5,75,118,27,54,16,27,29,31,44,47,17,28,5252,1127,2794,771,197,183,0,18,344,256,36,62,0,18,220,213,310,185,383,277,421,128,258,206,484,216,41,43,100,94,2458,489,0,18,0,18,85,102,182,141,90,105,177,151,154,165,247,172,545,291,405,161,170,98,174,110,229,150
05119003606,Census Tract 36.06; Pulaski County; Arkansas,3484,633,1463,659,655,428,209,235,0,13,104,89,33,53,25,38,25,39,21,37,107,98,40,65,23,30,68,48,0,13,0,13,808,338,144,104,56,101,71,74,28,47,0,13,46,70,27,36,215,128,59,57,37,48,52,47,24,27,49,54,2021,536,930,240,102,88,24,34,58,57,0,13,0,13,31,39,146,118,181,102,116,81,71,44,115,81,66,45,20,23,1091,374,183,114,69,78,177,121,29,43,0,13,0,13,150,109,97,81,85,66,71,44,123,80,88,41,19,22
05119003607,Census Tract 36.07; Pulaski County; Arkansas,4145,668,925,458,210,173,39,60,0,13,34,52,0,13,0,13,0,13,9,16,89,118,0,13,5,9,34,41,0,13,0,13,715,435,45,72,44,71,0,13,0,13,0,13,0,13,395,281,35,46,151,159,10,17,20,22,0,13,15,29,3220,809,1497,424,169,159,0,13,70,71,0,13,0,13,69,73,111,102,283,174,173,169,116,101,241,113,240,108,25,32,1723,441,33,46,0,13,179,146,66,58,0,13,22,41,140,120,307,168,145,107,175,123,294,112,292,98,70,55
05119003608,Census Tract 36.08; Pulaski County; Arkansas,5751,1160,997,568,144,115,13,26,0,18,0,18,40,67,0,18,0,18,0,18,0,18,41,55,22,38,28,39,0,18,0,18,853,503,82,126,17,33,68,106,0,18,0,18,0,18,102,114,229,220,6,14,7,14,125,87,121,104,96,83,4754,1122,2437,643,31,46,0,18,382,201,211,178,0,18,109,75,395,313,236,242,416,209,224,163,279,153,72,83,82,69,2317,602,0,18,33,52,16,60,54,66,116,145,108,134,182,94,560,361,610,299,98,102,248,135,178,138,114,73
05119003609,Census Tract 36.09; Pulaski County; Arkansas,4528,735,875,456,294,205,49,78,0,13,48,62,22,35,36,47,11,19,0,13,0,13,108,96,0,13,9,14,11,19,0,13,581,365,0,13,0,13,0,13,148,178,28,48,0,13,0,13,222,183,2,6,110,96,56,49,10,18,5,7,3653,692,1940,422,124,124,36,60,383,274,20,23,26,34,49,59,82,84,289,157,152,76,127,84,347,164,225,138,80,61,1713,395,105,88,45,52,272,186,95,80,0,13,23,38,23,32,315,166,205,115,100,66,235,99,158,72,137,57
05119003703,Census Tract 37.03; Pulaski County; Arkansas,6159,719,264,167,100,62,0,18,0,18,17,21,0,18,0,18,0,18,0,18,0,18,0,18,24,25,20,32,17,27,22,29,164,120,0,18,0,18,14,22,0,18,0,18,0,18,5,11,11,18,40,65,26,35,30,39,0,18,38,39,5895,686,2931,450,75,60,0,18,189,86,128,79,23,28,127,85,231,175,190,101,606,311,341,154,338,140,507,171,176,118,2964,369,101,88,67,87,122,101,19,29,36,32,59,48,378,217,304,157,416,160,211,121,401,135,623,164,227,155
05119003704,Census Tract 37.04; Pulaski County; Arkansas,3637,597,582,425,291,216,0,13,0,13,97,108,77,106,0,13,0,13,0,13,0,13,67,62,14,20,20,23,9,14,7,14,291,232,0,13,23,37,101,114,0,13,0,13,0,13,26,51,18,31,84,97,0,13,0,13,0,13,39,47,3055,573,1449,363,38,47,27,33,196,114,64,64,0,13,53,73,128,141,284,133,131,56,114,77,182,85,100,62,132,77,1606,300,84,51,13,21,55,54,49,60,0,13,33,30,50,57,253,108,171,92,345,159,258,207,143,58,152,80
05119003707,Census Tract 37.07; Pulaski County; Arkansas,3737,471,558,348,353,263,5,8,32,44,96,132,32,44,0,13,0,13,75,72,43,53,0,13,0,13,24,31,46,68,0,13,205,145,5,8,0,13,0,13,53,73,0,13,0,13,33,36,0,13,54,52,0,13,60,49,0,13,0,13,3179,509,1520,265,52,37,0,13,90,68,131,71,22,24,53,47,101,71,114,61,113,50,287,116,270,151,167,75,120,74,1659,303,90,58,40,41,86,62,37,30,11,21,0,13,117,73,132,90,142,65,248,92,363,170,194,60,199,93
05119003711,Census Tract 37.11; Pulaski County; Arkansas,5753,691,506,309,217,195,20,39,0,18,69,78,0,18,0,18,0,18,75,121,0,18,26,36,14,22,0,18,0,18,13,22,289,184,0,18,0,18,113,99,0,18,0,18,0,18,0,18,63,68,84,92,0,18,0,18,29,31,0,18,5247,725,2458,465,65,51,15,26,66,58,182,148,95,98,137,114,142,152,414,261,330,170,300,163,151,86,494,281,67,50,2789,366,32,51,15,39,241,141,32,48,7,15,122,141,290,174,183,111,480,176,350,148,272,176,572,254,193,91
05119003712,Census Tract 37.12; Pulaski County; Arkansas,4404,528,425,231,151,96,0,13,8,12,0,13,0,13,0,13,0,13,15,24,13,22,42,60,0,13,29,49,44,50,0,13,274,189,70,103,0,13,0,13,43,63,0,13,0,13,76,77,0,13,8,12,0,13,0,13,68,56,9,14,3979,529,1970,352,80,52,0,13,138,81,43,37,0,13,65,37,123,78,382,169,238,85,214,109,229,78,246,81,212,203,2009,313,195,76,0,13,232,157,24,25,15,18,45,41,157,79,285,98,227,93,223,77,284,81,187,57,135,57
05119003713,Census Tract 37.13; Pulaski County; Arkansas,4190,633,281,257,83,81,0,13,0,13,33,59,0,13,0,13,0,13,50,66,0,13,0,13,0,13,0,13,0,13,0,13,198,185,0,13,0,13,0,13,33,58,0,13,0,13,63,64,37,66,0,13,27,36,38,45,0,13,0,13,3909,603,1853,385,111,88,0,13,0,13,46,51,53,77,0,13,205,154,196,124,314,190,341,114,306,123,171,67,110,56,2056,357,21,35,0,13,83,90,151,93,0,13,175,171,188,98,252,136,218,128,328,98,331,164,127,55,182,95
05119003714,Census Tract 37.14; Pulaski County; Arkansas,4822,663,423,262,202,107,0,13,0,13,20,23,13,20,0,13,0,13,38,55,29,31,33,33,0,13,22,35,7,10,40,59,221,228,0,13,0,13,9,14,0,13,7,11,0,13,0,13,0,13,16,19,9,14,178,224,2,5,0,13,4399,660,1900,368,78,47,18,20,143,128,66,61,85,62,0,13,127,83,359,181,255,130,219,139,194,69,239,89,117,62,2499,383,79,64,27,41,139,70,165,136,81,106,75,93,197,82,366,176,362,149,297,181,262,106,226,78,223,89
05119003800,Census Tract 38; Pulaski County; Arkansas,4899,934,1110,958,804,729,252,248,0,13,364,391,0,13,0,13,0,13,0,13,113,153,0,13,38,63,9,21,0,13,28,46,306,239,0,13,0,13,0,13,0,13,0,13,0,13,97,130,140,206,23,41,0,13,0,13,25,42,21,34,3789,774,1715,422,26,43,56,84,82,65,0,13,177,152,0,13,134,133,148,153,359,210,177,196,268,130,238,117,50,48,2074,512,236,162,0,13,235,230,0,13,0,13,147,185,89,98,194,146,392,202,226,142,211,105,106,80,238,244
05119003900,Census Tract 39; Pulaski County; Arkansas,4679,644,767,357,412,171,15,30,0,13,36,62,43,63,0,13,0,13,13,22,72,91,55,61,63,77,64,69,31,40,20,21,355,221,51,73,0,13,12,21,67,76,0,13,13,23,51,59,0,13,51,58,43,52,67,74,0,13,0,13,3912,639,2001,420,98,100,36,39,145,105,57,56,30,32,0,13,157,111,207,112,227,104,248,125,380,197,283,109,133,67,1911,322,87,78,0,13,35,34,49,51,43,42,28,35,137,94,325,159,107,57,235,98,374,126,234,113,257,172
05119004001,Census Tract 40.01; Pulaski County; Arkansas,2870,443,344,324,76,89,0,13,0,13,0,13,0,13,0,13,0,13,39,48,24,40,0,13,13,25,0,13,0,13,0,13,268,299,100,114,0,13,0,13,0,13,0,13,0,13,73,93,60,94,22,36,0,13,0,13,13,23,0,13,2526,422,1052,254,165,154,45,75,138,103,0,13,62,101,0,13,65,93,217,147,39,40,76,76,20,33,84,66,141,109,1474,330,255,199,11,18,140,234,0,13,0,13,0,13,240,190,197,149,152,137,174,158,110,67,51,34,144,85
05119004004,Census Tract 40.04; Pulaski County; Arkansas,3986,774,1425,895,728,480,232,217,14,22,182,178,0,13,6,16,56,74,0,13,0,13,78,103,80,88,40,59,11,17,29,27,697,435,154,171,0,13,8,12,68,107,0,13,7,15,28,32,86,60,150,138,81,70,99,77,7,13,9,15,2561,466,1319,246,11,20,11,21,57,58,14,25,0,13,10,15,145,82,88,68,212,93,258,167,224,98,166,82,123,48,1242,319,0,13,12,22,67,63,0,13,39,42,52,51,93,74,152,103,71,62,182,94,183,79,236,90,155,79
05119004005,Census Tract 40.05; Pulaski County; Arkansas,2691,767,611,350,334,243,0,13,6,18,98,137,0,13,0,13,0,13,6,21,117,130,17,29,47,58,33,40,10,13,0,13,277,158,0,13,0,13,46,75,0,13,0,13,0,13,41,69,7,21,42,42,40,53,57,51,32,37,12,20,2080,730,965,406,21,31,0,13,90,106,76,97,0,13,0,13,179,195,36,42,178,132,111,64,117,69,119,92,38,28,1115,387,72,115,0,13,80,60,10,14,33,39,0,13,37,31,143,98,237,140,98,77,224,115,137,78,44,34
05119004006,Census Tract 40.06; Pulaski County; Arkansas,2852,482,707,351,327,190,10,18,0,13,8,13,21,34,27,41,0,13,26,46,41,58,23,21,66,70,51,80,54,88,0,13,380,226,16,28,0,13,0,13,0,13,0,13,25,39,8,14,37,49,57,54,30,39,139,143,53,65,15,17,2145,415,992,231,140,110,0,13,93,80,0,13,0,13,6,10,75,83,170,104,24,28,161,101,139,93,134,80,50,32,1153,250,0,13,0,13,171,89,40,67,0,13,0,13,71,53,85,70,141,111,268,111,58,48,192,76,127,74
05119004007,Census Tract 40.07; Pulaski County; Arkansas,2124,531,379,275,270,227,0,13,3,5,28,44,45,71,12,19,43,70,0,13,0,13,37,59,35,54,19,22,38,54,10,15,109,90,16,27,0,13,3,5,14,22,0,13,12,18,0,13,0,13,16,20,3,5,8,12,37,51,0,13,1745,443,988,298,6,10,0,13,51,57,59,60,0,13,56,54,73,104,200,162,51,42,227,142,123,92,82,56,60,52,757,210,50,83,0,13,8,13,15,17,5,9,23,26,31,36,69,67,71,44,180,113,128,79,106,71,71,44
05119004103,Census Tract 41.03; Pulaski County; Arkansas,3757,633,1139,379,661,304,82,77,7,13,53,37,75,42,0,13,13,22,48,68,246,273,0,13,0,13,137,119,0,13,0,13,478,191,0,13,5,15,69,68,24,30,0,13,110,107,13,21,32,34,116,67,24,37,58,58,0,13,27,34,2618,624,1267,293,101,78,0,13,77,73,55,74,0,13,30,39,142,121,100,78,205,106,120,82,278,115,142,78,17,17,1351,400,114,146,25,39,56,65,47,58,20,35,23,28,54,63,225,145,249,106,147,98,308,121,83,60,0,13
05119004104,Census Tract 41.04; Pulaski County; Arkansas,3157,1697,1282,1719,414,592,199,317,0,13,93,136,7,14,5,10,0,13,0,13,100,145,0,13,4,6,0,13,6,9,0,13,868,1130,227,316,0,13,273,402,176,270,0,13,0,13,0,13,130,152,9,13,0,13,0,13,30,47,23,30,1875,244,915,169,40,34,4,8,48,29,20,22,0,13,31,33,66,82,193,83,94,35,111,59,125,57,71,30,112,85,960,148,19,25,0,13,100,69,46,42,41,33,0,13,65,44,132,58,126,61,99,62,181,54,107,39,44,20
05119004105,Census Tract 41.05; Pulaski County; Arkansas,6702,1153,1171,636,491,306,55,71,0,18,184,147,39,61,0,18,56,89,0,18,0,18,71,72,62,69,24,37,0,18,0,18,680,377,80,107,0,18,134,126,53,62,0,18,0,18,0,18,128,119,115,97,79,87,24,37,10,17,57,37,5531,1364,2647,690,265,178,39,64,451,340,0,18,70,77,94,95,257,192,391,194,238,146,392,197,253,108,134,90,63,59,2884,814,265,183,41,60,218,207,71,66,0,18,189,205,225,165,433,191,342,209,364,174,237,259,319,163,180,112
05119004106,Census Tract 41.06; Pulaski County; Arkansas,5446,1119,1191,749,484,250,0,18,18,28,120,115,0,18,0,18,84,97,63,107,0,18,88,83,37,53,11,20,50,61,13,22,707,550,101,88,85,85,212,260,0,18,0,18,0,18,0,18,19,30,208,184,15,25,49,62,18,23,0,18,4255,987,2151,631,0,18,0,18,45,75,105,121,45,75,126,138,326,255,229,244,536,367,315,203,126,99,266,139,32,38,2104,634,62,96,55,82,81,123,50,90,0,18,68,72,258,193,154,150,398,247,574,271,140,107,148,93,116,98
05119004107,Census Tract 41.07; Pulaski County; Arkansas,4383,1575,1195,1007,528,514,0,13,0,13,166,279,17,28,0,13,0,13,23,41,175,212,35,55,9,15,81,97,11,17,11,19,667,549,34,55,0,13,251,295,56,87,0,13,18,31,20,31,104,123,142,211,11,18,31,30,0,13,0,13,3188,1363,1373,516,398,256,21,25,136,172,0,13,10,16,0,13,120,110,146,124,163,115,185,123,78,53,12,18,104,75,1815,890,305,195,72,78,492,389,35,41,0,13,116,118,132,103,301,182,58,56,67,52,112,91,87,61,38,28
05119004108,Census Tract 41.08; Pulaski County; Arkansas,6501,905,1784,829,827,389,211,206,0,18,159,140,115,139,79,93,52,71,80,99,20,33,64,79,12,32,0,18,0,18,35,49,957,549,318,313,0,18,74,94,76,89,0,18,6,13,32,52,212,158,105,87,20,27,65,86,49,41,0,18,4717,921,2349,528,274,245,18,32,26,43,219,250,30,47,74,81,307,302,444,251,247,181,332,206,269,161,105,72,4,11,2368,554,105,97,0,18,443,216,92,102,0,18,11,34,39,48,474,241,675,406,105,89,184,131,135,66,105,118
05119004201,Census Tract 42.01; Pulaski County; Arkansas,3097,490,103,106,82,80,0,13,0,13,0,13,10,17,10,19,0,13,0,13,0,13,0,13,12,21,10,15,40,59,0,13,21,35,0,13,0,13,0,13,0,13,0,13,11,18,0,13,0,13,10,17,0,13,0,13,0,13,0,13,2994,495,1463,313,57,56,12,18,30,40,85,76,54,56,48,54,120,93,132,94,97,68,221,131,404,131,163,80,40,34,1531,324,63,48,0,13,81,68,0,13,38,64,85,66,42,34,75,44,147,68,172,124,600,259,141,68,87,53
05119004202,Census Tract 42.02; Pulaski County; Arkansas,4276,508,348,341,142,141,0,13,9,14,44,66,0,13,0,13,9,15,0,13,47,71,9,13,0,13,24,28,0,13,0,13,206,203,68,98,0,13,47,55,0,13,0,13,0,13,0,13,43,53,0,13,0,13,13,21,27,29,8,13,3928,535,1894,286,34,29,7,10,95,67,56,64,47,50,37,22,70,64,53,39,120,62,238,105,436,130,492,164,209,112,2034,319,17,21,32,30,91,64,91,75,64,72,31,30,63,42,74,54,169,71,223,93,440,118,589,278,150,69
05119004205,Census Tract 42.05; Pulaski County; Arkansas,4787,728,510,322,292,187,64,90,27,39,0,13,0,13,0,13,0,13,0,13,68,79,81,74,0,13,23,40,0,13,29,35,218,150,33,47,0,13,27,39,0,13,0,13,0,13,41,52,49,50,26,42,0,13,29,50,13,23,0,13,4277,787,2120,525,186,165,0,13,269,207,137,126,0,13,61,61,213,153,202,139,371,199,207,103,210,119,191,83,73,61,2157,498,57,70,83,84,124,102,268,234,26,30,16,28,81,68,234,123,296,122,294,233,246,111,310,175,122,145
05119004213,Census Tract 42.13; Pulaski County; Arkansas,5242,683,103,99,80,83,0,18,0,18,8,13,7,14,0,18,0,18,0,18,0,18,0,18,10,17,0,18,15,25,40,67,23,27,0,18,0,18,0,18,0,18,0,18,0,18,0,18,0,18,8,14,0,18,0,18,15,23,0,18,5139,662,2509,438,105,50,8,14,135,67,102,62,0,18,70,52,426,364,306,146,202,72,306,116,444,104,292,88,113,65,2630,354,129,74,61,54,193,105,113,80,70,54,120,102,51,43,132,83,172,66,636,273,397,126,356,104,200,94
05119004214,Census Tract 42.14; Pulaski County; Arkansas,3757,798,147,133,51,81,51,81,0,13,0,13,0,13,0,13,0,13,0,13,0,13,0,13,0,13,0,13,0,13,0,13,96,79,0,13,0,13,0,13,0,13,12,18,0,13,0,13,0,13,0,13,23,35,24,41,0,13,37,55,3610,790,1595,342,102,76,10,16,72,48,101,97,0,13,0,13,90,62,265,154,379,189,239,131,107,54,182,46,48,37,2015,507,175,107,25,39,56,53,56,46,65,43,142,146,393,311,228,131,189,59,273,160,213,78,183,48,17,28
05119004215,Census Tract 42.15; Pulaski County; Arkansas,4795,706,190,155,63,63,0,13,0,13,0,13,0,13,0,13,0,13,0,13,0,13,0,13,13,24,32,51,18,33,0,13,127,123,0,13,0,13,0,13,0,13,0,13,0,13,73,108,7,19,0,13,0,13,47,55,0,13,0,13,4605,650,2397,488,121,74,52,57,187,126,171,106,0,13,29,38,163,175,144,91,262,87,420,164,284,183,354,152,210,158,2208,334,134,89,11,19,118,92,58,62,29,40,69,55,78,117,177,119,471,111,437,165,197,105,290,60,139,137
05119004218,Census Tract 42.18; Pulaski County; Arkansas,3348,593,85,62,65,57,11,18,0,13,0,13,0,13,0,13,0,13,26,41,21,32,0,13,0,13,7,14,0,13,0,13,20,17,0,13,0,13,0,13,0,13,0,13,0,13,0,13,0,13,12,17,0,13,0,13,0,13,8,14,3263,601,1823,531,120,97,18,27,160,105,36,30,0,13,12,19,59,57,659,504,335,164,206,111,111,64,43,33,64,29,1440,248,96,89,76,71,44,47,39,51,0,13,8,13,162,84,286,129,266,65,111,60,179,83,106,41,67,40
05119004219,Census Tract 42.19; Pulaski County; Arkansas,5401,733,103,100,47,56,12,19,0,18,0,18,0,18,0,18,0,18,0,18,19,33,0,18,0,18,0,18,16,26,0,18,56,52,0,18,0,18,0,18,0,18,0,18,0,18,0,18,20,32,0,18,0,18,0,18,0,18,36,42,5298,733,2485,452,235,181,27,39,453,251,133,79,40,59,41,46,28,41,225,117,293,117,204,96,270,112,274,108,262,129,2813,415,86,80,0,18,384,179,107,88,0,18,26,39,77,66,153,80,453,150,337,188,380,160,494,211,316,118
05119004220,Census Tract 42.20; Pulaski County; Arkansas,6581,663,1416,691,592,330,77,113,0,18,252,160,0,18,0,18,72,96,26,49,0,18,0,18,147,116,0,18,18,32,0,18,824,410,47,60,0,18,215,189,107,91,0,18,0,18,19,36,146,125,181,153,68,88,28,47,13,23,0,18,5165,713,2374,475,244,206,0,18,35,56,191,155,160,158,42,64,254,236,241,207,312,191,248,119,378,176,193,99,76,46,2791,453,100,106,0,18,89,84,135,128,0,18,5,20,36,50,390,227,447,192,293,155,603,254,458,217,235,133
05119004222,Census Tract 42.22; Pulaski County; Arkansas,2192,358,227,188,86,96,2,17,0,13,0,13,0,13,0,13,0,13,55,87,20,34,0,13,0,13,0,13,9,14,0,13,141,156,2,17,0,13,47,73,2,14,0,13,0,13,0,13,3,15,45,69,0,13,1,13,8,13,33,37,1965,333,1036,222,54,44,11,17,42,35,5,13,0,13,19,21,79,89,330,183,218,128,96,41,102,75,42,33,38,36,929,245,76,69,0,13,65,35,13,21,11,18,6,15,97,98,157,127,73,48,105,38,45,39,93,62,188,95
05119004223,Census Tract 42.23; Pulaski County; Arkansas,3462,550,89,85,37,51,0,13,0,13,0,13,0,13,0,13,15,28,9,18,0,13,0,13,0,13,13,20,0,13,0,13,52,61,0,13,0,13,0,13,0,13,0,13,0,13,30,53,0,13,0,13,0,13,8,13,0,13,14,24,3373,537,1599,314,191,122,26,32,129,90,84,66,44,42,13,19,116,99,164,100,295,88,248,87,131,62,91,62,67,46,1774,318,67,73,66,72,61,52,69,63,56,52,49,56,59,49,228,143,222,97,204,103,205,78,94,72,394,160
05119004224,Census Tract 42.24; Pulaski County; Arkansas,5935,700,417,304,275,223,36,49,0,18,0,18,0,18,0,18,0,18,26,48,159,173,0,18,2,4,52,82,0,18,0,18,142,100,40,54,0,18,0,18,0,18,0,18,0,18,65,66,0,18,2,4,0,18,18,29,0,18,17,30,5518,704,2390,345,329,162,0,18,110,96,69,64,0,18,0,18,35,47,474,205,486,214,321,139,358,94,131,65,77,49,3128,499,277,196,148,158,255,163,185,158,34,52,26,42,72,61,645,220,346,180,363,161,305,110,352,171,120,69
05119004225,Census Tract 42.25; Pulaski County; Arkansas,3245,484,162,167,55,59,31,49,0,13,0,13,0,13,0,13,0,13,0,13,0,13,0,13,24,38,0,13,0,13,0,13,107,121,0,13,0,13,0,13,40,60,0,13,4,9,0,13,0,13,31,48,0,13,0,13,0,13,32,51,3083,473,1493,325,66,86,0,13,109,101,79,47,38,41,22,36,75,87,272,153,273,152,250,147,114,66,172,77,23,28,1590,274,80,67,0,13,87,59,67,84,0,13,31,35,242,254,206,115,254,110,290,115,127,78,144,73,62,43
05119004226,Census Tract 42.26; Pulaski County; Arkansas,3233,509,108,94,28,45,0,13,0,13,0,13,0,13,0,13,0,13,0,13,28,45,0,13,0,13,0,13,0,13,0,13,80,72,0,13,0,13,0,13,0,13,0,13,0,13,18,27,0,13,0,13,12,20,7,12,43,62,0,13,3125,535,1472,312,0,13,0,13,311,259,0,13,68,78,40,55,50,66,469,240,0,13,162,104,177,93,94,57,101,40,1653,367,0,13,0,13,85,125,173,212,0,13,0,13,78,115,598,248,218,139,224,129,130,71,105,42,42,37
05119004227,Census Tract 42.27; Pulaski County; Arkansas,1211,289,90,118,52,59,18,30,0,13,0,13,0,13,0,13,0,13,0,13,13,19,15,28,0,13,0,13,6,10,0,13,38,61,16,29,0,13,0,13,0,13,0,13,0,13,0,13,22,33,0,13,0,13,0,13,0,13,0,13,1121,275,564,163,15,20,0,13,4,7,21,36,11,19,18,28,52,63,40,42,67,58,119,66,108,57,98,51,11,13,557,138,18,26,0,13,21,26,23,34,0,13,28,33,31,32,68,65,19,26,143,78,74,43,126,57,6,10
05119004228,Census Tract 42.28; Pulaski County; Arkansas,2681,661,131,165,53,84,53,84,0,13,0,13,0,13,0,13,0,13,0,13,0,13,0,13,0,13,0,13,0,13,0,13,78,91,0,13,0,13,0,13,0,13,0,13,0,13,0,13,45,74,33,56,0,13,0,13,0,13,0,13,2550,535,1078,259,34,41,25,39,44,44,15,23,11,19,0,13,14,26,108,90,114,66,266,251,166,77,118,67,163,102,1472,378,93,108,58,89,121,88,69,70,0,13,0,13,35,33,254,157,153,59,99,70,163,86,283,224,144,83
05119004229,Census Tract 42.29; Pulaski County; Arkansas,4274,634,88,94,55,76,7,17,0,13,0,13,0,13,0,13,0,13,0,13,0,13,45,68,0,13,3,8,0,13,0,13,33,31,0,13,0,13,6,15,0,13,0,13,0,13,0,13,0,13,6,14,0,13,4,9,8,13,9,14,4186,634,2006,416,130,53,0,13,185,137,156,120,35,40,86,102,67,51,74,65,338,160,269,97,362,116,167,59,137,64,2180,343,37,36,52,62,200,149,107,58,50,49,68,50,138,90,109,95,306,149,320,115,261,99,319,93,213,176
05119004302,Census Tract 43.02; Pulaski County; Arkansas,4935,540,681,327,421,201,51,76,0,13,52,79,13,21,19,36,0,13,0,13,0,13,29,56,37,61,135,98,16,27,69,77,260,138,0,13,0,13,0,13,0,13,0,13,0,13,0,13,56,84,0,13,38,62,99,79,67,76,0,13,4254,555,2178,331,149,85,0,13,333,167,145,114,24,41,19,27,197,151,181,132,185,112,360,210,257,109,249,109,79,53,2076,371,111,104,0,13,119,70,0,13,107,106,27,50,67,63,196,142,355,113,254,132,296,137,247,103,297,163
05119004306,Census Tract 43.06; Pulaski County; Arkansas,6508,1064,919,574,182,122,0,18,0,18,0,18,0,18,0,18,0,18,0,18,0,18,0,18,147,133,18,31,17,29,0,18,737,562,313,370,0,18,66,131,28,45,6,14,0,18,122,164,0,18,49,59,34,40,43,50,28,34,48,47,5589,1042,2575,525,113,99,28,36,141,148,223,150,0,18,138,102,102,86,561,251,474,234,214,96,175,82,336,178,70,59,3014,817,25,42,34,47,368,350,119,90,165,191,77,66,130,114,269,139,760,308,322,289,324,108,383,172,38,29
05119004307,Census Tract 43.07; Pulaski County; Arkansas,5072,1168,577,472,210,373,90,192,0,18,77,172,0,18,0,18,0,18,0,18,43,74,0,18,0,18,0,18,0,18,0,18,367,134,0,18,0,18,0,18,0,18,0,18,0,18,193,118,80,180,0,18,0,18,0,18,94,102,0,18,4495,1062,1767,618,62,112,0,18,166,210,0,18,0,18,0,18,58,103,825,470,211,218,145,90,141,120,74,71,85,104,2728,728,64,114,0,18,252,260,0,18,0,18,0,18,219,206,746,307,116,159,438,301,224,218,465,432,204,246
05119004308,Census Tract 43.08; Pulaski County; Arkansas,3144,648,126,119,92,107,0,13,0,13,0,13,0,13,0,13,0,13,27,50,42,56,0,13,0,13,0,13,23,30,0,13,34,42,0,13,0,13,0,13,0,13,0,13,0,13,0,13,0,13,0,13,12,20,22,38,0,13,0,13,3018,653,1639,484,132,89,0,13,211,242,33,44,18,34,35,48,179,137,342,244,101,78,142,86,217,126,140,57,89,51,1379,237,11,23,25,40,64,61,23,46,7,14,5,9,286,150,367,198,92,64,140,83,157,74,141,47,61,50
05119004309,Census Tract 43.09; Pulaski County; Arkansas,3353,443,574,671,244,316,111,154,0,13,112,157,0,13,0,13,0,13,0,13,0,13,0,13,21,35,0,13,0,13,0,13,330,366,125,173,0,13,0,13,0,13,0,13,0,13,78,126,115,159,0,13,0,13,0,13,12,23,0,13,2779,826,1177,428,22,47,10,21,70,83,59,61,13,35,5,18,140,184,226,198,104,132,281,148,36,49,161,169,50,70,1602,479,162,203,0,13,28,55,0,13,56,93,25,44,6,12,238,178,128,133,205,130,299,189,93,91,362,255
05119004310,Census Tract 43.10; Pulaski County; Arkansas,4053,577,86,67,17,29,0,13,0,13,0,13,0,13,0,13,0,13,0,13,0,13,0,13,0,13,0,13,17,29,0,13,69,50,0,13,0,13,0,13,0,13,0,13,0,13,0,13,44,45,0,13,0,13,17,28,0,13,8,13,3967,586,1928,366,86,88,0,13,127,81,210,122,0,13,69,60,71,78,196,93,407,159,284,174,183,108,207,103,88,51,2039,306,32,32,61,80,122,79,35,38,52,45,237,129,135,74,126,74,508,188,158,92,182,119,296,96,95,73
05119004311,Census Tract 43.11; Pulaski County; Arkansas,4159,647,54,51,36,41,0,13,0,13,0,13,0,13,0,13,11,17,0,13,0,13,15,24,10,15,0,13,0,13,0,13,18,30,0,13,0,13,0,13,0,13,0,13,0,13,0,13,18,30,0,13,0,13,0,13,0,13,0,13,4105,650,2107,358,70,58,27,36,117,49,182,77,161,190,64,51,146,82,93,80,231,68,284,120,307,107,269,156,156,48,1998,368,52,46,0,13,172,91,33,46,64,57,108,77,110,87,135,74,265,76,372,115,311,128,263,87,113,48
05119004400,Census Tract 44; Pulaski County; Arkansas,2002,559,288,141,77,50,0,13,0,13,0,13,0,13,0,13,0,13,0,13,14,27,27,26,8,14,17,27,11,17,0,13,211,132,0,13,0,13,0,13,0,13,0,13,0,13,95,110,0,13,14,19,0,13,28,40,45,37,29,45,1714,563,1096,451,12,23,10,15,66,93,0,13,0,13,0,13,27,45,365,373,238,178,141,82,118,75,99,72,20,31,618,226,16,26,0,13,0,13,9,15,0,13,0,13,24,19,125,81,183,161,103,68,122,76,17,24,19,32
05119004500,Census Tract 45; Pulaski County; Arkansas,1616,372,329,190,76,64,2,6,0,13,26,35,0,13,0,13,3,14,6,24,7,10,1,3,0,13,17,28,0,13,14,21,253,161,51,79,0,13,0,13,2,4,0,13,4,18,0,13,31,37,44,62,55,40,19,18,20,24,27,28,1287,373,690,200,0,13,0,13,10,12,75,81,0,13,0,13,64,50,77,50,188,116,41,32,117,47,85,49,33,23,597,234,6,10,0,13,35,25,40,59,21,35,28,32,54,64,70,69,52,57,121,60,49,42,66,42,55,43
05119004600,Census Tract 46; Pulaski County; Arkansas,1832,473,267,139,172,129,0,13,0,13,0,13,0,13,0,13,6,26,34,47,72,103,7,10,22,22,31,48,0,13,0,13,95,63,0,13,0,13,0,13,0,13,0,13,0,13,20,22,11,17,23,31,0,13,24,35,0,13,17,26,1565,455,776,274,31,38,30,43,25,40,0,13,0,13,0,13,50,53,106,90,191,129,143,117,87,77,70,58,43,31,789,306,45,54,0,13,5,15,0,13,0,13,0,13,154,230,145,82,47,43,177,116,76,57,92,54,48,37
05119004700,Census Tract 47; Pulaski County; Arkansas,3374,604,847,401,592,306,0,13,0,13,62,75,45,72,96,143,39,62,16,26,13,20,115,159,33,52,71,61,89,79,13,15,255,164,19,30,0,13,0,13,0,13,0,13,0,13,43,68,15,21,75,72,0,13,40,37,41,47,22,35,2527,410,1275,263,13,20,0,13,30,33,159,148,0,13,16,22,76,66,154,94,210,92,166,96,217,103,185,93,49,38,1252,232,128,72,0,13,47,42,0,13,24,34,75,82,30,37,22,24,254,99,243,133,168,71,158,84,103,67
05119004801,Census Tract 48.01; Pulaski County; Arkansas,2359,325,504,255,258,129,8,13,0,13,89,59,0,13,0,13,1,3,43,64,92,65,0,13,13,17,3,6,9,13,0,13,246,139,53,37,0,13,0,13,0,13,0,13,0,13,95,65,38,57,51,30,0,13,9,14,0,13,0,13,1855,348,867,193,50,43,26,41,18,28,47,23,0,13,11,18,57,60,250,130,183,74,87,34,76,45,49,31,13,27,988,232,36,32,0,13,31,32,0,13,0,13,0,13,45,39,160,77,170,63,118,57,295,183,60,39,73,65
05119004901,Census Tract 49.01; Pulaski County; Arkansas,2519,483,259,131,64,40,0,13,0,13,18,18,0,13,0,13,0,13,15,19,20,24,11,15,0,13,0,13,0,13,0,13,195,120,0,13,0,13,0,13,0,13,0,13,0,13,15,17,24,21,0,13,58,63,77,94,0,13,21,23,2260,454,1122,275,97,86,25,35,18,21,29,26,4,6,23,20,68,54,173,63,190,91,225,97,82,40,166,149,22,17,1138,229,89,70,3,5,43,38,10,15,18,18,27,26,121,73,179,51,181,95,157,68,156,113,75,39,79,48
05119004902,Census Tract 49.02; Pulaski County; Arkansas,3460,441,160,125,54,50,0,13,0,13,14,20,14,19,0,13,17,29,0,13,0,13,0,13,0,13,0,13,9,14,0,13,106,88,0,13,17,25,18,25,0,13,0,13,0,13,0,13,16,32,13,19,0,13,14,22,28,28,0,13,3300,440,1628,245,73,57,28,31,110,58,32,31,66,47,116,82,169,108,152,88,207,59,195,86,164,58,208,79,108,50,1672,295,48,45,0,13,188,102,39,42,0,13,35,43,0,13,174,88,156,45,297,123,250,91,382,248,103,41
05119980100,Census Tract 9801; Pulaski County; Arkansas,0,13,0,13,0,13,0,13,0,13,0,13,0,13,0,13,0,13,0,13,0,13,0,13,0,13,0,13,0,13,0,13,0,13,0,13,0,13,0,13,0,13,0,13,0,13,0,13,0,13,0,13,0,13,0,13,0,13,0,13,0,13,0,13,0,13,0,13,0,13,0,13,0,13,0,13,0,13,0,13,0,13,0,13,0,13,0,13,0,13,0,13,0,13,0,13,0,13,0,13,0,13,0,13,0,13,0,13,0,13,0,13,0,13,0,13,0,13
05119980200,Census Tract 9802; Pulaski County; Arkansas,45,29,15,16,15,16,0,13,0,13,0,13,0,13,0,13,0,13,15,16,0,13,0,13,0,13,0,13,0,13,0,13,0,13,0,13,0,13,0,13,0,13,0,13,0,13,0,13,0,13,0,13,0,13,0,13,0,13,0,13,30,24,6,8,0,13,0,13,0,13,0,13,0,13,0,13,0,13,6,8,0,13,0,13,0,13,0,13,0,13,24,19,0,13,0,13,0,13,0,13,0,13,0,13,5,7,8,11,7,11,0,13,0,13,4,7,0,13
05119980300,Census Tract 9803; Pulaski County; Arkansas,2491,611,166,90,76,60,19,16,14,13,16,22,0,13,0,13,0,13,12,13,10,14,0,13,0,13,0,13,0,13,5,7,90,44,16,19,0,13,0,13,0,13,0,13,0,13,21,15,31,24,0,13,10,16,7,10,0,13,5,7,2325,608,1078,198,109,46,18,17,127,62,8,12,0,13,14,15,167,84,317,88,190,71,48,37,17,16,57,59,6,8,1247,512,315,315,22,35,136,72,20,22,6,9,15,17,172,159,278,161,149,68,34,25,27,19,56,57,17,18
05119980400,Census Tract 9804; Pulaski County; Arkansas,574,194,264,179,111,66,9,13,0,13,20,31,0,13,6,10,0,13,0,13,0,13,32,12,7,9,14,23,23,40,0,13,153,126,33,39,0,13,19,31,20,33,0,13,0,13,0,13,0,13,24,30,34,62,15,24,0,13,8,12,310,114,140,51,0,13,0,13,0,13,0,13,0,13,0,13,9,13,12,18,14,14,0,13,56,37,34,27,15,18,170,79,0,13,0,13,9,13,0,13,0,13,0,13,16,17,9,13,9,12,31,31,67,43,15,17,14,16
05121960100,Census Tract 9601; Randolph County; Arkansas,4300,583,1014,300,535,172,34,31,0,13,82,66,29,29,0,13,83,52,101,68,18,21,27,27,22,23,104,60,16,13,19,23,479,165,19,17,12,18,32,39,28,32,0,13,42,53,43,46,30,22,93,59,82,57,73,46,4,4,21,18,3286,613,1703,373,37,37,9,15,90,55,147,108,67,66,19,18,61,31,211,80,203,95,237,74,291,134,178,55,153,77,1583,277,55,33,16,18,25,16,40,35,12,24,116,104,74,44,115,64,144,91,224,72,354,141,235,73,173,59
05121960201,Census Tract 9602.01; Randolph County; Arkansas,2094,470,304,148,155,85,5,9,22,32,40,34,13,20,0,13,12,19,0,13,7,12,19,19,6,10,0,13,4,6,27,47,149,100,8,11,0,13,20,22,23,26,0,13,12,19,28,32,15,23,18,19,0,13,19,22,1,3,5,10,1790,464,844,251,71,77,8,11,0,13,38,45,0,13,39,47,29,33,60,39,83,50,152,86,206,118,138,60,20,23,946,254,83,69,1,3,17,24,50,51,0,13,0,13,84,55,99,58,70,62,155,85,193,101,96,57,98,92
05121960202,Census Tract 9602.02; Randolph County; Arkansas,3931,530,553,313,193,135,51,57,0,13,38,45,0,13,0,13,0,13,0,13,0,13,35,56,0,13,12,20,45,40,12,21,360,196,24,39,15,27,11,28,60,64,0,13,0,13,22,31,62,60,69,73,3,8,15,25,35,37,44,40,3378,488,1788,249,41,42,8,14,83,62,110,79,19,30,38,39,193,109,229,121,215,116,209,98,213,100,234,72,196,100,1590,299,61,48,0,13,62,64,168,114,7,12,45,52,140,106,253,118,159,89,166,76,189,75,241,76,99,72
05121960301,Census Tract 9603.01; Randolph County; Arkansas,4159,547,850,404,404,236,46,59,22,26,136,109,8,11,0,13,0,13,0,13,77,93,42,63,50,43,10,17,0,13,13,20,446,191,90,102,0,13,10,12,0,13,0,13,0,13,34,35,71,68,39,56,90,74,45,39,37,32,30,30,3309,520,1621,285,75,58,33,39,115,72,42,48,0,13,52,51,159,67,187,98,274,100,237,85,111,55,159,58,177,117,1688,338,90,70,24,36,143,89,111,72,62,62,0,13,84,62,135,78,250,68,136,66,195,58,184,80,274,152
05121960302,Census Tract 9603.02; Randolph County; Arkansas,3873,446,1158,356,616,236,104,82,0,13,130,84,0,13,6,12,51,59,66,39,116,100,6,15,22,26,59,51,56,58,0,13,542,164,47,32,0,13,17,31,33,57,19,17,6,8,58,57,138,93,77,63,75,53,19,32,41,38,12,25,2715,565,1343,309,135,80,5,8,84,70,81,87,12,15,19,34,135,83,256,130,177,105,137,77,168,87,76,39,58,41,1372,340,116,106,11,20,200,125,0,13,0,13,19,33,78,49,222,133,161,107,141,87,180,101,177,66,67,40
05123960100,Census Tract 9601; St. Francis County; Arkansas,2040,312,473,191,196,96,12,24,0,13,0,13,21,28,7,12,0,13,3,7,27,32,0,13,30,38,25,21,55,44,16,15,277,128,7,10,0,13,26,29,15,19,0,13,23,29,18,18,4,5,42,33,4,7,56,43,69,52,13,16,1567,271,885,201,31,27,9,12,30,27,23,18,11,17,19,19,80,59,105,73,95,71,175,95,109,54,125,64,73,45,682,140,17,18,0,13,37,26,0,13,0,13,0,13,75,53,59,43,89,74,173,72,75,39,104,50,53,32
05123960201,Census Tract 9602.01; St. Francis County; Arkansas,1941,336,360,152,153,78,16,18,2,4,42,53,5,10,0,13,0,13,8,14,7,8,34,24,10,11,23,25,6,8,0,13,207,95,11,12,2,6,11,15,9,13,0,13,2,4,0,13,33,35,20,17,52,55,54,49,4,5,9,9,1581,315,844,209,20,18,6,9,55,32,56,52,0,13,21,32,85,78,131,73,106,60,55,43,152,78,113,89,44,25,737,161,65,47,12,10,66,50,5,8,24,28,26,28,27,21,79,36,94,59,75,48,128,74,75,39,61,32
05123960202,Census Tract 9602.02; St. Francis County; Arkansas,2730,330,506,212,152,96,0,13,0,13,18,27,34,54,0,13,10,19,33,49,0,13,0,13,3,6,15,23,39,41,0,13,354,134,32,36,0,13,11,17,11,17,0,13,0,13,15,21,56,52,0,13,77,64,106,73,41,34,5,8,2224,333,1210,236,31,44,0,13,59,66,17,25,2,6,55,64,7,12,129,79,141,60,175,106,112,56,288,108,194,80,1014,200,84,44,17,25,75,72,0,13,0,13,0,13,25,24,123,57,67,48,123,66,135,80,195,75,170,70
05123960300,Census Tract 9603; St. Francis County; Arkansas,2416,324,346,135,108,57,0,13,0,13,17,21,11,13,11,18,0,13,15,16,4,6,8,13,0,13,8,11,32,33,2,3,238,93,8,15,16,17,28,18,7,11,0,13,0,13,13,13,12,14,3,5,12,17,30,22,78,60,31,25,2070,324,1044,232,44,37,0,13,61,36,37,32,40,45,123,140,60,42,52,56,133,56,141,71,86,50,159,70,108,40,1026,181,16,23,17,24,88,47,52,31,23,30,8,14,96,74,22,17,186,83,123,52,92,40,201,76,102,46
05123960400,Census Tract 9604; St. Francis County; Arkansas,4320,584,1595,498,741,283,177,134,34,48,71,61,0,13,11,18,0,13,161,137,103,121,119,94,23,37,25,33,17,30,0,13,854,311,178,95,34,57,115,95,11,21,0,13,0,13,143,115,100,88,107,57,56,42,40,32,53,51,17,25,2725,688,1281,430,164,164,60,87,202,144,18,33,0,13,30,46,117,95,364,173,65,67,86,72,69,39,84,72,22,18,1444,371,0,13,0,13,154,120,141,177,0,13,15,26,62,55,390,163,61,63,273,110,102,65,139,83,107,71
05123960500,Census Tract 9605; St. Francis County; Arkansas,2888,498,518,212,307,153,0,13,0,13,27,35,30,47,0,13,27,40,46,73,93,71,0,13,26,27,54,54,4,23,0,13,211,116,0,13,0,13,0,13,0,13,0,13,39,58,17,26,0,13,0,13,39,43,17,28,89,77,10,17,2370,439,1128,319,8,15,38,49,54,67,72,67,56,64,56,64,107,84,246,179,164,132,40,53,154,80,80,61,53,35,1242,240,34,29,0,13,163,132,0,13,40,42,0,13,51,53,206,101,203,94,83,45,254,104,101,55,107,68
05123960600,Census Tract 9606; St. Francis County; Arkansas,3433,532,1705,441,823,257,155,104,0,18,151,110,0,18,21,24,11,19,32,38,61,61,101,70,20,35,172,102,99,69,0,18,882,251,224,123,0,18,61,58,44,61,0,18,0,18,137,104,60,58,76,61,54,58,152,91,37,45,37,42,1728,455,887,314,21,36,0,18,16,24,0,18,70,113,0,18,85,83,189,129,68,105,173,95,119,74,111,83,35,32,841,214,0,18,0,18,22,32,0,18,0,18,18,28,127,103,69,42,128,116,69,42,196,76,86,56,126,66
05125010101,Census Tract 101.01; Saline County; Arkansas,3736,514,489,204,134,93,25,37,0,13,10,15,10,15,0,13,0,13,9,15,28,42,0,13,22,22,11,17,19,20,0,13,355,151,18,31,26,39,8,12,8,13,0,13,0,13,63,66,48,42,0,13,91,75,68,57,25,24,0,13,3247,504,1684,280,178,135,0,13,65,65,64,66,34,58,7,13,144,112,212,114,165,114,406,156,153,70,148,75,108,80,1563,298,10,19,0,13,82,68,22,29,8,14,58,50,232,141,234,162,246,122,220,99,73,54,235,119,143,79
05125010104,Census Tract 101.04; Saline County; Arkansas,4163,730,137,120,52,76,17,25,0,13,0,13,0,13,0,13,0,13,0,13,0,13,35,52,0,13,0,13,0,13,0,13,85,89,0,13,0,13,0,13,0,13,0,13,0,13,0,13,0,13,17,29,0,13,0,13,0,13,68,88,4026,735,2105,422,113,71,19,29,156,102,315,227,70,74,180,101,92,88,185,131,151,67,474,143,161,105,83,68,106,92,1921,459,119,112,80,129,126,99,87,73,4,13,0,13,86,73,209,121,529,235,225,79,99,67,157,92,200,118
05125010105,Census Tract 101.05; Saline County; Arkansas,5198,822,72,59,22,25,0,18,0,18,0,18,0,18,0,18,0,18,0,18,3,6,2,5,4,6,0,18,0,18,13,23,50,45,0,18,0,18,0,18,0,18,0,18,0,18,2,5,0,18,0,18,0,18,0,18,2,5,46,44,5126,822,2223,439,166,131,44,60,127,118,18,43,0,18,44,55,174,103,299,133,469,252,311,134,132,79,395,226,44,42,2903,540,148,99,21,39,234,127,69,66,164,111,75,70,195,142,237,137,425,166,519,204,148,93,501,319,167,114
05125010106,Census Tract 101.06; Saline County; Arkansas,3174,472,198,189,108,98,2,4,0,13,25,39,25,39,0,13,0,13,0,13,2,5,39,58,0,13,0,13,15,23,0,13,90,92,25,36,0,13,0,13,0,13,0,13,0,13,0,13,2,4,40,59,0,13,23,37,0,13,0,13,2976,517,1420,264,24,36,13,26,47,53,111,95,0,13,31,31,59,62,372,204,353,135,141,85,173,110,31,27,65,70,1556,347,133,102,117,125,78,77,78,76,0,13,0,13,71,86,197,128,213,86,234,154,162,100,206,196,67,52
05125010107,Census Tract 101.07; Saline County; Arkansas,5985,684,1071,538,382,193,108,130,0,18,109,109,28,48,18,31,0,18,59,91,30,40,0,18,6,16,0,18,24,31,0,18,689,385,156,163,0,18,116,114,0,18,27,45,58,86,114,108,71,84,51,71,90,108,6,10,0,18,0,18,4914,644,2634,490,281,194,117,139,37,67,43,81,0,18,79,129,293,170,374,202,535,228,97,87,480,227,212,115,86,63,2280,440,377,243,0,18,126,130,125,130,21,34,0,18,196,151,451,216,213,137,152,122,312,136,165,81,142,96
05125010301,Census Tract 103.01; Saline County; Arkansas,4927,544,441,356,213,189,0,13,0,13,0,13,0,13,0,13,0,13,156,173,17,29,17,28,0,13,0,13,0,13,23,26,228,201,0,13,0,13,0,13,0,13,0,13,0,13,126,162,20,33,0,13,0,13,59,85,10,17,13,22,4486,501,2153,371,63,54,48,72,167,123,141,83,28,35,39,61,280,161,261,156,306,162,343,156,229,107,55,61,193,123,2333,276,130,90,37,44,143,86,39,46,108,77,86,89,386,196,281,137,250,120,427,204,107,74,227,142,112,63
05125010302,Census Tract 103.02; Saline County; Arkansas,4113,502,355,266,221,180,45,43,0,13,93,104,0,13,0,13,12,21,0,13,64,68,0,13,0,13,7,13,0,13,0,13,134,94,43,47,0,13,0,13,0,13,0,13,0,13,0,13,43,48,9,14,6,11,0,13,24,33,9,16,3758,590,2156,381,168,145,30,31,195,111,121,68,57,51,53,43,108,110,280,127,270,73,414,218,195,81,219,74,46,37,1602,291,55,42,5,12,101,72,44,47,18,25,46,42,157,100,249,112,255,131,149,77,259,79,173,52,91,56
05125010303,Census Tract 103.03; Saline County; Arkansas,4364,458,260,169,179,139,8,14,0,13,0,13,0,13,36,48,0,13,91,87,10,16,10,17,0,13,9,16,15,24,0,13,81,84,0,13,0,13,28,50,0,13,10,17,0,13,0,13,15,27,0,13,0,13,13,23,6,9,9,16,4104,446,2009,299,44,37,33,30,39,41,188,106,88,76,60,42,257,147,174,85,280,83,303,82,179,74,188,120,176,71,2095,288,113,77,20,24,137,72,82,52,64,68,53,64,172,110,170,82,302,58,376,106,264,108,149,65,193,86
05125010405,Census Tract 104.05; Saline County; Arkansas,4915,522,584,305,351,216,60,86,0,13,0,13,0,13,0,13,35,53,116,123,0,13,0,13,80,77,15,22,45,40,0,13,233,122,0,13,0,13,38,58,0,13,0,13,0,13,88,96,0,13,28,47,0,13,32,29,47,44,0,13,4331,468,2040,313,39,46,0,13,142,92,68,55,27,32,95,61,140,78,215,103,295,120,245,99,478,167,182,78,114,68,2291,247,87,56,0,13,95,73,92,55,29,33,81,65,189,94,247,115,339,86,291,124,369,117,306,114,166,78
05125010406,Census Tract 104.06; Saline County; Arkansas,5378,734,338,352,4,6,0,18,0,18,0,18,0,18,0,18,1,2,0,18,0,18,0,18,2,4,0,18,1,2,0,18,334,351,79,112,0,18,86,116,0,18,0,18,0,18,0,18,82,112,83,89,0,18,0,18,4,20,0,18,5040,797,2758,462,64,68,22,49,334,185,116,80,165,169,0,18,151,90,244,147,522,190,543,234,335,122,99,66,163,94,2282,438,13,21,67,65,147,129,252,120,30,47,88,71,116,120,134,87,377,151,326,138,172,81,343,112,217,175
05125010407,Census Tract 104.07; Saline County; Arkansas,4784,505,453,250,295,195,11,13,79,109,39,50,12,14,0,13,0,13,15,23,72,61,31,41,35,55,0,13,0,13,1,2,158,99,28,32,0,13,12,13,0,13,5,9,5,9,0,13,36,47,5,9,20,22,45,57,0,13,2,4,4331,511,2254,374,3,5,13,19,213,207,116,76,28,24,42,43,199,150,284,107,382,145,397,125,374,112,149,50,54,34,2077,295,85,57,10,16,196,73,153,89,9,16,67,53,107,70,174,78,288,101,290,104,318,99,141,57,239,179
05125010408,Census Tract 104.08; Saline County; Arkansas,7424,857,669,401,303,198,0,18,0,18,36,58,0,18,0,18,0,18,0,18,71,99,35,60,98,97,48,63,0,18,15,26,366,270,0,18,0,18,70,113,35,57,0,18,0,18,46,69,47,60,29,54,20,32,119,102,0,18,0,18,6755,799,3547,563,298,128,23,36,367,159,195,114,0,18,106,107,229,143,393,165,823,359,258,139,420,186,281,164,154,110,3208,480,100,89,0,18,244,150,109,100,0,18,59,85,49,61,405,168,666,268,540,225,402,156,361,162,273,119
05125010409,Census Tract 104.09; Saline County; Arkansas,2869,457,343,221,175,141,30,36,0,13,32,39,0,13,0,13,0,13,24,30,59,77,0,13,10,17,14,21,6,9,0,13,168,108,0,13,0,13,0,13,31,39,0,13,0,13,42,46,60,63,0,13,0,13,21,23,14,15,0,13,2526,532,1201,255,146,112,32,34,101,79,12,23,0,13,48,55,48,36,220,108,108,81,175,63,106,55,73,42,132,66,1325,335,88,98,78,111,67,72,133,82,0,13,34,39,82,59,126,105,103,62,176,78,183,70,156,98,99,63
05125010410,Census Tract 104.10; Saline County; Arkansas,2635,650,360,270,49,92,0,13,0,13,4,20,3,20,0,13,0,13,3,21,1,5,12,34,9,14,17,3,0,13,0,13,311,218,0,13,0,13,41,55,28,46,0,13,41,60,0,13,29,37,105,86,19,30,48,52,0,13,0,13,2275,627,1016,276,119,66,0,13,86,69,55,61,0,13,15,20,31,32,349,210,107,63,79,64,74,46,83,77,18,17,1259,430,192,139,0,13,72,73,34,41,7,12,0,13,47,49,434,263,144,124,116,82,129,72,63,50,21,18
05125010411,Census Tract 104.11; Saline County; Arkansas,6106,982,126,98,69,65,10,17,0,18,0,18,0,18,0,18,13,21,0,18,0,18,11,18,0,18,0,18,14,23,21,35,57,55,0,18,10,17,0,18,0,18,0,18,0,18,0,18,13,21,17,28,0,18,0,18,17,25,0,18,5980,996,2592,499,141,96,29,31,158,80,175,127,109,120,71,82,109,104,144,88,526,129,322,200,476,179,278,113,54,54,3388,704,108,61,54,58,248,126,309,328,114,73,77,66,213,149,390,173,606,327,348,221,413,228,255,109,253,112
05125010507,Census Tract 105.07; Saline County; Arkansas,4242,776,312,283,120,122,0,13,0,13,8,13,0,13,0,13,0,13,0,13,0,13,0,13,5,11,97,120,10,15,0,13,192,167,0,13,0,13,0,13,0,13,0,13,0,13,0,13,37,36,3,5,2,4,125,157,17,20,8,12,3930,763,1911,401,89,61,0,13,125,65,68,57,0,13,18,21,327,291,217,94,207,90,383,113,188,78,196,68,93,55,2019,412,75,44,11,17,115,71,101,61,49,54,63,57,283,207,245,101,178,63,388,161,196,96,219,85,96,56
05125010508,Census Tract 105.08; Saline County; Arkansas,4653,609,653,247,205,102,0,13,0,13,0,13,0,13,15,26,0,13,0,13,0,13,126,64,17,29,29,34,18,29,0,13,448,175,0,13,0,13,18,29,9,15,25,33,0,13,68,101,160,81,0,13,17,30,151,112,0,13,0,13,4000,673,2138,365,88,81,0,13,99,89,96,85,60,59,24,23,194,129,216,119,172,93,314,148,333,147,313,125,229,201,1862,380,75,76,65,92,23,33,48,50,31,35,70,67,141,112,229,126,193,102,208,79,259,118,307,104,213,227
05125010509,Census Tract 105.09; Saline County; Arkansas,5953,672,380,262,190,106,0,18,0,18,0,18,0,18,0,18,16,27,21,26,0,18,0,18,19,22,66,55,68,99,0,18,190,168,0,18,0,18,24,39,0,18,0,18,11,18,13,22,21,31,0,18,0,18,121,137,0,18,0,18,5573,650,2607,462,184,121,0,18,252,109,152,86,49,50,112,77,259,137,269,129,424,144,419,116,169,75,209,100,109,75,2966,474,240,98,33,33,348,205,130,84,35,61,59,52,246,164,253,125,616,178,375,142,243,78,193,74,195,140
05125010511,Census Tract 105.11; Saline County; Arkansas,6888,652,496,352,293,238,29,44,0,18,203,153,31,46,0,18,0,18,0,18,0,18,0,18,0,18,30,44,0,18,0,18,203,231,0,18,0,18,4,23,55,80,67,71,0,18,0,18,3,14,55,83,0,18,19,29,0,18,0,18,6392,712,3211,426,210,106,20,35,305,161,77,77,57,57,112,87,362,199,355,145,396,150,409,142,377,143,239,99,292,135,3181,468,127,94,18,26,112,86,156,122,108,96,39,41,237,137,424,187,513,213,373,172,536,145,354,104,184,106
05125010512,Census Tract 105.12; Saline County; Arkansas,3244,690,105,99,54,51,0,13,0,13,0,13,0,13,0,13,0,13,0,13,0,13,0,13,16,26,12,18,0,13,26,41,51,48,0,13,0,13,0,13,0,13,0,13,0,13,0,13,0,13,0,13,0,13,26,28,25,39,0,13,3139,708,1493,519,87,75,7,11,226,236,44,68,28,34,20,23,73,47,144,78,169,213,157,67,258,92,204,83,76,49,1646,382,42,29,0,13,44,28,19,23,0,13,40,34,70,41,483,335,181,136,148,92,314,92,183,73,122,72
05125010513,Census Tract 105.13; Saline County; Arkansas,3057,215,196,133,29,35,0,13,0,13,0,13,0,13,0,13,0,13,13,26,0,13,0,13,0,13,0,13,16,25,0,13,167,131,15,24,0,13,0,13,0,13,0,13,0,13,0,13,19,31,7,13,0,13,64,75,0,13,62,91,2861,215,1568,213,121,87,195,71,118,84,58,71,7,11,16,27,72,66,355,111,120,67,132,60,267,86,106,63,1,3,1293,207,48,56,40,47,103,66,88,71,0,13,18,24,57,51,260,96,196,92,96,68,205,82,103,62,79,58
05125010514,Census Tract 105.14; Saline County; Arkansas,2703,355,221,139,70,47,0,13,0,13,0,13,0,13,0,13,2,5,11,18,3,11,2,6,13,22,27,36,0,13,12,16,151,101,3,5,0,13,27,39,4,5,3,5,3,5,8,14,0,13,6,8,27,41,18,20,17,22,35,33,2482,335,1272,185,136,65,14,19,91,62,29,35,2,6,29,31,58,55,169,87,180,104,118,74,214,78,152,69,80,36,1210,193,78,51,7,14,35,37,77,90,22,34,33,39,121,93,106,71,113,66,244,85,186,94,114,49,74,40
05125010515,Census Tract 105.15; Saline County; Arkansas,2494,378,200,144,8,12,0,13,0,13,0,13,0,13,0,13,0,13,0,13,0,13,0,13,0,13,0,13,8,12,0,13,192,144,0,13,0,13,0,13,0,13,0,13,0,13,0,13,0,13,65,109,42,54,7,11,0,13,78,71,2294,363,1158,208,0,13,16,16,0,13,0,13,0,13,0,13,0,13,47,28,0,13,44,39,122,59,429,191,500,94,1136,201,0,13,0,13,16,16,23,34,0,13,13,20,0,13,35,20,24,28,30,35,129,44,512,195,354,106
05125010516,Census Tract 105.16; Saline County; Arkansas,1812,200,95,50,18,25,0,13,0,13,0,13,0,13,0,13,0,13,0,13,0,13,0,13,6,17,0,13,0,13,12,18,77,42,0,13,0,13,0,13,0,13,0,13,0,13,0,13,0,13,0,13,0,13,32,22,15,23,30,28,1717,206,801,126,0,13,0,13,0,13,0,13,0,13,34,37,24,44,9,18,28,25,68,62,79,52,248,110,311,103,916,128,7,14,0,13,0,13,0,13,0,13,0,13,0,13,57,46,27,16,94,76,219,99,151,54,361,99
05125010517,Census Tract 105.17; Saline County; Arkansas,3156,641,296,228,146,131,15,24,0,13,32,51,26,41,0,13,11,19,0,13,0,13,16,26,13,22,0,13,17,21,16,18,150,144,14,24,0,13,0,13,0,13,0,13,0,13,0,13,0,13,29,34,49,79,8,13,41,53,9,14,2860,615,1436,357,0,13,0,13,0,13,13,28,0,13,14,27,15,30,32,45,14,30,174,99,281,229,450,185,443,120,1424,287,28,39,0,13,0,13,0,13,61,57,0,13,0,13,28,40,16,30,295,179,115,67,470,179,411,138
05125010518,Census Tract 105.18; Saline County; Arkansas,3622,546,281,221,102,120,0,13,0,13,48,77,25,38,0,13,0,13,0,13,0,13,0,13,0,13,0,13,19,30,10,17,179,127,23,34,0,13,0,13,0,13,0,13,0,13,0,13,72,60,52,55,0,13,0,13,32,37,0,13,3341,568,1709,288,84,58,19,36,330,199,38,42,67,63,55,66,222,97,125,90,171,89,142,84,246,95,161,68,49,39,1632,369,106,87,37,56,75,64,134,131,14,29,40,44,157,117,221,147,173,106,276,100,261,110,103,43,35,38
05125010519,Census Tract 105.19; Saline County; Arkansas,4930,859,446,265,138,110,7,13,0,18,43,46,18,34,0,18,0,18,0,18,33,50,15,21,5,9,0,18,17,29,0,18,308,204,7,13,0,18,0,18,0,18,0,18,45,61,77,93,9,16,34,40,41,67,15,23,0,18,80,85,4484,903,1946,451,150,163,0,18,171,119,105,74,56,78,101,103,19,24,334,223,232,119,177,109,217,92,160,102,224,139,2538,533,210,164,0,18,335,189,115,100,36,52,121,102,28,35,349,263,284,104,220,138,358,204,275,161,207,97
05125010520,Census Tract 105.20; Saline County; Arkansas,1909,367,424,303,209,159,0,13,0,13,26,44,27,44,0,13,0,13,0,13,0,13,36,58,0,13,43,50,31,50,46,60,215,195,47,75,0,13,0,13,56,98,0,13,24,37,0,13,71,70,17,28,0,13,0,13,0,13,0,13,1485,391,678,178,29,38,93,94,42,54,82,83,0,13,14,23,17,24,76,63,91,68,123,108,41,43,46,51,24,28,807,327,24,34,11,22,118,93,62,92,0,13,11,22,98,63,34,36,244,188,72,52,65,80,39,41,29,30
05125010601,Census Tract 106.01; Saline County; Arkansas,3251,584,817,319,376,233,0,13,0,13,33,40,32,40,0,13,30,36,0,13,58,51,10,16,0,13,168,153,45,41,0,13,441,249,109,102,0,13,108,124,0,13,0,13,0,13,0,13,60,57,76,85,44,72,8,13,10,15,26,42,2434,597,1258,261,60,53,0,13,31,33,54,66,10,15,0,13,103,78,332,159,278,194,129,91,92,56,125,67,44,35,1176,398,14,22,0,13,146,159,20,25,22,28,175,136,157,84,102,68,221,118,119,62,71,49,40,30,89,46
05125010602,Census Tract 106.02; Saline County; Arkansas,2506,377,426,265,234,177,41,62,0,13,33,64,0,13,0,13,0,13,0,13,0,13,73,76,0,13,65,66,10,21,12,20,192,113,0,13,0,13,0,13,0,13,0,13,77,93,0,13,51,76,0,13,0,13,14,23,38,56,12,19,2080,376,892,221,12,25,22,34,93,85,38,59,0,13,54,74,15,24,63,60,187,83,76,63,229,80,77,60,26,30,1188,212,4,10,29,38,181,105,132,108,0,13,28,33,59,66,135,97,223,66,75,61,210,93,71,61,41,31
05127950100,Census Tract 9501; Scott County; Arkansas,3853,401,581,277,245,141,11,14,4,7,48,48,42,48,15,23,0,13,8,13,28,37,6,13,36,37,20,25,12,18,15,24,336,150,6,14,0,13,39,43,72,80,0,13,0,13,6,12,6,10,96,66,51,54,23,23,7,11,30,27,3272,447,1668,236,63,51,0,13,135,95,60,50,29,32,8,13,59,54,157,76,185,86,162,74,361,105,276,75,173,80,1604,266,102,89,40,61,125,77,0,13,0,13,45,36,93,65,209,74,106,69,163,71,317,86,182,64,222,80
05127950200,Census Tract 9502; Scott County; Arkansas,3808,291,828,335,435,248,7,15,0,13,52,46,64,63,25,35,20,30,51,54,41,36,81,82,58,59,21,33,0,13,15,20,393,150,6,11,0,13,24,34,0,13,23,32,0,13,34,43,26,29,56,57,25,30,78,49,102,64,19,19,2980,445,1708,323,173,105,25,24,184,103,44,47,0,13,103,54,209,78,246,93,86,61,254,86,147,78,124,61,113,58,1272,183,27,37,0,13,37,42,66,53,0,13,36,46,121,66,162,78,171,100,250,110,153,62,137,62,112,63
05127950300,Census Tract 9503; Scott County; Arkansas,2087,296,269,170,108,58,0,13,0,13,0,13,0,13,0,13,0,13,5,8,4,7,4,8,33,37,36,33,15,18,11,13,161,135,0,13,0,13,0,13,67,86,0,13,15,18,0,13,0,13,12,14,20,30,36,39,7,11,4,8,1818,270,969,168,80,55,9,13,131,51,32,19,27,28,10,15,37,33,96,59,165,76,66,44,116,52,122,53,78,48,849,158,30,31,0,13,79,57,0,13,0,13,27,27,41,35,91,41,142,67,54,48,157,54,159,53,69,61
05129970100,Census Tract 9701; Searcy County; Arkansas,2207,379,633,308,305,160,19,26,0,13,123,104,0,13,3,5,10,21,0,13,0,13,49,46,27,32,28,33,46,41,0,13,328,167,0,13,0,13,8,15,35,26,40,48,39,48,0,13,0,13,101,66,16,19,28,30,53,61,8,12,1574,355,818,235,7,14,0,13,107,87,4,7,23,23,0,13,8,10,160,117,63,48,75,58,134,65,107,60,130,68,756,178,51,43,0,13,0,13,11,21,17,25,0,13,97,72,72,52,36,31,178,73,68,36,169,66,57,43
05129970200,Census Tract 9702; Searcy County; Arkansas,3475,324,942,292,305,129,10,13,0,13,36,40,16,26,0,13,0,13,33,60,52,52,50,44,0,13,9,9,55,41,44,36,637,197,115,73,12,14,54,45,6,10,0,13,32,43,49,52,50,46,36,35,7,8,140,92,58,36,78,70,2533,326,1359,235,68,31,23,29,77,58,28,28,13,24,25,26,103,79,69,58,129,47,239,71,180,72,286,93,119,67,1174,170,36,35,5,11,103,58,27,23,0,13,11,18,56,49,193,60,136,52,110,46,209,57,162,60,126,47
05129970300,Census Tract 9703; Searcy County; Arkansas,2054,245,321,130,133,65,3,5,1,3,9,12,13,18,17,23,1,2,2,4,0,13,20,20,2,3,20,27,21,20,24,24,188,81,6,12,0,13,17,17,15,17,0,13,11,21,2,3,9,16,52,43,9,14,25,19,2,4,40,28,1733,241,968,189,63,38,16,15,10,19,13,20,0,13,41,35,115,79,39,40,72,48,135,58,281,123,123,51,60,43,765,118,14,22,19,27,36,32,25,26,27,35,21,27,40,33,60,32,25,24,163,76,125,60,99,42,111,55
05131000100,Census Tract 1; Sebastian County; Arkansas,6663,1005,2583,948,1230,491,88,92,0,18,74,111,254,246,0,18,109,113,102,92,32,45,248,176,119,139,159,118,20,31,25,40,1353,548,218,143,49,63,180,152,49,66,37,43,46,54,56,60,322,209,87,95,99,87,115,117,74,67,21,28,4080,729,2045,419,194,107,33,50,183,108,60,81,33,48,6,28,148,97,231,136,380,183,190,139,308,152,263,178,16,23,2035,409,95,89,0,18,332,154,140,116,30,50,0,18,147,90,235,133,376,211,263,178,246,122,138,75,33,37
05131000200,Census Tract 2; Sebastian County; Arkansas,5740,620,1405,471,548,194,99,81,0,18,44,41,9,17,0,18,27,38,17,27,109,95,45,51,105,83,73,78,8,13,12,21,857,341,82,84,0,18,128,113,0,18,41,50,15,23,60,66,217,179,103,71,105,82,70,58,28,28,8,13,4335,715,2098,412,80,71,9,16,327,181,153,107,1,3,18,21,339,160,189,100,201,134,269,122,190,82,199,107,123,94,2237,472,75,65,0,18,137,80,89,53,118,114,26,35,402,185,175,99,427,206,306,153,173,82,261,128,48,40
05131000300,Census Tract 3; Sebastian County; Arkansas,2306,387,547,269,244,151,29,47,0,13,23,38,0,13,0,13,51,48,20,28,13,20,9,14,32,32,29,44,8,10,30,22,303,133,0,13,0,13,18,30,13,22,9,17,0,13,0,13,0,13,74,83,91,76,35,45,28,34,35,59,1759,375,981,278,41,32,0,13,98,106,67,51,52,76,25,23,87,59,190,86,177,92,53,52,114,72,34,29,43,30,778,153,22,18,14,19,67,37,53,47,0,13,42,52,47,38,112,45,122,77,80,54,105,80,11,12,103,75
05131000400,Census Tract 4; Sebastian County; Arkansas,3034,644,1076,656,432,276,18,28,0,13,0,13,0,13,83,82,0,13,0,13,9,15,191,166,70,88,19,21,18,29,24,43,644,410,0,13,0,13,128,125,106,100,0,13,37,36,56,50,190,192,33,24,23,28,34,45,28,33,9,14,1958,437,1089,294,0,13,0,13,52,67,12,19,15,23,113,98,126,77,192,112,90,90,221,115,101,66,159,117,8,13,869,224,41,51,0,13,13,20,0,13,0,13,53,73,82,66,109,77,99,82,208,107,146,102,64,57,54,37
05131000501,Census Tract 5.01; Sebastian County; Arkansas,5482,822,2052,765,971,401,260,227,16,35,142,101,147,139,0,18,0,18,0,18,13,27,140,96,127,130,109,93,17,26,0,18,1081,397,71,87,12,19,117,89,0,18,0,18,193,156,172,129,138,84,168,141,29,56,122,106,0,18,59,52,3430,754,1680,399,76,74,0,18,162,115,109,109,0,18,69,89,116,109,358,200,283,250,148,113,175,129,152,105,32,39,1750,534,226,170,175,237,79,51,120,91,0,18,40,57,72,70,373,180,144,102,91,84,174,93,153,87,103,106
05131000502,Census Tract 5.02; Sebastian County; Arkansas,2573,432,542,409,280,208,26,39,1,5,10,18,77,123,0,13,0,13,46,57,33,30,0,13,45,66,10,16,32,41,0,13,262,214,11,20,0,13,66,86,0,13,45,66,8,15,0,13,18,25,42,53,10,16,0,13,62,67,0,13,2031,395,992,249,104,65,11,25,121,79,0,13,6,14,25,38,74,67,172,93,66,42,145,114,157,73,36,33,75,55,1039,223,37,29,8,13,95,60,43,38,28,42,19,28,60,57,144,97,44,43,178,104,129,63,159,89,95,62
05131000600,Census Tract 6; Sebastian County; Arkansas,4924,657,579,246,92,74,0,18,0,18,0,18,0,18,0,18,0,18,0,18,48,53,0,18,0,18,27,42,17,27,0,18,487,252,0,18,0,18,85,121,0,18,0,18,0,18,122,123,62,72,0,18,0,18,34,40,70,84,114,113,4345,629,2226,440,52,57,57,67,180,85,47,43,79,103,33,51,314,176,213,137,326,81,173,137,387,206,184,88,181,137,2119,358,50,51,50,56,108,94,76,64,25,35,96,85,100,83,225,169,262,65,245,140,340,132,258,108,284,159
05131000700,Census Tract 7; Sebastian County; Arkansas,4201,802,569,209,330,141,0,13,0,13,0,13,0,13,0,13,0,13,183,121,45,54,40,50,11,20,29,43,17,21,5,8,239,127,0,13,0,13,0,13,0,13,0,13,0,13,0,13,0,13,81,77,71,81,0,13,26,36,61,71,3632,813,1874,453,15,26,23,53,156,107,41,49,0,13,32,52,303,170,276,146,254,208,164,107,243,115,211,152,156,87,1758,452,109,79,10,25,112,83,32,53,3,15,0,13,328,171,232,128,315,173,140,97,252,99,143,82,82,50
05131000800,Census Tract 8; Sebastian County; Arkansas,4006,548,1147,439,492,232,0,13,98,148,35,59,3,21,0,13,0,13,53,70,13,22,41,39,80,77,94,103,69,90,6,9,655,252,25,37,0,13,15,27,0,13,0,13,17,27,189,107,26,42,46,48,116,106,64,50,13,22,144,125,2859,398,1582,310,167,110,66,60,56,45,38,66,15,25,45,56,174,123,371,141,99,74,157,92,230,108,108,53,56,45,1277,207,47,24,13,23,77,46,39,31,9,15,25,26,201,116,183,102,196,109,78,59,133,70,169,63,107,59
05131001001,Census Tract 10.01; Sebastian County; Arkansas,4084,769,1108,522,481,236,173,207,0,13,0,13,0,13,0,13,0,13,17,28,16,28,49,56,57,61,89,73,80,67,0,13,627,360,78,71,48,58,0,13,16,27,0,13,0,13,145,188,23,35,228,142,0,13,16,26,0,13,73,77,2976,603,1688,435,40,58,18,37,236,189,4,9,0,13,48,52,80,72,493,240,264,182,173,111,215,120,80,53,37,37,1288,303,55,61,0,13,5,9,54,59,0,13,37,42,38,45,249,126,125,101,229,149,201,134,197,93,98,64
05131001002,Census Tract 10.02; Sebastian County; Arkansas,2551,416,156,76,78,49,0,13,0,13,0,13,16,16,10,15,0,13,14,20,3,6,17,19,0,13,13,17,0,13,5,7,78,40,0,13,0,13,7,8,3,5,0,13,0,13,0,13,19,26,12,20,10,16,17,26,5,8,5,7,2395,414,1404,312,79,52,15,21,99,68,19,24,27,30,86,68,116,65,146,90,144,47,84,40,269,222,267,110,53,27,991,164,37,26,47,65,39,23,21,19,23,25,10,17,81,41,174,86,81,51,141,57,83,29,201,69,53,22
05131001101,Census Tract 11.01; Sebastian County; Arkansas,4215,628,235,125,90,74,0,13,0,13,0,13,0,13,0,13,0,13,9,16,29,35,0,13,0,13,52,62,0,13,0,13,145,119,0,13,0,13,0,13,0,13,0,13,0,13,0,13,66,102,0,13,0,13,16,21,27,33,36,44,3980,628,2133,437,178,102,0,13,331,241,60,49,57,84,32,55,223,136,445,177,111,82,222,133,250,152,162,80,62,50,1847,325,108,105,0,13,13,21,128,106,12,22,63,90,158,134,252,112,179,124,216,113,432,152,120,74,166,80
05131001102,Census Tract 11.02; Sebastian County; Arkansas,3452,404,409,219,214,139,16,29,0,13,0,13,0,13,0,13,30,39,35,47,76,76,17,32,0,13,17,31,0,13,23,28,195,107,0,13,0,13,17,33,30,36,0,13,0,13,52,64,0,13,63,49,11,18,11,16,11,15,0,13,3043,397,1488,228,17,19,83,73,102,89,98,91,0,13,27,39,168,117,322,147,161,82,218,89,129,76,116,51,47,30,1555,313,14,17,0,13,235,160,54,62,0,13,52,59,175,114,239,102,147,63,164,93,161,76,170,73,144,74
05131001201,Census Tract 12.01; Sebastian County; Arkansas,3996,780,508,248,291,143,72,81,0,13,47,54,47,39,12,21,19,30,0,13,27,32,35,37,11,19,21,33,0,13,0,13,217,119,39,59,0,13,34,36,0,13,0,13,0,13,20,21,36,38,67,54,11,17,10,16,0,13,0,13,3488,802,1482,304,20,30,30,39,317,228,0,13,0,13,19,28,161,105,107,70,130,77,280,152,141,66,142,66,135,74,2006,545,275,231,0,13,189,115,91,88,5,8,106,124,142,89,216,88,329,156,304,164,125,66,130,60,94,58
05131001202,Census Tract 12.02; Sebastian County; Arkansas,2617,388,818,265,422,171,52,61,0,13,30,32,0,13,0,13,34,40,32,54,58,48,39,33,121,89,41,47,0,13,15,24,396,140,18,28,16,28,14,17,0,13,0,13,72,58,25,35,34,34,52,46,70,64,69,40,0,13,26,26,1799,375,878,197,66,63,0,13,52,72,0,13,15,28,12,24,89,64,163,92,122,98,77,63,129,54,109,47,44,33,921,228,57,54,0,13,15,22,8,13,41,46,17,29,81,47,156,95,139,100,184,100,80,44,78,45,65,35
05131001301,Census Tract 13.01; Sebastian County; Arkansas,2429,296,104,72,46,54,0,13,0,13,0,13,0,13,0,13,0,13,0,13,0,13,28,51,0,13,0,13,18,20,0,13,58,36,0,13,0,13,0,13,0,13,0,13,0,13,8,13,0,13,0,13,0,13,0,13,37,29,13,19,2325,273,1281,238,48,54,0,13,130,76,206,130,23,41,10,18,75,37,57,46,143,61,175,73,167,94,116,56,131,72,1044,201,15,28,0,13,111,95,9,18,19,34,26,32,32,33,124,67,141,84,113,78,162,68,135,54,157,83
05131001305,Census Tract 13.05; Sebastian County; Arkansas,4735,676,356,207,177,136,0,13,0,13,17,31,0,13,0,13,0,13,0,13,99,130,0,13,0,13,48,41,13,19,0,13,179,143,20,35,0,13,0,13,0,13,0,13,17,30,0,13,8,17,17,29,70,89,8,13,11,17,28,45,4379,661,2229,372,56,51,40,46,61,61,189,117,18,28,96,72,266,187,203,132,307,99,204,93,293,106,354,191,142,80,2150,423,166,173,0,13,227,156,47,46,0,13,35,40,129,81,143,67,294,122,301,148,236,89,375,98,197,125
05131001306,Census Tract 13.06; Sebastian County; Arkansas,4873,1030,205,157,96,91,16,27,0,13,23,38,0,13,0,13,0,13,34,43,23,38,0,13,0,13,0,13,0,13,0,13,109,90,0,13,0,13,14,23,0,13,0,13,0,13,41,64,11,20,0,13,3,15,32,49,8,15,0,13,4668,1009,2055,368,179,71,11,19,110,77,8,20,34,47,27,34,121,91,416,128,281,208,138,84,418,157,260,130,52,55,2613,739,305,149,0,13,372,353,34,55,13,29,13,29,116,102,474,180,403,285,173,111,367,213,281,159,62,49
05131001307,Census Tract 13.07; Sebastian County; Arkansas,3270,577,464,183,290,141,0,13,0,13,0,13,0,13,29,40,0,13,0,13,184,136,15,19,6,20,17,18,22,31,17,25,174,92,0,13,0,13,31,45,0,13,0,13,0,13,4,7,15,25,26,36,10,14,48,26,18,26,22,33,2806,653,1161,292,267,218,0,13,25,36,0,13,0,13,47,68,72,61,254,118,79,107,175,108,67,54,99,70,76,59,1645,417,70,68,69,107,97,115,0,13,0,13,0,13,144,97,613,218,21,34,180,150,292,131,92,58,67,45
05131001308,Census Tract 13.08; Sebastian County; Arkansas,3994,417,659,261,211,153,48,43,0,13,23,41,0,13,0,13,48,63,0,13,7,20,0,13,5,8,2,6,70,106,8,14,448,173,56,50,0,13,0,13,12,29,0,13,0,13,210,115,26,50,39,39,0,13,56,60,32,41,17,21,3335,453,1372,285,0,13,0,13,69,59,15,35,66,68,23,40,183,130,152,102,279,116,37,45,255,149,166,85,127,84,1963,338,74,64,0,13,146,114,69,66,19,35,120,110,153,107,169,139,210,94,518,300,164,87,86,65,235,119
05131001309,Census Tract 13.09; Sebastian County; Arkansas,1612,365,319,175,212,122,0,13,0,13,0,13,37,55,0,13,0,13,21,32,0,13,82,98,11,18,41,53,0,13,20,14,107,96,0,13,0,13,39,59,0,13,0,13,0,13,10,15,0,13,8,13,0,13,10,17,18,23,22,27,1293,387,587,221,0,13,0,13,107,114,7,11,6,9,0,13,25,28,76,49,65,61,79,56,113,92,97,59,12,15,706,225,0,13,0,13,40,58,47,58,0,13,15,28,0,13,52,38,58,46,159,100,81,57,185,131,69,73
05131001310,Census Tract 13.10; Sebastian County; Arkansas,4921,778,361,263,213,179,30,56,19,35,16,27,0,13,0,13,0,13,0,13,18,36,49,81,29,32,25,41,15,26,12,21,148,104,0,13,0,13,4,7,3,7,16,27,0,13,0,13,51,59,11,21,13,28,23,36,2,7,25,30,4560,780,2024,490,290,237,0,13,46,48,57,61,0,13,62,71,81,80,426,218,183,84,392,179,226,188,144,92,117,79,2536,464,162,140,0,13,174,128,13,22,46,58,230,161,57,62,287,137,476,250,342,202,360,147,276,138,113,69
05131001311,Census Tract 13.11; Sebastian County; Arkansas,3964,534,120,127,71,78,0,13,0,13,0,13,0,13,25,40,0,13,0,13,0,13,29,45,17,26,0,13,0,13,0,13,49,51,0,13,0,13,0,13,0,13,0,13,0,13,27,42,0,13,0,13,22,34,0,13,0,13,0,13,3844,553,1676,302,37,42,0,13,97,96,10,14,0,13,163,125,108,90,164,89,195,78,267,134,303,164,214,96,118,66,2168,421,183,140,31,47,182,121,66,47,17,21,28,29,181,144,190,101,162,59,201,103,474,244,340,166,113,58
05131001312,Census Tract 13.12; Sebastian County; Arkansas,3896,581,604,410,118,98,0,13,0,13,0,13,0,13,0,13,0,13,67,84,0,13,42,47,0,13,0,13,0,13,9,16,486,339,0,13,0,13,107,121,0,13,0,13,52,71,50,72,96,86,50,75,18,32,91,71,14,18,8,15,3292,711,1653,426,70,64,9,16,152,149,86,103,0,13,59,69,63,78,302,153,124,95,271,147,143,130,118,71,256,189,1639,390,171,132,0,13,25,33,5,16,0,13,0,13,108,92,394,178,137,156,112,90,192,110,161,84,334,179
05131010101,Census Tract 101.01; Sebastian County; Arkansas,5775,690,253,112,123,62,0,18,12,21,4,8,4,7,4,7,16,18,16,21,0,18,4,5,28,33,16,19,7,8,12,19,130,66,4,7,0,18,2,5,6,10,0,18,8,15,38,35,0,18,31,23,16,18,11,11,8,13,6,9,5522,688,2804,396,109,81,14,17,423,241,57,48,14,15,22,23,113,64,309,101,324,111,456,138,367,155,328,107,268,180,2718,401,109,54,49,63,206,94,185,155,36,43,155,86,190,77,315,132,336,94,305,104,289,128,197,71,346,298
05131010102,Census Tract 101.02; Sebastian County; Arkansas,5807,480,251,166,92,76,11,16,10,18,0,18,0,18,0,18,0,18,4,7,9,18,10,15,7,8,17,26,0,18,24,31,159,114,10,18,0,18,3,5,2,6,0,18,0,18,12,21,12,13,6,12,4,9,0,18,77,91,33,34,5556,491,2838,335,200,106,101,86,173,99,78,54,115,83,159,116,242,123,369,150,424,184,428,128,207,73,156,106,186,92,2718,292,167,124,23,29,339,144,154,97,43,50,59,61,152,85,291,128,444,149,275,98,334,116,295,113,142,105
05131010201,Census Tract 102.01; Sebastian County; Arkansas,5066,749,454,238,229,151,35,49,28,38,0,18,0,18,0,18,0,18,13,21,56,59,0,18,35,42,1,5,40,62,21,27,225,158,41,51,19,30,0,18,0,18,0,18,0,18,56,61,17,25,0,18,28,32,9,14,26,30,29,28,4612,765,2440,571,154,141,50,52,286,180,91,67,21,20,36,42,220,155,104,59,315,106,395,169,224,95,417,227,127,76,2172,326,17,27,0,18,61,58,191,132,0,18,31,45,196,130,145,75,270,107,394,146,322,150,341,165,204,98
05131010202,Census Tract 102.02; Sebastian County; Arkansas,3864,443,753,363,329,181,12,18,30,41,72,58,0,13,0,13,0,13,91,100,51,47,10,16,37,56,10,16,16,28,0,13,424,244,59,62,38,57,43,58,10,17,0,13,9,14,31,48,87,70,30,46,58,73,8,13,51,42,0,13,3111,489,1579,305,78,60,22,25,138,64,36,41,0,13,92,62,90,76,333,141,174,90,227,85,203,108,73,44,113,105,1532,268,64,59,63,41,117,98,53,44,21,27,6,12,39,40,236,92,133,60,304,147,159,77,174,86,163,128
05131010301,Census Tract 103.01; Sebastian County; Arkansas,6013,693,882,302,371,174,17,19,16,17,22,22,25,33,0,18,0,18,10,13,29,23,47,42,94,127,23,27,49,64,39,34,511,219,32,33,2,4,23,30,37,46,3,5,23,32,35,27,26,25,30,33,16,16,160,195,95,55,29,29,5131,671,2668,446,159,96,42,36,247,106,35,35,55,51,47,46,53,34,288,115,649,290,252,85,453,111,284,73,104,56,2463,301,138,85,39,52,208,90,100,60,5,10,52,42,115,71,220,90,280,75,293,95,503,157,323,88,187,63
05131010303,Census Tract 103.03; Sebastian County; Arkansas,2771,424,764,359,397,244,51,47,38,37,60,45,0,13,1,3,22,24,59,76,14,18,85,100,17,21,40,43,1,3,9,12,367,137,39,57,2,4,23,22,0,13,0,13,0,13,55,40,41,25,36,33,44,45,72,59,3,4,52,62,2007,302,1043,172,90,64,8,9,84,41,16,17,20,18,22,21,137,70,96,43,143,55,103,63,160,81,99,48,65,41,964,185,106,57,0,13,74,50,41,27,2,4,43,46,41,28,172,130,95,33,144,58,93,35,76,39,77,42
05131010304,Census Tract 103.04; Sebastian County; Arkansas,3548,673,276,123,106,54,8,17,0,13,0,13,0,13,0,13,7,12,36,27,0,13,0,13,18,17,22,24,15,18,0,13,170,92,0,13,0,13,13,20,5,9,5,8,5,9,0,13,36,37,3,6,18,31,67,46,14,19,4,5,3272,662,1704,378,53,56,8,13,47,37,93,48,0,13,8,9,234,196,148,76,140,83,343,177,373,124,167,77,90,63,1568,358,78,61,29,25,119,91,106,90,0,13,120,109,120,51,135,67,131,47,200,143,196,65,266,71,68,47
05133080100,Census Tract 801; Sevier County; Arkansas,3320,441,692,243,396,172,2,4,2,3,91,68,0,13,18,27,42,56,73,62,5,11,52,62,43,46,66,69,2,4,0,13,296,108,0,13,0,13,15,21,10,16,0,13,26,33,21,34,0,13,49,32,70,70,28,29,27,31,50,35,2628,477,1433,322,75,50,8,13,147,124,154,139,0,13,29,26,85,72,217,141,64,43,213,84,226,97,148,53,67,44,1195,234,37,40,1,2,132,91,26,20,8,12,26,27,111,71,153,94,169,75,127,63,148,61,158,57,99,55
05133080200,Census Tract 802; Sevier County; Arkansas,3858,380,899,273,438,160,90,80,3,6,45,40,8,14,3,5,22,11,4,8,132,80,61,67,13,19,47,31,9,15,1,2,461,142,42,47,19,24,27,29,46,24,0,13,0,13,80,62,63,53,67,50,55,40,48,42,6,9,8,9,2959,353,1557,222,97,48,42,47,48,35,89,48,0,13,61,37,178,93,199,83,148,54,134,60,187,70,306,70,68,37,1402,208,94,51,36,32,139,56,27,24,19,18,36,27,64,57,148,68,212,77,115,61,230,86,227,81,55,34
05133080300,Census Tract 803; Sevier County; Arkansas,5571,259,995,442,460,215,19,28,62,60,76,90,72,50,39,64,3,8,0,18,0,18,78,64,0,18,22,36,11,20,78,80,535,274,34,31,0,18,62,69,13,27,41,53,12,13,35,34,103,98,103,75,12,21,120,101,0,18,0,18,4576,454,2213,262,229,87,0,18,144,86,10,17,59,59,12,24,279,137,225,77,354,142,461,179,267,99,135,79,38,43,2363,335,129,63,0,18,367,101,73,53,94,48,113,58,380,150,218,118,312,135,261,116,167,85,184,101,65,44
05133080400,Census Tract 804; Sevier County; Arkansas,2784,386,463,206,154,99,36,37,0,13,37,39,0,13,0,13,0,13,5,8,27,37,0,13,20,22,26,36,2,4,1,2,309,151,22,28,15,21,77,75,21,24,2,4,0,13,5,8,80,64,25,29,10,9,24,21,22,35,6,8,2321,367,1164,231,44,38,11,12,111,70,50,37,42,48,33,35,239,104,77,44,119,63,106,46,168,51,60,35,104,46,1157,210,192,71,0,13,71,43,45,36,31,34,22,15,104,107,88,45,132,61,115,52,104,36,123,65,130,62
05135470100,Census Tract 4701; Sharp County; Arkansas,1939,377,277,124,124,72,0,13,0,13,11,15,11,16,0,13,1,3,0,13,42,49,7,13,17,18,25,22,10,23,0,13,153,87,16,20,0,13,9,15,0,13,0,13,13,19,0,13,18,19,0,13,15,19,54,50,27,30,1,2,1662,329,792,150,0,13,0,13,46,42,32,34,17,17,31,23,46,35,28,31,67,44,122,56,160,89,155,50,88,47,870,207,0,13,5,7,63,56,19,15,0,13,14,21,34,31,63,69,93,44,137,68,183,97,154,49,105,58
05135470201,Census Tract 4702.01; Sharp County; Arkansas,2745,419,607,270,248,133,108,105,0,13,8,10,0,13,0,13,3,7,5,9,4,9,0,13,25,32,47,32,47,34,1,3,359,162,60,57,0,13,38,42,4,7,12,20,0,13,65,54,5,7,15,21,22,27,47,36,18,25,73,64,2138,470,1050,251,2,3,38,55,103,86,91,79,0,13,1,2,159,83,80,73,67,52,104,71,92,61,188,82,125,50,1088,263,47,59,0,13,50,52,52,48,29,47,16,25,83,45,98,78,138,116,139,59,137,68,171,78,128,66
05135470202,Census Tract 4702.02; Sharp County; Arkansas,2999,280,607,207,244,110,23,32,0,13,32,30,2,4,0,13,0,13,6,10,2,4,76,56,58,53,18,28,3,5,24,32,363,131,19,19,6,12,10,14,0,13,0,13,21,26,6,12,82,71,52,54,29,36,20,25,111,80,7,13,2392,306,1252,179,79,63,61,55,6,9,15,17,21,28,35,35,70,62,18,22,145,66,143,103,244,129,184,85,231,67,1140,205,48,51,29,31,86,65,20,26,5,12,2,5,51,45,76,65,153,71,59,54,229,104,143,66,239,85
05135470300,Census Tract 4703; Sharp County; Arkansas,3626,327,507,196,282,139,4,7,0,13,2,3,6,7,0,13,2,3,0,13,81,79,20,22,23,28,92,61,49,33,3,4,225,73,4,6,5,8,3,7,0,13,0,13,0,13,0,13,19,21,13,12,37,27,88,56,29,19,27,30,3119,347,1530,246,72,59,0,13,78,58,24,22,44,42,39,23,138,58,192,93,191,73,178,65,169,62,219,92,186,52,1589,198,70,41,4,7,92,42,38,27,0,13,14,15,90,67,127,55,130,68,213,55,234,73,370,128,207,75
05135470401,Census Tract 4704.01; Sharp County; Arkansas,3152,555,526,297,234,162,10,17,0,13,24,36,48,71,0,13,22,26,12,18,0,13,21,32,55,64,27,29,4,8,11,16,292,166,0,13,9,17,30,36,19,23,0,13,31,49,0,13,41,41,26,31,0,13,82,87,54,51,0,13,2626,599,1366,348,109,102,35,56,26,29,46,53,0,13,24,28,99,75,289,114,101,55,175,92,265,131,127,71,70,44,1260,316,105,57,5,8,132,138,12,15,0,13,91,89,130,79,200,90,89,65,144,82,150,107,116,63,86,61
05135470402,Census Tract 4704.02; Sharp County; Arkansas,2816,373,473,157,202,78,4,6,0,13,12,14,16,14,0,13,5,8,8,8,4,6,14,14,58,53,30,26,26,29,25,28,271,110,27,25,0,13,20,15,5,6,6,10,14,15,39,32,21,21,17,16,40,34,40,46,20,16,22,16,2343,413,1218,260,42,33,44,39,115,73,49,56,67,57,89,49,92,54,78,54,157,79,97,42,116,56,200,106,72,31,1125,253,18,14,2,3,117,62,51,50,8,13,37,55,75,60,81,45,204,113,196,64,118,46,157,54,61,29
05137950100,Census Tract 9501; Stone County; Arkansas,4728,594,875,275,485,177,0,13,15,22,47,34,41,42,21,25,0,13,81,50,0,13,76,62,68,55,69,54,31,40,36,34,390,143,37,33,0,13,44,41,32,32,0,13,0,13,0,13,74,57,73,58,51,40,24,26,32,35,23,23,3853,597,2175,419,167,75,12,20,196,131,62,55,8,15,83,59,174,47,216,117,143,79,184,101,436,108,394,160,100,57,1678,265,119,70,29,28,139,65,41,39,22,34,14,25,55,54,230,70,136,64,232,80,239,85,208,84,214,113
05137950201,Census Tract 9502.01; Stone County; Arkansas,1300,277,283,142,147,85,14,21,0,13,7,11,15,27,0,13,5,13,20,24,6,9,35,43,15,14,15,24,10,11,5,9,136,69,5,7,0,13,10,15,0,13,7,18,6,12,8,11,0,13,25,30,33,28,18,20,23,19,1,3,1017,255,465,117,22,31,0,13,12,15,13,18,0,13,0,13,11,13,34,45,84,59,38,28,128,55,34,21,89,54,552,190,12,11,7,10,37,27,18,15,0,13,15,22,42,38,36,30,112,94,40,24,45,19,97,65,91,50
05137950203,Census Tract 9502.03; Stone County; Arkansas,2720,408,835,272,371,179,66,58,0,13,65,52,14,22,50,34,0,13,0,13,9,14,53,50,0,13,92,99,22,27,0,13,464,153,85,46,0,13,8,11,8,13,7,16,0,13,102,58,47,51,49,48,24,40,60,65,37,33,37,26,1885,334,931,219,36,36,16,26,92,61,0,13,43,53,0,13,70,50,138,113,99,63,174,112,98,77,71,42,94,73,954,200,45,43,17,38,104,65,30,35,0,13,9,18,129,98,118,85,67,57,112,68,196,112,86,66,41,38
05137950204,Census Tract 9502.04; Stone County; Arkansas,3611,494,672,333,187,112,0,13,0,13,15,26,15,27,0,13,0,13,0,13,102,104,0,13,16,23,21,36,8,14,10,17,485,259,26,40,0,13,42,63,22,37,0,13,0,13,0,13,21,36,2,12,24,41,143,101,85,72,120,128,2939,472,1356,295,4,11,0,13,25,26,20,38,17,31,41,63,47,39,72,89,142,98,179,81,87,58,384,149,338,104,1583,300,0,13,0,13,49,48,36,54,65,49,81,47,95,71,74,75,106,110,131,76,252,137,396,100,298,118
05139950100,Census Tract 9501; Union County; Arkansas,2853,491,574,252,199,117,0,13,0,13,0,13,11,21,1,3,0,13,0,13,5,9,7,13,7,12,9,15,107,102,52,37,375,197,96,99,0,13,6,13,0,13,0,13,0,13,0,13,134,80,1,3,6,13,76,87,14,17,42,27,2279,555,1080,249,0,13,0,13,26,37,45,52,12,19,0,13,44,52,96,74,241,179,70,53,414,171,111,65,21,19,1199,388,14,24,0,13,189,176,64,98,0,13,144,91,27,23,44,63,90,82,158,80,189,123,155,72,125,85
05139950200,Census Tract 9502; Union County; Arkansas,3489,420,725,278,346,165,80,96,0,13,18,28,11,19,0,13,0,13,1,2,0,13,23,25,85,62,67,77,61,68,0,13,379,160,11,19,0,13,11,17,11,17,0,13,0,13,57,58,14,16,56,73,79,69,62,76,64,64,14,16,2764,418,1324,283,49,38,4,6,100,79,50,44,0,13,64,50,56,50,143,80,144,89,168,67,266,129,127,56,153,63,1440,229,36,38,51,47,98,58,81,58,6,14,26,32,33,37,68,36,284,135,237,76,205,74,172,64,143,57
05139950300,Census Tract 9503; Union County; Arkansas,2653,440,443,180,197,101,0,13,8,13,0,13,10,18,0,13,0,13,52,62,28,31,27,38,32,35,10,16,24,30,6,9,246,110,30,50,0,13,36,47,7,11,25,32,7,11,18,30,42,38,26,26,0,13,18,20,28,24,9,14,2210,434,1212,314,26,26,0,13,136,103,82,74,8,14,28,34,102,97,51,44,206,107,141,52,176,83,153,64,103,46,998,169,15,16,0,13,60,37,10,9,29,34,45,40,50,43,23,25,130,75,172,71,155,59,228,105,81,34
05139950401,Census Tract 9504.01; Union County; Arkansas,1817,379,227,162,121,114,0,13,0,13,0,13,0,13,0,13,0,13,16,13,0,13,0,13,29,40,64,102,12,20,0,13,106,106,46,36,0,13,0,13,0,13,0,13,0,13,39,66,0,13,0,13,0,13,0,13,0,13,21,35,1590,425,772,232,37,58,29,44,85,86,38,50,0,13,0,13,107,105,50,50,66,62,59,46,56,42,192,88,53,54,818,276,60,75,0,13,49,55,21,35,0,13,0,13,131,114,91,68,143,106,62,56,44,39,143,100,74,56
05139950402,Census Tract 9504.02; Union County; Arkansas,3744,609,399,182,96,73,0,13,0,13,0,13,0,13,13,25,4,9,0,13,0,13,10,16,0,13,51,64,0,13,18,29,303,155,5,8,0,13,0,13,12,22,0,13,9,15,15,19,8,13,21,20,5,8,225,144,3,6,0,13,3345,589,1663,387,105,85,10,16,191,115,78,49,37,49,127,98,157,82,96,57,270,154,193,81,179,96,120,57,100,58,1682,296,46,42,0,13,218,135,26,34,6,9,75,102,56,59,127,74,154,72,460,168,195,85,203,83,116,61
05139950501,Census Tract 9505.01; Union County; Arkansas,3273,392,479,221,249,163,113,107,8,16,9,15,0,13,0,13,0,13,24,31,10,14,16,25,4,7,21,25,30,42,14,21,230,119,47,44,13,17,7,14,8,14,0,13,32,39,18,21,46,43,25,23,0,13,5,8,12,14,17,23,2794,378,1420,292,76,52,0,13,73,51,154,82,16,26,85,56,137,87,196,93,130,58,165,80,190,65,134,43,64,34,1374,225,29,39,36,37,66,44,68,58,27,41,26,30,151,124,115,50,147,64,158,73,256,98,173,60,122,66
05139950502,Census Tract 9505.02; Union County; Arkansas,2614,538,413,268,133,126,37,53,0,13,0,13,0,13,17,40,0,13,23,51,28,43,0,13,28,49,0,13,0,13,0,13,280,165,35,52,0,13,0,13,0,13,0,13,27,46,25,35,36,53,9,20,0,13,103,93,20,29,25,40,2201,561,992,244,0,13,0,13,24,40,0,13,0,13,98,112,79,76,63,57,95,65,282,111,98,66,220,49,33,39,1209,364,109,97,64,71,110,97,82,71,22,36,0,13,83,112,111,77,110,79,190,87,126,85,151,52,51,42
05139950600,Census Tract 9506; Union County; Arkansas,3425,598,926,324,479,213,0,13,0,13,47,56,27,44,0,13,0,13,73,67,149,150,29,34,54,56,51,43,31,46,18,20,447,155,8,13,0,13,0,13,53,58,0,13,11,23,82,62,109,69,11,16,81,56,28,27,28,29,36,41,2499,557,1342,369,304,219,0,13,42,52,38,47,0,13,37,45,229,120,138,74,156,90,98,73,95,66,90,45,115,60,1157,279,10,24,0,13,71,55,59,55,36,40,0,13,109,106,246,153,172,82,107,63,131,117,113,51,103,51
05139950700,Census Tract 9507; Union County; Arkansas,4670,529,462,225,141,104,0,13,0,13,36,59,0,13,0,13,0,13,0,13,0,13,25,37,43,65,5,13,32,38,0,13,321,160,0,13,0,13,0,13,23,38,0,13,0,13,0,13,122,118,0,13,38,52,23,36,82,89,33,37,4208,526,2228,350,66,74,18,31,342,157,66,86,0,13,127,118,190,114,390,161,302,148,239,112,97,71,169,91,222,131,1980,374,54,63,26,41,284,165,188,124,49,55,52,83,41,57,252,117,383,171,176,91,105,67,211,142,159,81
05139950800,Census Tract 9508; Union County; Arkansas,3129,510,769,385,355,171,17,30,50,57,90,84,19,35,0,13,0,13,0,13,33,38,47,44,24,31,31,40,24,27,20,38,414,275,164,148,0,13,49,52,0,13,0,13,0,13,20,28,85,91,21,27,0,13,32,30,43,56,0,13,2360,470,1158,266,30,35,0,13,81,63,29,37,0,13,36,38,51,56,123,103,209,93,209,93,154,52,172,69,64,38,1202,259,34,40,0,13,46,46,17,27,0,13,56,56,107,67,124,74,138,86,209,138,209,70,123,63,139,74
05139950900,Census Tract 9509; Union County; Arkansas,2174,452,809,410,376,238,83,125,0,13,92,105,25,41,0,13,0,13,0,13,7,26,16,18,111,87,42,42,0,13,0,13,433,201,24,46,0,13,84,90,0,13,0,13,0,13,16,27,74,99,44,45,5,9,72,48,28,41,86,79,1365,361,675,219,0,13,0,13,114,103,35,62,24,42,16,29,0,13,146,120,47,34,69,51,109,62,94,27,21,25,690,214,6,13,0,13,49,87,47,49,0,13,29,51,93,74,140,84,26,27,92,64,69,37,96,26,43,41
05139951000,Census Tract 9510; Union County; Arkansas,3917,750,1101,740,396,268,0,13,0,13,103,94,58,63,0,13,13,23,20,33,0,13,60,73,77,127,41,41,0,13,24,34,705,507,126,150,43,75,76,81,0,13,0,13,0,13,0,13,91,84,205,182,91,73,18,18,55,50,0,13,2816,531,1487,352,84,96,67,111,65,72,31,49,0,13,90,106,95,104,497,211,35,40,90,67,276,114,88,53,69,60,1329,307,85,111,0,13,71,72,0,13,0,13,0,13,301,134,91,70,222,96,82,76,230,99,118,70,129,81
05141460100,Census Tract 4601; Van Buren County; Arkansas,4002,518,629,250,271,126,0,13,0,13,0,13,0,13,0,13,18,31,33,56,29,32,47,57,23,27,43,35,78,60,0,13,358,172,0,13,19,37,32,67,30,51,0,13,0,13,0,13,0,13,47,56,69,57,94,67,49,49,18,17,3373,574,1685,311,148,68,6,10,173,103,0,13,25,40,206,114,117,87,174,86,264,174,118,67,197,59,184,77,73,39,1688,343,64,50,18,39,346,186,36,51,0,13,0,13,84,64,211,98,313,131,202,97,193,70,117,58,104,42
05141460200,Census Tract 4602; Van Buren County; Arkansas,3104,391,746,248,315,114,36,24,0,13,44,30,0,13,0,13,0,13,22,27,35,34,16,23,45,39,69,66,39,49,9,14,431,180,21,27,0,13,63,46,0,13,0,13,21,19,60,60,33,31,74,73,20,20,13,22,108,83,18,22,2358,373,1161,229,35,22,0,13,99,65,68,60,17,25,45,45,63,74,64,45,195,101,201,81,171,48,122,56,81,40,1197,216,39,41,11,18,107,68,56,39,64,77,36,35,54,57,84,42,156,54,125,63,191,69,177,68,97,46
05141460301,Census Tract 4603.01; Van Buren County; Arkansas,1713,249,328,107,142,55,0,13,0,13,20,26,0,13,0,13,0,13,20,18,18,24,6,9,36,25,25,30,17,19,0,13,186,70,13,17,0,13,0,13,20,31,0,13,8,19,7,11,19,25,15,17,22,22,66,35,0,13,16,15,1385,265,604,135,16,17,17,21,16,21,0,13,7,11,0,13,32,34,35,24,34,25,47,34,97,57,182,70,121,55,781,164,12,14,0,13,0,13,5,9,16,24,7,11,12,18,55,35,38,28,33,30,123,51,196,101,284,112
05141460303,Census Tract 4603.03; Van Buren County; Arkansas,1494,203,168,105,117,87,11,18,8,13,8,13,0,13,0,13,0,13,0,13,32,45,7,14,11,18,21,22,13,15,6,10,51,41,0,13,0,13,0,13,0,13,0,13,0,13,17,32,10,15,0,13,0,13,6,9,8,13,10,13,1326,199,636,138,10,14,0,13,47,48,0,13,0,13,0,13,30,35,53,48,64,50,60,40,116,71,103,45,153,58,690,110,18,25,7,12,0,13,8,15,25,21,0,13,8,9,59,43,24,21,56,34,155,53,128,59,202,86
05141460304,Census Tract 4603.04; Van Buren County; Arkansas,1847,311,441,204,154,75,35,42,0,13,0,13,0,13,0,13,0,13,13,19,15,20,13,20,12,14,43,45,11,11,12,20,287,156,87,66,0,13,13,22,0,13,0,13,0,13,52,73,15,24,10,16,53,36,21,17,30,27,6,9,1406,259,755,163,0,13,19,28,99,73,21,33,11,17,0,13,59,50,36,29,24,27,123,62,139,65,135,59,89,48,651,126,13,19,0,13,0,13,0,13,0,13,0,13,40,42,43,34,53,39,101,51,166,69,145,48,90,44
05141460400,Census Tract 4604; Van Buren County; Arkansas,3582,375,757,243,450,157,6,9,0,13,31,44,0,13,0,13,26,41,0,13,40,35,9,16,76,50,138,80,63,63,61,65,307,120,5,8,9,15,15,21,0,13,0,13,0,13,56,57,34,34,15,18,85,59,35,48,43,29,10,12,2825,405,1630,250,69,46,20,23,88,43,102,77,2,4,79,59,122,73,133,51,118,72,322,123,202,83,191,74,182,79,1195,212,32,21,0,13,18,22,4,5,16,23,3,5,100,70,102,62,119,49,124,60,309,81,198,93,170,68
05143010101,Census Tract 101.01; Washington County; Arkansas,4312,625,462,221,162,93,0,13,0,13,14,22,0,13,0,13,0,13,18,29,14,19,0,13,18,30,70,76,21,24,7,10,300,173,0,13,0,13,0,13,0,13,0,13,0,13,16,27,24,25,35,41,15,28,58,53,136,150,16,18,3850,619,1993,350,159,104,0,13,133,78,36,58,60,78,37,43,80,63,223,84,262,118,344,172,281,86,193,87,185,145,1857,358,55,42,86,105,192,139,188,161,0,13,39,44,155,91,221,89,202,109,215,82,269,108,133,51,102,77
05143010107,Census Tract 101.07; Washington County; Arkansas,6607,595,498,324,218,166,43,67,0,18,0,18,0,18,0,18,0,18,108,127,38,62,0,18,0,18,0,18,29,35,0,18,280,249,0,18,0,18,66,103,33,52,0,18,0,18,13,21,58,70,53,77,0,18,41,61,16,27,0,18,6109,647,3058,366,209,110,17,26,259,132,90,58,19,34,40,48,215,115,671,238,459,166,304,87,292,104,279,133,204,83,3051,447,262,144,86,97,332,145,36,43,0,18,62,55,200,111,384,148,547,251,287,111,338,137,306,113,211,90
05143010108,Census Tract 101.08; Washington County; Arkansas,5772,533,184,122,122,97,0,18,0,18,0,18,21,30,0,18,0,18,0,18,11,17,5,8,25,39,4,7,43,63,13,20,62,49,0,18,0,18,0,18,0,18,0,18,0,18,13,21,2,5,0,18,16,27,0,18,19,25,12,20,5588,533,2712,306,44,46,47,49,376,142,251,115,55,43,66,55,182,153,169,98,244,86,544,135,310,127,266,91,158,77,2876,364,140,91,56,54,278,117,129,73,113,76,111,88,105,62,146,94,376,100,659,222,306,128,246,90,211,90
05143010109,Census Tract 101.09; Washington County; Arkansas,3087,365,109,73,49,35,0,13,0,13,10,14,0,13,0,13,1,2,0,13,12,20,5,8,1,2,7,11,10,16,3,4,60,46,5,11,0,13,5,8,5,8,0,13,0,13,0,13,20,25,0,13,4,7,21,22,0,13,0,13,2978,368,1584,213,91,96,0,13,74,47,87,55,6,8,66,41,64,60,200,96,248,157,310,98,139,64,193,84,106,49,1394,228,104,76,17,24,79,63,56,46,17,26,59,46,61,54,128,54,355,149,112,71,94,56,215,70,97,55
05143010110,Census Tract 101.10; Washington County; Arkansas,4750,760,1032,417,492,243,0,13,27,46,144,108,0,13,0,13,0,13,49,57,17,34,171,154,0,13,75,67,9,13,0,13,540,302,51,92,0,13,70,72,0,13,0,13,0,13,56,65,0,13,26,39,95,111,234,267,8,12,0,13,3718,825,2294,653,96,83,0,13,244,105,200,179,0,13,0,13,405,259,208,129,267,142,177,108,526,248,111,57,60,39,1424,308,39,55,0,13,72,81,69,66,25,44,65,97,96,89,164,119,322,165,232,104,175,88,83,46,82,60
05143010111,Census Tract 101.11; Washington County; Arkansas,2051,539,488,506,103,90,0,13,0,13,0,13,9,15,0,13,0,13,13,22,16,25,0,13,0,13,60,86,0,13,5,8,385,495,0,13,0,13,0,13,0,13,0,13,0,13,362,492,0,13,13,20,10,17,0,13,0,13,0,13,1563,217,708,120,14,18,0,13,31,29,39,46,7,13,23,29,67,56,147,88,93,56,64,45,57,42,105,51,61,39,855,199,37,36,0,13,43,34,15,23,18,30,0,13,29,32,140,95,120,73,126,74,83,50,206,83,38,26
05143010112,Census Tract 101.12; Washington County; Arkansas,2593,483,19,21,9,14,0,13,0,13,0,13,0,13,0,13,0,13,9,14,0,13,0,13,0,13,0,13,0,13,0,13,10,15,0,13,0,13,0,13,0,13,0,13,0,13,0,13,0,13,0,13,0,13,0,13,10,15,0,13,2574,482,1089,159,45,45,0,13,59,36,30,31,0,13,29,42,86,69,168,96,172,64,133,52,159,52,173,66,35,27,1485,423,32,23,28,32,224,153,49,37,16,22,129,129,53,39,148,79,238,144,191,73,144,84,153,51,80,49
05143010113,Census Tract 101.13; Washington County; Arkansas,7841,844,368,236,109,162,0,18,0,18,46,74,0,18,0,18,0,18,0,18,0,18,56,87,7,12,0,18,0,18,0,18,259,133,0,18,22,36,16,28,0,18,0,18,0,18,0,18,65,75,49,56,16,28,25,36,3,6,63,53,7473,890,3757,385,286,123,30,32,589,142,142,88,52,52,85,80,164,107,418,139,658,160,405,155,386,166,319,96,223,80,3716,756,310,151,28,29,633,422,80,57,15,21,133,172,32,32,477,161,597,203,386,144,433,167,422,86,170,89
05143010114,Census Tract 101.14; Washington County; Arkansas,3057,492,679,385,286,193,75,72,0,13,0,13,36,57,0,13,0,13,38,64,78,65,0,13,39,60,20,33,0,13,0,13,393,218,96,76,48,74,0,13,0,13,0,13,0,13,65,57,118,76,0,13,50,58,16,27,0,13,0,13,2378,426,1153,380,28,33,0,13,68,64,25,34,0,13,0,13,288,349,184,87,239,95,26,34,58,45,132,75,105,84,1225,236,10,15,0,13,52,56,26,36,0,13,92,100,90,71,359,109,96,67,54,51,117,64,112,84,217,85
05143010115,Census Tract 101.15; Washington County; Arkansas,3858,924,170,176,50,73,20,34,0,13,0,13,0,13,0,13,0,13,0,13,0,13,22,38,8,16,0,13,0,13,0,13,120,108,0,13,0,13,22,40,23,40,12,19,0,13,0,13,24,29,0,13,24,30,0,13,9,14,6,9,3688,923,1487,337,96,92,59,78,165,110,34,29,23,25,7,12,53,56,273,87,282,133,113,55,144,60,105,54,133,91,2201,805,107,70,29,45,140,106,12,16,24,37,23,27,64,54,275,105,521,404,494,401,146,66,148,86,218,110
05143010201,Census Tract 102.01; Washington County; Arkansas,3710,1006,443,276,163,127,43,55,0,13,0,13,33,46,0,13,29,41,9,15,19,32,17,31,13,22,0,13,0,13,0,13,280,169,21,34,0,13,44,62,0,13,0,13,14,24,21,30,28,46,43,47,55,63,16,27,38,45,0,13,3267,1065,1848,748,211,149,14,24,302,286,12,18,0,13,102,108,427,276,205,133,273,214,168,106,51,58,36,36,47,53,1419,412,190,181,25,43,42,46,52,54,18,29,0,13,204,157,188,122,97,63,172,111,189,105,114,81,128,88
05143010202,Census Tract 102.02; Washington County; Arkansas,3610,636,1004,656,621,426,89,93,0,13,47,54,84,113,0,13,80,101,65,83,162,123,0,13,65,70,0,13,0,13,29,42,383,343,72,86,0,13,29,60,0,13,0,13,20,44,99,119,45,75,86,101,21,56,11,20,0,13,0,13,2606,427,1358,278,166,137,40,62,223,127,51,54,6,14,55,69,162,112,253,160,173,135,53,66,117,104,7,15,52,67,1248,243,119,97,27,47,242,177,8,19,0,13,63,87,18,40,401,117,171,111,106,62,27,44,6,13,60,72
05143010303,Census Tract 103.03; Washington County; Arkansas,6475,898,612,368,287,198,17,26,12,20,22,52,0,18,6,23,6,24,62,60,11,17,12,20,4,15,129,107,0,18,6,9,325,210,38,45,44,67,7,25,7,25,0,18,0,18,38,54,65,49,16,26,43,63,53,60,0,18,14,16,5863,972,3094,582,206,137,9,14,274,166,252,159,59,81,84,81,364,164,98,59,531,168,587,265,348,163,160,77,122,85,2769,573,56,47,70,88,430,209,42,49,80,89,78,74,152,86,623,275,353,113,293,120,218,99,187,115,187,199
05143010304,Census Tract 103.04; Washington County; Arkansas,5316,901,552,449,394,383,136,197,0,18,0,18,0,18,0,18,0,18,127,181,17,27,46,72,52,78,16,24,0,18,0,18,158,130,0,18,0,18,0,18,0,18,0,18,0,18,99,110,6,15,0,18,0,18,53,62,0,18,0,18,4764,744,2378,603,234,132,231,236,163,127,149,124,22,33,65,71,273,147,296,187,396,256,289,146,192,109,37,47,31,30,2386,407,172,148,32,43,341,158,319,179,52,50,69,75,204,156,183,127,503,170,180,122,168,83,91,54,72,81
05143010305,Census Tract 103.05; Washington County; Arkansas,5472,1091,606,332,217,162,17,29,0,18,16,28,28,50,0,18,0,18,0,18,36,49,31,39,64,73,13,22,0,18,12,19,389,236,13,22,0,18,26,39,40,52,0,18,60,93,27,43,42,54,107,94,0,18,49,54,25,39,0,18,4866,1135,2485,635,80,107,30,47,206,178,33,50,107,119,56,51,441,271,438,232,235,120,538,238,251,159,49,39,21,23,2381,603,107,75,46,56,175,111,209,124,17,30,121,100,322,177,290,153,434,199,264,160,198,101,174,174,24,27
05143010306,Census Tract 103.06; Washington County; Arkansas,4599,578,1369,585,625,305,0,13,68,60,26,38,55,64,90,96,66,69,29,43,44,58,52,77,81,111,44,48,30,46,40,46,744,341,92,86,0,13,146,93,0,13,0,13,125,166,99,78,75,62,112,103,5,13,84,69,6,11,0,13,3230,682,1843,418,161,124,0,13,169,108,45,54,21,36,184,113,102,73,429,184,113,87,181,90,233,143,170,126,35,39,1387,338,90,81,0,13,132,109,60,53,0,13,49,80,62,52,216,138,214,98,202,120,230,132,55,44,77,69
05143010307,Census Tract 103.07; Washington County; Arkansas,4951,952,763,459,435,303,12,36,0,13,38,58,65,82,0,13,0,13,64,81,169,219,25,74,26,48,36,51,0,13,0,13,328,249,53,71,0,13,17,50,0,13,0,13,0,13,71,73,23,57,56,78,58,56,0,13,50,73,0,13,4188,838,2324,560,76,119,155,164,68,68,142,111,85,74,11,22,421,158,692,352,37,61,252,148,316,169,69,67,0,13,1864,432,190,114,0,13,70,79,41,66,118,113,71,74,240,117,261,152,432,190,182,113,184,158,8,22,67,58
05143010401,Census Tract 104.01; Washington County; Arkansas,6306,717,514,194,183,81,0,18,0,18,39,82,0,18,77,53,0,18,0,18,0,18,0,18,60,38,0,18,0,18,7,11,331,144,23,39,12,19,11,20,0,18,0,18,0,18,79,51,47,47,96,67,0,18,0,18,0,18,63,83,5792,663,3161,567,167,151,12,18,563,292,365,348,40,51,117,100,185,101,207,111,776,202,392,103,178,117,121,61,38,30,2631,414,89,89,74,105,360,208,31,37,0,18,35,52,227,126,334,157,424,166,364,133,223,114,351,223,119,67
05143010402,Census Tract 104.02; Washington County; Arkansas,5652,705,731,386,271,161,0,18,0,18,50,57,22,36,0,18,0,18,45,62,47,69,79,78,0,18,15,25,8,12,5,9,460,246,116,94,0,18,69,75,12,21,0,18,0,18,96,75,58,45,45,46,0,18,19,21,15,13,30,23,4921,713,2589,487,264,148,15,24,240,108,45,40,16,18,88,70,306,132,453,225,268,107,316,118,283,142,239,128,56,37,2332,361,176,82,13,23,226,114,147,104,25,31,129,92,329,146,350,154,213,81,296,121,98,59,197,64,133,64
05143010404,Census Tract 104.04; Washington County; Arkansas,2768,792,1628,783,827,446,240,158,0,13,66,91,130,204,0,13,143,212,64,63,79,83,29,43,59,73,17,27,0,13,0,13,801,367,221,203,0,13,91,97,0,13,59,86,0,13,80,81,75,60,180,132,22,37,5,8,0,13,68,61,1140,394,655,215,0,13,0,13,24,42,49,53,30,40,0,13,51,36,95,75,118,114,35,37,102,79,111,98,40,37,485,276,0,13,32,56,112,148,0,13,0,13,32,48,13,21,105,83,54,52,49,31,26,34,29,26,33,26
05143010405,Census Tract 104.05; Washington County; Arkansas,5778,1235,1036,713,469,378,0,18,0,18,47,50,0,18,0,18,0,18,0,18,82,74,195,188,145,151,0,18,0,18,0,18,567,358,42,44,0,18,146,138,18,30,0,18,0,18,0,18,299,255,1,4,0,18,0,18,44,70,17,26,4742,752,2386,486,93,88,0,18,151,87,35,64,44,55,95,84,232,214,347,179,424,172,442,230,155,141,291,105,77,38,2356,432,79,68,0,18,240,208,134,99,75,71,40,60,67,85,221,129,439,137,380,195,302,150,177,87,202,93
05143010501,Census Tract 105.01; Washington County; Arkansas,8003,727,375,251,133,80,0,18,0,18,10,17,0,18,0,18,0,18,0,18,31,53,0,18,13,20,55,75,24,29,0,18,242,211,8,14,0,18,87,129,0,18,0,18,0,18,3,7,66,63,26,46,3,4,28,28,16,24,5,9,7628,739,3843,468,242,157,72,64,296,166,107,65,0,18,64,53,394,181,433,182,386,145,678,249,480,125,452,219,239,237,3785,477,256,119,191,178,187,141,58,57,46,51,232,128,310,271,361,147,363,128,476,133,603,170,425,117,277,295
05143010508,Census Tract 105.08; Washington County; Arkansas,6973,715,616,266,244,146,34,49,0,18,36,44,0,18,0,18,0,18,8,15,41,47,49,56,22,35,25,39,18,29,11,18,372,171,23,39,0,18,0,18,28,45,0,18,0,18,43,71,54,54,36,37,102,122,15,26,42,41,29,33,6357,733,3495,531,448,152,88,115,421,245,80,86,0,18,81,64,170,93,504,207,466,160,325,131,383,140,452,310,77,57,2862,411,100,92,27,42,244,138,55,63,39,35,25,56,309,125,361,143,492,153,442,139,401,179,227,98,140,93
05143010510,Census Tract 105.10; Washington County; Arkansas,4706,662,220,125,170,110,10,16,0,13,0,13,11,17,0,13,0,13,8,12,51,53,34,38,0,13,35,56,21,33,0,13,50,48,8,14,0,13,0,13,12,18,0,13,0,13,7,13,0,13,13,20,0,13,0,13,10,16,0,13,4486,665,2288,447,78,51,0,13,147,106,165,108,48,47,142,104,152,106,286,162,478,271,136,89,378,136,212,108,66,38,2198,319,131,75,62,76,220,150,80,63,34,46,12,19,218,119,235,103,280,174,259,101,306,139,202,97,159,78
05143010511,Census Tract 105.11; Washington County; Arkansas,5787,719,706,368,340,309,18,29,17,30,0,18,0,18,0,18,0,18,172,274,14,24,64,74,55,87,0,18,0,18,0,18,366,185,0,18,19,32,0,18,0,18,0,18,0,18,29,34,151,136,98,112,0,18,25,40,0,18,44,43,5081,651,2631,493,378,193,0,18,183,150,62,66,0,18,127,119,189,141,455,163,477,157,196,138,387,249,132,112,45,46,2450,392,51,50,46,69,212,176,90,70,32,52,26,42,293,145,391,135,549,216,120,81,299,129,274,144,67,58
05143010512,Census Tract 105.12; Washington County; Arkansas,5033,911,563,335,269,249,0,18,0,18,49,69,49,69,0,18,44,62,75,78,0,18,0,18,26,40,3,5,23,37,0,18,294,131,0,18,0,18,0,18,0,18,0,18,0,18,161,105,0,18,52,69,47,59,2,5,18,26,14,21,4470,1021,2306,508,154,187,41,53,262,170,114,108,0,18,31,35,316,123,204,101,333,165,248,96,308,139,218,117,77,54,2164,606,246,161,22,44,66,105,4,11,330,276,61,73,171,110,234,119,222,147,313,167,167,103,218,74,110,91
05143010513,Census Tract 105.13; Washington County; Arkansas,3242,552,345,201,107,107,36,32,0,13,48,54,0,13,0,13,0,13,0,13,18,31,5,10,0,13,0,13,0,13,0,13,238,110,31,27,0,13,8,12,20,33,0,13,0,13,16,28,43,37,23,38,41,32,20,26,13,15,23,21,2897,535,1586,320,200,124,7,11,144,55,23,30,0,13,50,38,208,116,213,112,187,96,166,76,113,79,199,128,76,38,1311,265,11,14,0,13,166,90,67,61,0,13,43,36,81,65,232,124,145,72,196,104,163,91,76,33,131,103
05143010514,Census Tract 105.14; Washington County; Arkansas,3916,594,602,481,232,169,151,150,0,13,0,13,30,46,0,13,0,13,10,18,16,27,0,13,0,13,0,13,17,27,8,14,370,323,12,19,115,116,0,13,0,13,0,13,0,13,0,13,117,120,16,26,66,88,15,26,10,16,19,22,3314,509,1652,293,142,112,39,40,31,36,53,48,24,40,80,66,130,105,199,102,151,93,483,183,82,60,111,61,127,53,1662,291,163,78,89,80,108,101,49,68,50,57,13,21,134,77,248,109,268,123,198,90,111,67,113,55,118,64
05143010515,Census Tract 105.15; Washington County; Arkansas,6804,819,262,234,222,223,0,18,0,18,0,18,0,18,0,18,0,18,0,18,47,60,0,18,0,18,26,45,57,101,92,99,40,66,0,18,0,18,0,18,0,18,0,18,0,18,0,18,0,18,0,18,0,18,0,18,0,18,40,66,6542,813,3305,478,111,87,23,45,293,189,143,117,0,18,196,121,159,129,464,200,653,350,321,174,557,171,168,110,217,119,3237,481,294,171,26,48,88,96,162,114,25,47,51,50,203,119,609,281,483,175,234,128,561,193,190,102,311,161
05143010516,Census Tract 105.16; Washington County; Arkansas,4414,781,746,302,478,197,72,70,0,13,19,32,0,13,0,13,0,13,176,129,117,72,56,77,0,13,19,34,0,13,19,30,268,145,26,45,0,13,0,13,0,13,0,13,0,13,111,98,68,63,0,13,0,13,48,50,15,27,0,13,3668,823,1962,487,42,51,0,13,8,18,37,73,10,22,11,22,319,144,724,260,376,257,82,68,290,311,17,29,46,46,1706,474,43,48,0,13,177,179,0,13,0,13,59,66,319,201,710,282,143,96,90,104,69,54,80,74,16,25
05143010517,Census Tract 105.17; Washington County; Arkansas,5482,539,31,37,0,18,0,18,0,18,0,18,0,18,0,18,0,18,0,18,0,18,0,18,0,18,0,18,0,18,0,18,31,37,0,18,0,18,0,18,0,18,0,18,0,18,13,22,0,18,0,18,0,18,0,18,0,18,18,30,5451,539,2585,316,286,120,8,16,199,194,73,71,0,18,171,110,63,64,627,222,426,138,264,86,228,97,109,75,131,49,2866,376,340,166,8,16,155,83,88,71,0,18,0,18,98,69,617,162,338,123,403,191,481,240,220,111,118,65
05143010518,Census Tract 105.18; Washington County; Arkansas,4055,535,316,194,153,136,0,13,0,13,0,13,29,45,0,13,0,13,0,13,0,13,74,110,0,13,0,13,50,74,0,13,163,131,26,40,0,13,23,41,0,13,0,13,0,13,65,85,0,13,49,55,0,13,0,13,0,13,0,13,3739,559,1695,310,93,86,56,91,98,82,48,56,0,13,59,55,190,96,259,122,255,123,184,96,214,83,135,72,104,58,2044,376,174,101,41,56,154,116,109,74,17,29,58,72,137,89,289,132,221,90,263,142,199,85,310,109,72,51
05143010519,Census Tract 105.19; Washington County; Arkansas,4816,735,355,300,159,180,27,39,0,13,51,87,16,26,23,40,0,13,0,13,8,16,0,13,8,12,26,44,0,13,0,13,196,150,0,13,0,13,53,87,23,38,0,13,0,13,4,9,9,17,25,33,26,33,36,60,9,15,11,12,4461,690,2208,324,172,103,45,36,128,66,84,74,24,22,147,90,220,105,397,140,229,94,287,106,271,125,141,64,63,36,2253,439,293,185,6,12,258,136,150,110,63,56,49,42,141,112,257,110,254,94,221,69,217,91,193,64,151,67
05143010520,Census Tract 105.20; Washington County; Arkansas,3886,543,626,451,97,93,0,13,0,13,0,13,0,13,0,13,0,13,0,13,97,93,0,13,0,13,0,13,0,13,0,13,529,434,0,13,0,13,0,13,0,13,0,13,0,13,514,434,7,12,0,13,0,13,0,13,8,13,0,13,3260,459,1650,294,128,91,0,13,226,126,41,48,44,56,39,29,228,125,296,123,252,106,242,103,84,62,63,52,7,14,1610,288,84,59,34,44,41,46,40,46,0,13,56,60,307,120,322,118,245,105,177,115,215,169,80,57,9,15
05143010521,Census Tract 105.21; Washington County; Arkansas,3537,584,587,301,148,158,10,21,0,13,0,13,5,9,0,13,0,13,119,151,0,13,0,13,0,13,14,25,0,13,0,13,439,277,12,21,0,13,0,13,8,22,0,13,0,13,336,254,61,104,0,13,8,21,14,25,0,13,0,13,2950,541,1597,313,107,139,0,13,245,93,0,13,0,13,23,46,262,191,579,248,124,95,62,69,87,77,79,56,29,24,1353,346,83,80,0,13,25,42,0,13,0,13,76,116,444,233,424,159,50,69,105,53,122,112,24,22,0,13
05143010601,Census Tract 106.01; Washington County; Arkansas,2954,478,1216,420,483,215,18,30,0,13,40,45,0,13,0,13,0,13,374,191,38,42,13,24,0,13,0,13,0,13,0,13,733,349,136,121,0,13,46,55,18,30,0,13,0,13,267,196,92,71,54,52,43,74,77,112,0,13,0,13,1738,384,886,312,0,13,0,13,23,31,84,88,6,18,42,53,367,260,94,58,87,82,61,41,25,36,73,59,24,33,852,228,55,84,0,13,0,13,7,11,0,13,0,13,212,97,222,175,75,62,76,46,31,39,100,55,74,57
05143010602,Census Tract 106.02; Washington County; Arkansas,3834,552,1026,403,406,197,0,13,0,13,113,138,47,65,0,13,0,13,82,89,25,39,79,70,19,33,41,41,0,13,0,13,620,278,0,13,0,13,23,43,24,43,0,13,0,13,281,200,58,75,41,45,144,136,17,29,32,40,0,13,2808,575,1517,344,85,67,0,13,59,45,29,49,0,13,0,13,142,120,516,223,444,208,109,77,33,24,91,92,9,14,1291,370,28,31,0,13,38,54,7,14,0,13,0,13,199,127,419,175,112,115,76,52,246,198,123,111,43,43
05143010703,Census Tract 107.03; Washington County; Arkansas,3369,629,1290,528,507,265,62,65,0,13,129,141,0,13,24,32,0,13,72,97,106,78,48,39,12,20,24,39,30,27,0,13,783,330,131,151,30,48,26,33,116,108,0,13,0,13,238,127,73,67,57,57,28,32,74,60,10,16,0,13,2079,413,1221,332,169,114,0,13,0,13,0,13,0,13,0,13,203,126,619,284,90,90,55,57,45,48,40,52,0,13,858,229,97,104,0,13,0,13,36,58,0,13,0,13,191,79,376,126,64,64,48,54,28,31,9,15,9,20
05143010704,Census Tract 107.04; Washington County; Arkansas,3447,577,1321,441,767,309,13,24,15,27,0,13,0,13,0,13,0,13,469,208,56,51,63,63,151,216,0,13,0,13,0,13,554,264,36,60,0,13,70,85,0,13,0,13,0,13,175,163,89,85,121,114,40,65,23,25,0,13,0,13,2126,467,1034,320,15,25,0,13,30,49,26,40,0,13,75,66,275,192,404,165,139,88,43,48,10,16,17,28,0,13,1092,355,33,54,0,13,43,66,59,60,0,13,0,13,349,213,295,161,197,130,59,61,57,60,0,13,0,13
05143010705,Census Tract 107.05; Washington County; Arkansas,3683,755,773,689,355,332,89,131,0,13,23,36,0,13,0,13,0,13,0,13,188,207,0,13,55,54,0,13,0,13,0,13,418,365,141,181,0,13,18,27,18,25,31,46,0,13,0,13,123,177,0,13,25,30,11,19,41,55,10,16,2910,330,1580,262,59,77,0,13,74,68,67,61,72,90,29,42,87,69,307,161,335,129,115,94,260,133,59,47,116,97,1330,217,23,24,8,15,73,71,31,39,0,13,71,82,64,51,297,124,130,75,87,71,217,87,218,115,111,91
05143010706,Census Tract 107.06; Washington County; Arkansas,1936,252,312,185,222,174,0,13,0,13,0,13,0,13,0,13,0,13,193,169,6,18,0,13,0,13,0,13,23,28,0,13,90,67,0,13,0,13,0,13,0,13,0,13,0,13,66,66,0,13,0,13,0,13,24,28,0,13,0,13,1624,201,886,165,38,52,0,13,12,19,21,27,0,13,0,13,285,136,107,67,152,41,103,62,98,48,45,35,25,18,738,130,85,59,6,14,64,63,17,25,0,13,1,8,26,28,72,64,155,72,149,64,69,40,58,27,36,26
05143011002,Census Tract 110.02; Washington County; Arkansas,5750,781,1128,536,587,356,19,31,0,18,72,82,0,18,62,95,13,22,173,171,24,31,14,24,71,84,17,27,0,18,122,80,541,276,13,22,0,18,23,35,84,130,0,18,18,28,40,47,57,53,49,58,86,113,76,81,60,43,35,34,4622,667,2187,342,124,96,9,14,170,113,198,176,17,27,33,30,194,88,343,130,260,113,293,106,233,93,206,100,107,66,2435,432,139,80,31,30,185,97,186,172,0,18,50,46,104,65,222,121,390,147,459,292,330,168,189,89,150,73
05143011003,Census Tract 110.03; Washington County; Arkansas,4686,725,380,171,109,68,0,13,0,13,10,15,10,15,0,13,0,13,0,13,19,30,22,20,4,7,13,17,18,24,13,18,271,137,10,15,0,13,13,22,0,13,0,13,7,12,47,40,8,13,14,21,59,83,38,25,60,49,15,19,4306,739,2187,458,60,66,51,58,129,86,158,129,57,76,7,8,175,137,371,131,238,109,265,111,342,87,218,81,116,64,2119,362,74,52,0,13,165,109,92,63,17,17,105,86,133,81,247,107,321,140,222,86,340,100,251,86,152,66
05143011004,Census Tract 110.04; Washington County; Arkansas,4286,703,491,289,328,214,44,52,0,13,99,138,11,15,4,6,0,13,9,11,32,48,33,32,15,18,63,54,10,14,8,13,163,98,24,40,0,13,0,13,0,13,0,13,0,13,16,19,39,46,45,32,0,13,11,16,10,15,18,19,3795,702,1763,324,36,27,30,31,100,67,64,50,57,59,103,116,61,43,215,172,187,88,94,68,499,210,227,61,90,72,2032,415,206,147,52,59,59,35,106,114,0,13,51,38,87,77,217,145,102,55,132,68,389,118,455,250,176,105
05143011005,Census Tract 110.05; Washington County; Arkansas,3989,552,130,126,76,85,0,13,0,13,22,37,0,13,0,13,30,46,0,13,0,13,0,13,8,13,0,13,8,14,8,14,54,49,0,13,0,13,0,13,0,13,0,13,0,13,33,34,0,13,13,22,0,13,0,13,8,14,0,13,3859,565,1878,343,225,182,42,46,154,63,24,31,8,13,0,13,110,89,465,206,166,83,224,126,199,77,146,78,115,75,1981,291,142,98,47,52,199,88,123,76,6,19,0,13,144,80,430,210,123,66,355,177,198,109,129,58,85,65
05143011006,Census Tract 110.06; Washington County; Arkansas,6295,624,313,193,199,154,15,23,0,18,0,18,0,18,0,18,0,18,19,28,40,46,0,18,18,23,28,46,67,98,12,20,114,92,0,18,0,18,0,18,0,18,0,18,0,18,0,18,18,22,3,6,0,18,78,84,2,4,13,23,5982,636,3069,399,252,176,10,14,296,133,226,152,125,88,129,92,166,114,448,182,475,160,434,149,200,86,167,65,141,80,2913,348,150,90,0,18,144,66,127,110,131,81,94,96,168,100,374,156,500,121,452,155,283,117,190,77,300,154
05143011103,Census Tract 111.03; Washington County; Arkansas,4551,786,424,148,123,68,9,14,0,13,17,21,0,13,0,13,7,12,9,12,11,16,35,30,0,13,9,15,16,21,10,15,301,110,0,13,0,13,10,16,10,16,10,16,19,22,7,11,0,13,41,33,45,56,45,36,45,48,69,57,4127,826,2080,244,94,57,59,45,63,46,39,31,21,17,127,80,166,97,210,102,240,92,389,114,240,121,311,156,121,81,2047,669,77,62,6,9,83,60,48,44,0,13,59,43,230,216,159,76,376,264,345,112,219,110,315,183,130,80
05143011104,Census Tract 111.04; Washington County; Arkansas,4030,989,2174,771,1051,480,0,13,0,13,169,214,44,42,0,13,0,13,553,458,0,13,34,43,133,110,59,78,22,34,37,59,1123,482,84,141,0,13,48,47,25,25,0,13,0,13,531,219,119,137,77,99,0,13,108,112,93,107,38,37,1856,681,842,421,24,39,0,13,0,13,0,13,71,109,71,109,183,145,88,66,92,90,145,112,0,13,133,127,35,28,1014,509,0,13,0,13,192,291,33,54,0,13,29,65,218,187,43,53,126,133,112,87,34,29,190,115,37,35
05143011105,Census Tract 111.05; Washington County; Arkansas,4445,773,1996,690,1177,625,40,52,12,19,11,19,0,18,0,18,0,18,1058,627,11,17,37,62,0,18,8,3,0,18,0,18,819,426,58,60,0,18,12,21,0,18,0,18,0,18,623,376,70,85,38,63,2,5,0,18,0,18,16,25,2449,555,1071,326,28,44,0,18,22,64,159,119,3,9,103,117,138,101,148,114,192,148,112,109,23,39,66,68,77,69,1378,343,3,5,0,18,0,18,208,127,54,85,0,18,256,164,152,112,215,150,127,84,113,92,90,80,160,107
05143011106,Census Tract 111.06; Washington County; Arkansas,3860,224,175,116,67,50,24,27,0,13,0,13,12,16,0,13,0,13,4,6,11,18,0,13,0,13,5,11,7,10,4,6,108,84,10,16,13,20,0,13,0,13,0,13,18,22,13,17,11,18,24,28,14,21,0,13,0,13,5,8,3685,249,1886,212,127,59,36,31,125,77,107,63,8,10,79,64,207,126,285,100,321,100,159,47,288,131,40,30,104,36,1799,198,122,59,48,50,105,50,120,73,9,16,32,46,137,72,272,83,299,89,246,79,208,87,81,39,120,49
05143011107,Census Tract 111.07; Washington County; Arkansas,5313,758,745,428,502,313,27,44,0,18,109,89,27,43,0,18,116,96,39,53,21,34,87,78,44,63,0,18,0,18,32,40,243,138,0,18,0,18,34,37,34,37,0,18,25,52,17,28,23,38,19,27,43,63,27,43,0,18,21,34,4568,873,2234,442,90,89,0,18,143,104,156,123,0,18,149,90,122,121,183,96,458,277,228,141,378,156,206,108,121,69,2334,516,112,94,37,42,256,165,79,63,142,133,32,67,171,102,231,133,405,175,152,95,351,111,287,120,79,69
05143011200,Census Tract 112; Washington County; Arkansas,2340,891,170,104,38,49,0,13,0,13,0,13,8,13,0,13,0,13,0,13,0,13,22,39,0,13,0,13,8,12,0,13,132,84,0,13,0,13,0,13,0,13,0,13,0,13,10,10,36,58,23,21,32,39,9,13,0,13,22,31,2170,897,912,435,5,9,0,13,0,13,66,95,0,13,66,82,41,36,146,93,335,217,165,176,63,55,12,19,13,14,1258,513,15,23,7,11,260,160,107,116,32,42,14,27,34,29,151,63,175,89,291,344,99,66,19,15,54,53
05143011301,Census Tract 113.01; Washington County; Arkansas,2111,681,1014,363,592,332,0,18,0,18,0,18,0,18,0,18,0,18,576,337,16,25,0,18,0,18,0,18,0,18,0,18,422,228,0,18,0,18,0,18,0,18,0,18,30,47,335,228,21,28,0,18,29,48,0,18,0,18,7,12,1097,423,761,440,0,18,7,14,0,18,0,18,0,18,8,14,622,470,75,63,9,14,0,18,21,27,0,18,19,32,336,180,0,18,0,18,0,18,0,18,0,18,0,18,172,141,51,46,65,81,22,25,8,14,0,18,18,32
05143011302,Census Tract 113.02; Washington County; Arkansas,2605,487,1192,410,524,197,0,13,0,13,0,13,0,13,0,13,0,13,237,156,153,99,0,13,12,18,29,28,93,73,0,13,668,354,35,55,0,13,0,13,0,13,0,13,0,13,570,345,18,29,17,20,0,13,5,7,23,28,0,13,1413,280,820,208,0,13,0,13,58,27,0,13,0,13,0,13,46,41,212,112,66,65,247,101,149,122,34,31,8,13,593,166,0,13,0,13,18,28,0,13,0,13,0,13,133,93,197,93,58,61,36,36,100,74,42,39,9,14
05145070100,Census Tract 701; White County; Arkansas,3315,381,903,331,407,182,46,50,27,31,41,39,19,21,2,3,2,3,76,77,25,28,29,24,70,64,67,78,3,4,0,13,496,181,56,48,9,11,85,61,0,13,6,11,0,13,99,96,77,52,16,21,85,78,22,15,22,18,19,16,2412,364,1225,206,85,57,4,7,75,36,36,23,31,36,22,20,92,43,99,66,181,71,144,52,262,109,113,67,81,41,1187,207,11,15,6,5,82,60,22,25,14,22,17,14,112,66,104,53,133,61,162,76,254,92,142,71,128,49
05145070200,Census Tract 702; White County; Arkansas,5634,853,636,329,280,194,20,28,0,18,32,38,62,58,14,21,45,46,15,15,20,31,36,42,7,10,8,7,19,31,2,4,356,186,13,24,0,18,47,59,22,32,18,28,20,28,28,34,53,55,47,42,31,32,57,45,2,4,18,17,4998,789,2599,597,78,70,38,48,330,183,231,144,45,49,38,34,80,56,448,191,224,119,277,141,351,201,308,134,151,79,2399,369,137,105,22,34,311,117,166,114,35,49,48,64,132,101,249,106,314,140,363,164,222,119,253,122,147,88
05145070300,Census Tract 703; White County; Arkansas,5012,718,734,340,299,164,5,7,2,5,50,74,36,55,25,32,9,15,5,6,50,51,31,32,0,18,68,66,3,5,15,22,435,223,22,32,0,18,39,41,23,32,0,18,35,41,2,4,92,66,19,29,0,18,131,94,25,39,47,49,4278,680,2260,431,234,146,0,18,214,185,64,57,13,18,146,96,96,70,321,172,253,98,207,106,342,105,269,121,101,46,2018,310,201,163,0,18,89,71,83,58,9,13,125,79,66,61,289,168,277,102,164,78,271,120,254,110,190,103
05145070401,Census Tract 704.01; White County; Arkansas,5469,765,924,657,314,242,0,18,0,18,72,102,11,20,0,18,1,12,2,7,0,18,69,95,22,27,119,130,0,18,18,17,610,455,209,202,0,18,18,30,16,27,0,18,4,6,100,110,17,30,91,103,87,109,27,43,0,18,41,51,4545,912,2438,486,135,134,57,57,160,89,219,182,0,18,27,42,203,110,549,221,197,111,328,146,334,190,122,71,107,54,2107,551,104,67,0,18,84,72,106,153,0,18,14,21,307,247,314,155,236,121,330,188,259,140,246,148,107,55
05145070402,Census Tract 704.02; White County; Arkansas,4258,678,1122,434,469,207,98,90,0,13,47,46,18,23,18,25,0,13,39,43,102,92,53,60,13,21,42,43,23,29,16,25,653,300,118,116,30,31,43,47,11,18,0,13,0,13,116,68,197,167,12,17,44,44,42,46,12,15,28,30,3136,742,1646,401,268,140,0,13,132,110,83,68,57,62,24,29,345,149,269,132,114,76,150,73,42,30,152,72,10,14,1490,447,73,61,13,21,140,154,61,67,0,13,47,60,102,74,250,164,101,82,186,103,239,117,225,136,53,33
05145070501,Census Tract 705.01; White County; Arkansas,3350,759,381,221,146,136,53,92,0,13,0,13,0,13,0,13,0,13,0,13,18,33,0,13,14,29,15,26,46,50,0,13,235,124,0,13,0,13,20,33,0,13,0,13,0,13,0,13,60,65,0,13,0,13,8,18,127,98,20,26,2969,757,1627,474,0,13,0,13,82,74,93,72,7,12,25,31,71,80,328,322,327,171,216,84,207,137,162,91,109,64,1342,348,93,91,7,20,72,75,83,101,20,28,34,49,22,30,69,76,161,75,230,143,370,229,117,82,64,53
05145070502,Census Tract 705.02; White County; Arkansas,2554,429,559,319,104,59,0,13,0,13,2,5,9,8,0,13,0,13,0,13,0,13,5,7,52,57,13,17,11,14,12,15,455,288,78,92,2,5,68,63,0,13,2,4,0,13,19,33,185,156,27,29,58,54,11,14,2,3,3,5,1995,335,961,180,52,53,0,13,66,32,90,77,18,18,27,29,89,53,111,51,120,68,93,70,102,41,117,107,76,52,1034,198,16,13,4,6,154,65,17,14,6,9,19,15,21,22,123,74,195,134,89,44,165,71,171,96,54,37
05145070600,Census Tract 706; White County; Arkansas,3580,312,702,250,302,147,72,86,0,13,17,16,35,51,5,9,19,28,38,47,47,36,23,28,15,22,23,38,3,5,5,8,400,147,23,32,0,13,36,39,11,17,0,13,0,13,17,23,46,52,85,64,16,28,87,45,22,25,57,58,2878,345,1578,234,56,40,26,22,192,113,59,40,17,20,47,35,126,64,194,100,178,88,222,109,178,78,141,61,142,72,1300,186,48,36,16,22,69,45,62,48,48,45,39,32,89,52,163,84,145,61,177,64,216,83,161,79,67,38
05145070700,Census Tract 707; White County; Arkansas,3598,569,1088,454,473,254,18,23,0,13,87,77,12,20,20,31,40,45,63,67,70,68,14,24,29,34,113,104,0,13,7,11,615,255,10,21,27,38,26,38,31,46,0,13,0,13,62,55,99,89,61,60,119,123,89,74,49,45,42,39,2510,394,1251,270,54,59,19,25,43,43,33,36,45,41,8,14,52,43,52,46,106,74,228,121,268,129,203,99,140,66,1259,218,12,22,23,34,45,41,23,34,11,19,16,26,76,58,138,96,94,62,109,67,243,92,173,69,296,76
05145070801,Census Tract 708.01; White County; Arkansas,1065,333,505,278,230,203,43,63,0,13,20,29,0,13,0,13,0,13,159,142,0,13,0,13,0,13,8,12,0,13,0,13,275,164,0,13,0,13,0,13,0,13,0,13,0,13,199,170,35,34,0,13,0,13,33,52,0,13,8,13,560,212,207,95,0,13,0,13,6,16,0,13,0,13,24,32,20,27,13,20,0,13,4,12,47,53,21,24,72,41,353,160,0,13,0,13,6,16,0,13,0,13,0,13,100,93,29,39,0,13,19,19,38,45,21,22,140,101
05145070802,Census Tract 708.02; White County; Arkansas,2668,439,749,385,223,129,62,64,0,13,40,47,0,13,0,13,47,68,57,53,7,20,0,13,0,13,0,13,10,17,0,13,526,306,34,35,19,30,6,14,0,13,0,13,66,95,207,248,37,48,30,33,66,94,44,37,9,16,8,13,1919,393,812,179,34,45,0,13,118,53,67,45,0,13,14,22,73,53,174,116,95,77,27,41,109,64,69,61,32,33,1107,326,28,33,0,13,63,79,0,13,90,97,81,71,202,155,156,89,180,143,18,31,75,44,156,92,58,55
05145070901,Census Tract 709.01; White County; Arkansas,4528,657,315,168,126,81,13,22,0,13,13,25,13,25,9,17,13,21,11,20,20,32,0,13,34,31,0,13,0,13,0,13,189,111,28,34,0,13,0,13,14,26,0,13,13,23,28,34,0,13,14,20,61,52,27,32,0,13,4,8,4213,724,2403,523,238,228,29,35,278,120,150,104,68,55,56,55,222,140,128,114,401,148,261,125,338,141,139,78,95,60,1810,325,67,61,48,53,61,53,89,104,53,62,67,62,53,51,289,148,271,106,209,103,268,118,213,104,122,65
05145070902,Census Tract 709.02; White County; Arkansas,4607,583,180,142,61,90,0,13,0,13,0,13,0,13,0,13,0,13,0,13,0,13,34,51,0,13,27,39,0,13,0,13,119,75,0,13,0,13,9,17,0,13,0,13,0,13,9,14,0,13,34,41,0,13,25,37,13,20,29,43,4427,589,2050,235,23,27,63,72,134,78,89,61,21,32,56,56,65,81,179,88,425,139,317,78,250,113,257,80,171,65,2377,463,104,84,3,5,328,207,91,75,11,15,200,116,67,72,200,124,373,160,401,162,223,80,255,82,121,56
05145071001,Census Tract 710.01; White County; Arkansas,3098,470,226,166,148,114,23,37,0,13,0,13,0,13,15,21,14,21,0,13,0,13,38,35,2,6,44,48,0,13,12,20,78,60,0,13,0,13,0,13,0,13,0,13,0,13,0,13,15,25,19,29,0,13,33,43,0,13,11,19,2872,460,1386,282,72,60,21,28,50,35,27,31,4,7,9,15,24,20,174,81,163,67,206,155,272,114,279,160,85,91,1486,245,45,39,32,40,132,75,89,53,47,44,0,13,30,29,165,76,157,66,224,107,282,172,126,50,157,99
05145071002,Census Tract 710.02; White County; Arkansas,3850,660,491,318,309,216,0,13,10,15,45,58,10,17,0,13,0,13,0,13,11,18,0,13,188,182,0,13,39,63,6,11,182,120,0,13,0,13,0,13,32,53,0,13,0,13,20,24,23,29,0,13,72,78,0,13,35,59,0,13,3359,663,1618,325,44,45,0,13,21,25,52,49,15,25,50,52,96,76,163,129,153,92,488,219,158,74,214,102,164,66,1741,426,54,63,52,84,171,175,16,26,16,25,82,91,40,35,207,129,196,107,391,164,135,81,131,86,250,140
05145071101,Census Tract 711.01; White County; Arkansas,3769,551,1103,372,420,148,46,39,5,8,38,33,75,72,3,6,0,13,60,57,65,47,10,10,33,23,66,58,16,15,3,5,683,257,28,26,3,5,65,49,55,56,2,3,27,39,89,62,127,108,71,53,44,45,86,66,48,31,38,29,2666,583,1327,311,35,36,26,35,43,37,28,34,1,3,75,74,56,35,253,138,118,60,122,54,304,179,104,48,162,87,1339,328,98,73,0,13,159,96,7,8,17,24,12,11,19,16,99,68,141,106,136,84,213,78,270,131,168,99
05145071102,Census Tract 711.02; White County; Arkansas,3100,411,434,153,169,72,18,26,0,13,2,3,4,7,9,15,0,13,25,21,14,19,6,8,44,41,15,13,12,12,20,18,265,112,6,7,0,13,29,34,0,13,0,13,51,48,40,35,2,3,26,17,35,33,44,41,24,17,8,12,2666,415,1288,223,73,68,0,13,110,57,41,31,5,7,37,26,164,73,187,82,92,55,133,59,309,118,82,36,55,25,1378,296,160,107,13,14,63,57,28,26,18,15,27,35,181,134,194,115,173,73,123,71,243,76,88,43,67,27
05145071201,Census Tract 712.01; White County; Arkansas,5192,917,334,171,166,132,0,18,13,25,14,25,0,18,0,18,0,18,115,128,0,18,0,18,3,6,13,20,8,17,0,18,168,163,0,18,0,18,0,18,0,18,0,18,0,18,126,152,14,26,0,18,16,29,0,18,0,18,12,18,4858,922,2426,450,165,146,0,18,246,127,50,47,66,66,67,68,139,137,328,221,524,227,286,150,228,163,227,118,100,50,2432,558,44,58,0,18,112,153,245,204,21,35,47,78,135,168,557,257,256,155,237,124,353,190,277,129,148,91
05145071202,Census Tract 712.02; White County; Arkansas,5555,815,804,416,291,212,18,40,0,18,0,18,0,18,0,18,0,18,12,25,105,168,66,74,0,18,90,91,0,18,0,18,513,333,0,18,0,18,42,65,93,102,0,18,0,18,17,41,0,18,29,48,103,103,106,133,123,116,0,18,4751,859,2307,524,85,96,0,18,308,261,142,129,17,28,49,56,122,95,169,121,468,261,311,186,262,179,216,152,158,109,2444,636,125,91,0,18,316,178,166,190,37,62,135,149,24,42,202,112,572,327,274,200,176,123,269,159,148,120
05147490100,Census Tract 4901; Woodruff County; Arkansas,3744,220,822,163,349,92,43,26,0,13,19,18,17,19,9,11,5,6,25,20,43,34,80,51,9,12,38,28,32,15,29,28,473,111,10,16,12,15,39,30,20,31,2,4,11,15,15,18,61,34,44,30,48,38,72,38,79,45,60,35,2922,248,1604,170,75,50,23,21,78,47,85,45,128,91,29,24,175,54,111,49,173,68,245,42,185,65,226,61,71,32,1318,145,46,30,0,13,77,47,31,30,35,22,31,25,47,32,165,37,170,55,205,50,127,51,233,53,151,54
05147490200,Census Tract 4902; Woodruff County; Arkansas,2232,217,539,179,211,107,61,47,13,16,0,13,26,31,0,13,0,13,14,21,15,24,22,32,21,26,11,15,28,35,0,13,328,128,17,26,0,13,70,66,0,13,0,13,0,13,72,49,14,22,20,25,39,34,69,45,27,24,0,13,1693,220,893,133,93,69,29,34,38,38,13,24,0,13,0,13,34,44,94,50,76,49,76,53,188,68,160,67,92,34,800,131,22,30,0,13,19,44,9,15,0,13,34,33,82,46,52,32,129,56,77,48,152,53,110,57,114,64
05149952301,Census Tract 9523.01; Yell County; Arkansas,2600,446,339,160,215,125,24,26,0,13,0,13,0,13,0,13,0,13,35,39,19,24,23,39,81,91,13,19,20,24,0,13,124,77,0,13,0,13,0,13,11,20,0,13,0,13,23,28,8,11,0,13,15,19,38,39,18,15,11,17,2261,456,1201,351,84,63,96,124,39,57,60,61,40,59,85,35,80,38,91,89,145,100,206,95,137,88,130,62,8,13,1060,188,41,56,10,17,45,61,63,39,0,13,23,27,204,95,50,37,103,61,105,57,152,79,128,67,136,72
05149952302,Census Tract 9523.02; Yell County; Arkansas,2979,428,86,91,43,59,11,16,0,13,0,13,0,13,0,13,0,13,10,20,11,16,0,13,0,13,0,13,10,16,1,7,43,36,0,13,0,13,0,13,0,13,0,13,0,13,12,17,16,15,0,13,0,13,4,15,10,16,1,7,2893,433,1398,248,67,70,27,35,137,96,66,54,0,13,9,17,159,67,203,100,147,73,107,81,278,75,114,67,84,57,1495,267,133,80,0,13,192,116,66,50,0,13,84,38,81,72,179,100,212,109,177,66,160,73,138,53,73,47
05149952401,Census Tract 9524.01; Yell County; Arkansas,2608,401,361,139,163,61,6,10,2,6,17,15,11,9,2,4,5,5,26,25,20,18,13,10,3,6,32,27,24,27,2,3,198,108,16,15,0,13,9,8,0,13,0,13,3,4,1,4,89,79,31,38,17,17,13,15,3,5,16,12,2247,342,1138,212,125,67,16,23,88,49,24,25,8,10,27,34,108,55,181,76,98,45,116,65,158,55,111,47,78,39,1109,206,44,28,6,10,68,44,28,24,15,18,78,43,71,52,69,29,270,133,108,48,150,51,128,36,74,36
05149952402,Census Tract 9524.02; Yell County; Arkansas,5130,524,460,272,141,94,7,14,9,18,10,18,15,27,0,18,0,18,25,35,0,18,18,35,20,27,0,18,21,26,16,24,319,217,0,18,14,22,53,69,29,34,0,18,17,31,0,18,9,18,127,150,19,31,36,37,0,18,15,25,4670,603,2435,408,125,77,0,18,198,106,92,76,0,18,83,95,99,64,328,142,469,205,277,96,381,100,186,89,197,84,2235,337,121,85,64,58,339,166,52,52,44,50,33,39,111,71,244,71,146,113,298,120,367,143,172,66,244,101
05149952500,Census Tract 9525; Yell County; Arkansas,3983,410,1196,292,589,196,79,51,0,13,172,97,20,30,14,15,11,17,36,45,71,53,53,40,11,11,81,44,21,27,20,21,607,158,53,34,0,13,49,33,23,26,3,5,33,37,79,44,105,50,33,30,67,55,113,50,7,7,42,23,2787,450,1555,297,38,46,26,30,85,49,57,52,17,29,73,80,167,67,234,122,158,91,225,90,253,116,174,75,48,36,1232,216,47,48,0,13,34,29,25,25,11,14,29,26,98,67,214,94,52,39,298,139,160,82,177,59,87,47
05149952600,Census Tract 9526; Yell County; Arkansas,2446,318,179,94,45,47,2,5,0,13,0,13,0,13,0,13,0,13,0,13,0,13,0,13,29,45,5,8,9,13,0,13,134,84,0,13,0,13,15,24,0,13,0,13,0,13,0,13,5,9,16,27,4,3,42,33,49,55,3,4,2267,326,1120,185,19,29,0,13,96,51,11,20,0,13,79,74,58,44,148,71,108,57,130,73,181,59,207,74,83,41,1147,189,118,93,5,9,43,31,42,41,0,13,45,34,79,56,105,48,133,93,137,67,174,74,193,73,73,37
